Date,Brent,Advanced,Petro Rabigh,SABIC,Saudi Chemical,Saudi_Kayan,Sipchem,Tasnee,Yansab
2020-01-06,4.772557792692034,-4.0080192124978264,-4.977373112462313,-1.6059956911075535,-2.559869446628693,-3.7634415953091582,-3.247479864977665,-4.978040357040026,-2.4911058841161515
2020-01-07,-2.1494661921708236,0.8350794931991867,-1.1428578467749806,-0.9793269977536045,0.3389888041256839,-0.7448782626717443,0.11573234734010285,-0.7704116434674502,-0.5474438708708229
2020-01-08,-2.080302589467553,-1.2422360248447228,-1.1560700844493232,-0.5494505494505475,-1.3513540725275774,-0.9380809495948217,-0.5780258874628963,-1.7080765921899888,-1.6513789465668172
2020-01-09,-1.0845342445401918,1.6771424491450748,4.970761708387839,1.6574585635359185,1.6267169250861357,3.030300019967558,3.2558107040844053,4.8973135310567795,1.6791073722016048
2020-01-13,-3.6647641934514863,2.783505329785241,4.363966683210596,0.7608662480893535,2.2746377072127455,3.1250013695920176,3.603600120498074,3.7650603166701435,1.467888508367965
2020-01-14,0.4833177424384161,1.103316119214326,-0.2668965270382406,0.5393743435387233,1.2355836787358632,-0.5347630854610319,0.0,0.145141205741961,0.5424941070514278
2020-01-15,-1.799844840961995,-0.19841875348770577,-2.1409468952911737,-0.8583642151915205,-0.08136106942665533,-1.9713285845592954,-0.4347822030686066,-0.5797095840604838,-0.539566987938267
2020-01-16,2.1172381102859683,0.994038879154191,-1.731991748933237,0.432902077135644,0.7328944140645222,-0.18281083049782598,-0.32750800732452845,-0.14577592838489473,0.3616650374299146
2020-01-20,0.0,0.0,-0.09276811595850809,0.10775697287999098,1.4551339403594987,-0.9157544026653697,-0.21906306147839727,-1.8978119160702578,0.36036173502604907
2020-01-21,-1.5008509979885454,-0.787398594755595,0.2785501234727539,-0.968785264904648,1.3944257356044432,-0.3696854249650605,0.21954400128891827,-0.5952375461590109,-0.3590677921005092
2020-01-22,-2.4348099277411217,0.19840967087518813,-0.2777763770315578,-0.21738798721978592,-0.1964681450304262,-0.18552416126863536,-0.10953153073919308,0.2994009197675007,-0.36036173502603797
2020-01-23,-1.3685396876509492,-1.1881188477807059,-1.7641613168541181,-0.9803937864484191,-1.3779467692029423,-1.3011184046908042,-0.9868437907592509,-1.7910431190332088,-2.8933065030655847
2020-01-27,-4.440091413646751,-2.6052074426320737,-5.387528646885132,-2.6402656607168895,-0.7584851312472995,-5.273064707880659,-4.3189302456392635,-3.951364058652418,-2.234638260503752
2020-01-28,1.4178339596856881,0.0,-0.5993976100264975,0.4519791252868943,-0.08045428040939218,0.19880221923609387,-0.3472301557105095,0.3164553858114205,-0.3809538341703833
2020-01-29,0.1515917129863542,-0.30864197530864335,-0.9045180747621062,-1.9122660837546213,1.046699807873419,-0.1984077801659767,-0.11613560518280996,0.7886390014879785,0.1912089680251805
2020-01-30,-2.9263370332996974,-0.5160021708107365,1.4198803128138815,0.3440402090104211,0.1992077474070042,-1.0934453853209014,0.4651158148692103,0.3129887534334852,0.5725176113065222
2020-02-03,-6.44490644490644,-3.526964846217051,-2.3000041934977955,-1.3714250837053577,-1.9483110438040852,-2.7135629071866063,-2.6620426709634937,-2.964119527977338,-2.2770412629354975
2020-02-04,-0.18518518518518823,-0.7526914535030294,-0.30706088840152246,0.8111204211920686,1.3787477204728837,0.5165210277298771,-0.11890878791054327,-1.2861724502339578,-0.19417179440989196
2020-02-05,2.7087198515769906,0.3250270963369939,-2.8747474311169863,-0.6896534185299896,0.3999996185302779,-0.3083220388754082,-0.47619004368509854,-0.9771977863882841,-1.55642612453043
2020-02-06,-0.32514450867051625,0.43196875263546985,-0.4228284624140377,-0.11573897263317257,-1.1155329894849797,-0.618551207445106,-1.43540538860234,-0.6578941176802577,-0.19762544888658473
2020-02-10,-3.2439289597680276,0.21505048198084964,-2.8662419921861138,-2.6651251105731744,-0.16116787827546997,-0.6224109697076652,-1.0922348918424474,0.6622510282393135,1.3861401246325844
2020-02-11,1.1425360554411013,-1.0729646829421458,-2.7322464542310243,-0.5952380952380931,1.0895960305902896,-1.774531081918651,2.3312950055313086,-1.3157882353605488,-0.9765624854480848
2020-02-12,2.851851851851861,0.7592224491291377,0.22472052779454188,0.11975865164202126,-0.5988065556445155,-0.6376138885792026,-1.0791385004946807,-0.5000034968058231,0.19723564618601142
2020-02-13,1.4404033129276295,-0.10764591500849185,-9.977576806934563,-2.033489209654027,-0.32128100291302086,-2.4598982516243706,-1.5757589629202151,-1.6750403374697242,-0.5905496881222105
2020-02-17,2.6446574369896947,-0.21551396702169656,-2.2415912246555814,-1.0989029415274465,-0.24174221150801145,-1.3157882353605488,-0.24629931491653156,1.0221455527988699,-0.3960411147315934
2020-02-18,-0.8300190212692349,-0.9719222782513137,0.0,-0.24690981264468004,-1.4539584945619688,0.11111365424261166,-0.6172862762975684,0.0,-0.19880412651659407
2020-02-19,4.132519616390584,0.9814613194676358,3.566875390517099,2.5990079143634492,1.4754103486559034,3.107655114964847,1.9875756971566405,1.517709193814687,2.589639875105898
2020-02-20,-0.25117213663764515,0.6479481855008684,2.214027763728965,1.3268980143235742,0.565425628667704,1.3993553818592908,2.1924519407969134,1.993353587031299,0.7767019919978857
2020-02-24,-4.801074366291758,-1.394853105499283,-5.655834922189074,-3.4523827689034614,-3.132532866096749,-4.4585994999182805,-5.840288771207181,-5.048859112711646,-3.6608891522508125
2020-02-25,-2.503967554223241,-1.1969499687684793,0.5101899049849923,-0.12330268311041559,-2.6533952259544913,-0.5555576748318192,-1.8987353614766667,0.5145833653678489,0.19999694824217595
2020-02-26,-0.5968529571351078,-1.211450424243088,0.25380872917495356,-0.9876580885898933,-2.2146526694249324,-0.7821195119105395,-1.4193565614761816,-1.0238897851962414,-0.1995977588157838
2020-02-27,-5.040029112081523,0.0,0.0,0.0,-1.2195172605289906,0.0,0.0,1.551718496397636,0.0
2020-03-02,0.6323050392795571,-6.466001172528224,-5.569612683074531,-7.3566011483666145,-3.4391461250513955,-3.9414456864763525,-2.486911787183843,-3.9049240116659,-3.0999984741210906
2020-03-03,-0.5331302361005319,1.7878427348755999,2.2788210358944294,5.248982148449732,3.0136978546465354,2.696371666010955,0.5369122533839921,3.003534997826418,1.547987591722988
2020-03-04,-0.727411944869838,0.0,0.0,0.3836356310299882,0.0,0.0,0.0,-1.3722114022807652,0.304873391982996
2020-03-05,-1.0991129965291169,2.3419168849084793,-3.0144134315273075,-0.25477318247412173,-1.1524832626144677,-0.5707784181330444,-1.6021347026178523,-0.6956515104874494,-0.3039467392492279
2020-03-09,-31.117176837590176,-12.12814031662166,-18.91892687523884,-18.13538189551569,-12.107622359514247,-18.714122931137155,-18.86024271464628,-18.91418417672268,-15.447158884077028
2020-03-10,0.6793093688083784,6.7708253860473855,6.666674987099541,8.424339554483806,5.714285019187826,9.88700979725261,8.026756146195702,8.207345681389988,7.2115387260561326
2020-03-11,-3.148720832161922,0.6097635862593043,-6.250007312879891,-3.597122302158273,-1.1582977373939096,-1.1568142694189931,-4.179566243531497,-5.688628966647292,-1.3452881045931675
2020-03-12,-9.956458635703925,-4.242431640624977,-8.333323878295973,-1.3432858595207597,-1.1718831399771923,-2.4707419480713755,-2.9079131934523716,-3.5978852851884846,-2.386361902410339
2020-03-16,-9.800128949065112,-1.8987343239108223,-9.818193678079368,-6.202720981493348,-2.1739086901572557,-5.466664632161455,-6.322797004478941,-8.562017150016954,-8.963916694829122
2020-03-17,-0.03573981415296856,2.7096776327556027,0.604842569849029,3.3870943130985376,1.313132456450683,0.1410402232647101,1.5985732490463755,1.800715725139379,0.3836356310299882
2020-03-18,-18.519842688594924,0.6281484194155196,0.801608291607625,0.0,-0.8973083897903633,0.0,-1.2237709334229407,-0.23584322133207714,0.2547731824741106
2020-03-19,5.221588415971934,3.7453183520599342,2.9820990551610027,3.9001560990821416,4.627760904786493,0.0,0.8849506735176815,2.836876714373293,5.463790620710918
2020-03-23,-0.9591326105087616,-1.5643839371333512,-4.247105033602805,-2.252252303853819,-1.346148026765237,-4.225348139821284,-1.5789417326723454,-3.4482781300222087,-4.698797019131218
2020-03-24,3.157894736842115,2.8117323154638996,2.8225849342408793,2.6113742204041834,3.2163734536487354,3.9705878434296737,4.991082465372143,4.047621047956418,3.6662472589398254
2020-03-25,4.571428571428582,0.3567182185164608,1.5686240484756198,0.5987932308542776,-1.7941504373933936,0.14143920511855423,-1.3582330308911983,0.6865036749196918,-0.12194935868425905
2020-03-26,-8.079625292740044,2.843602101374043,1.5444113883189337,2.6785760915200463,-2.9807710823928746,1.5536742189232067,0.8605884892822102,2.5000029802321633,0.0
2020-03-30,-18.513800424628446,-1.6128998233707392,-0.9505763089295627,-0.1449253248131832,0.39643884379980676,-0.2781638493372318,2.901025126632395,0.9977737732386638,0.48840234240106195
2020-03-31,-22.61594580510683,4.215456825111863,2.6871440777370914,1.596514440871144,1.3820275228709766,1.1157590356317693,1.824206514923854,0.9879270689316044,1.093552689078714
2020-04-01,0.8080808080808133,-0.44944164659962427,3.7383094920072635,0.7142857142857117,2.1421689823681644,0.0,0.0,-2.1739110153428554,3.1250074505808856
2020-04-02,35.20374081496325,1.4672721685248025,9.909911788485681,7.801418439716312,-0.4766439574301007,5.931032115015489,5.700324303637183,3.5555521647135713,6.410256182254659
2020-04-06,11.561264822134397,-1.2235784044302922,19.836063414942263,3.289473684210531,0.0,10.807297123634996,6.16332988403967,5.257518678510209,2.5191624813631464
2020-04-07,-2.1257750221434724,1.576573139912374,3.9671796010339655,1.6560548430035738,4.885057241581592,1.8801391669660772,1.5965186595934266,2.956166661044457,0.6410240212631813
2020-04-08,14.117647058823524,1.3303769851439995,-2.8947370778264148,-0.7518873190098363,-2.6484057635893676,-0.8073782492299619,4.571431023733963,0.19801488449491256,-1.5923567394850013
2020-04-09,-19.785884218873907,0.0,0.8130040053379695,0.505052451126109,0.18761484797571448,-0.5813975408954342,-3.5519156118110518,-0.7905130890387913,1.0787486870774465
2020-04-14,7.464162135442409,-2.6258206566014075,-7.795702392889892,-1.2562814311172565,-0.7490652171947554,-4.678369161184904,-2.691218962611708,-1.9920299803290464,-4.162213472257248
2020-04-15,-8.923643054277818,-1.12359897308687,-4.956269928558621,-0.763356852123398,-2.735842096716079,-1.8404862030818592,-2.3289643388267556,-2.439022026387294,-2.0044576732590413
2020-04-16,-5.606060606060604,-2.045454687323467,1.687122089256543,-2.179483266977167,-3.0067912293876953,-2.249997854232788,-1.4903115359770291,-1.8750031044084903,-2.61363983154298
2020-04-20,-7.1161048689138635,0.23202565855837687,4.223223617597438,-3.407609435810799,0.3999948501586914,0.8951367428083667,2.874433485365757,0.2123089588893734,-1.166861185075585
2020-04-21,-47.46543778801844,-0.5787107679578796,-5.499281800287282,-3.934862980416365,0.09960625312122051,-4.435993796644599,-3.382353126796478,-2.96609899806608,-1.7709563802187689
2020-04-22,50.986842105263165,0.5820793236820831,3.062796348109331,-0.8474662113743037,-0.09950713778968945,3.050398146380906,2.8919338242941572,1.746723254120086,1.0817326428975704
2020-04-23,9.368191721132902,1.62036683824327,1.188704680602437,0.14245884310986057,0.8964206577836142,1.15830312495262,3.254434655959182,2.038632406427343,2.2592170753291674
2020-04-27,0.7304116865869847,1.1389556794031641,1.4684281059622606,1.5647203789041608,3.849953987332966,3.0534382172842545,4.441259913072182,3.364875784675414,-0.3488407578579378
2020-04-28,2.8345418589321048,-0.900907774229287,-2.460193608515149,-0.14005388233059302,0.2851617529475936,0.7407341125519329,0.4115255139277574,-0.6103709705804761,0.11669324046306162
2020-04-29,14.48717948717948,0.2272796788496123,0.445091494396177,0.7012622420745851,0.8530865772480078,1.7156905139790402,3.825132874384085,1.1258920319684895,0.46619333596418233
2020-04-30,1.399776035834277,1.2471620728369492,1.1816914449545468,4.317546437827335,0.4699243592416691,4.5783145266081515,1.184212548911101,2.83400536161873,4.408356364605792
2020-05-04,12.64494754279404,-4.479286885167733,-5.547450449422597,-7.877171436158625,-6.641719325799544,-8.640558185118286,-10.793236898961178,-7.874017743599026,-1.6666666666666718
2020-05-05,24.803921568627473,3.3997729320296433,3.8639964495121193,2.753625399824511,2.705405782797099,2.1437649030406014,1.3119486005698455,2.243590233437298,0.9039582505737886
2020-05-06,-4.948939512961514,-1.5873085073873083,0.446416179782938,-0.2820938975067855,1.0731743852842035,0.1234478362543534,-0.7194203635955354,-1.4628985800716143,0.8958515061859629
2020-05-07,0.12396694214875659,-0.691244288237558,-3.1111058218929233,0.14145135478411675,1.3513454425115423,-0.739820819757786,-2.173914395568488,-1.802757908720709,-0.9988918325425034
2020-05-11,5.365249690466367,3.4802786686999543,-0.15291137427457802,3.107340188437413,1.2380963842344883,-0.745346809876557,3.2592561509874107,0.43196502013322924,3.8116610338582824
2020-05-12,4.465334900117512,5.3811662874891475,1.531403386632979,4.109589041095885,0.9407329072601112,2.5031265956738213,3.012913120061911,3.118279095756793,2.1598272494129045
2020-05-13,4.574428196475444,-2.340419190778986,-0.4524864111866256,2.236838089792359,-1.4911382943360807,0.12210292300611769,-0.8356538191369944,1.0427468842993282,-0.21141326793667758
2020-05-14,7.099318752240946,1.6339869281045694,-0.15152126212567563,-2.187898346218209,-1.986757506322212,-0.7317008211950138,-1.6853916782002765,-0.8255926436571692,1.6949136104436047
2020-05-18,11.48309340475393,6.7524115755627,3.945376180268445,4.6052631578947345,0.48262501613813846,3.439800014269956,3.571428571428581,4.890741767115925,3.7499984105427986
2020-05-19,-0.7207207207207023,0.6024096385542244,0.0,3.1446540880503138,0.8645479019222524,0.9501178501326812,0.0,-0.7936500427734416,1.4056240435010414
2020-05-20,5.1421657592256365,-2.7944142233111924,-2.043798580117917,0.0,-0.47619004368509854,0.0,-0.8275854176488462,-0.2999973297119096,0.19801678043780413
2020-05-21,0.05753739930955959,-0.5133439054498923,0.5961188207851409,1.2195121951219523,-0.7655518221055146,-2.3529389325310235,0.1390786086939544,-1.303912848135358,-1.3833932200614352
2020-06-01,5.635422656699252,2.9927729084026744,5.0370390391704545,6.024096385542177,1.8322135476479762,4.216860478944429,1.2500021523900395,6.707315418471116,4.008015909504059
2020-06-02,2.667392487751763,-0.3006012115968182,-0.2820796465487718,1.8181800842285156,0.18939150204835276,0.0,-0.2743481622931476,-0.19048055013021203,-0.19268263175000744
2020-06-03,0.6892895015906619,0.20100196419727823,-1.5558652421170382,-1.7857126131349377,-1.606801554948889,-2.543344775220613,-2.0632750448551618,-3.0534323358943016,-0.7721963650058505
2020-06-04,1.132174828857302,-1.705112389482455,-0.5747162413139217,0.11363462968305704,0.19212048360266465,-0.9489907569390832,-0.9831417970412093,-0.3937004178520276,0.5836560859040052
2020-06-08,3.254360843530324,4.081635894203517,1.300571466797562,0.5675368997275054,3.0680791348537406,2.8742486245961096,0.7092157807798927,1.1857696335581869,-0.19342802193932362
2020-06-09,1.991931417044901,0.0,-0.9985652513470833,0.11286509688857027,-0.5581434135373597,0.11641709783698495,-0.28168987598808926,-1.1718739086063357,0.1938028910379197
2020-06-10,1.8046971569839254,-0.588235294117645,0.43226465697161487,-0.11273785519907431,4.303087331007727,0.5813864516596823,-0.4237250465320197,0.3952565445193956,-0.19342802193932362
2020-06-11,-8.305002428363284,-0.39448032717732673,-0.2869361145697136,0.45146899860923906,1.7040299582029794,-0.23120814995774008,0.7092157807798927,-0.19684551564682629,0.1938028910379197
2020-06-15,4.449152542372881,0.39604263746937374,-0.7194241080882624,-0.22471567218222965,-1.3227501269095443,0.0,1.8309875519307628,-0.7889538559901044,-0.3868486653540226
2020-06-16,3.321501014198791,2.3668639053254337,0.7246373236911019,0.6756739341229334,1.4298510299299405,2.085750901376926,1.2448153852069321,3.7773274842574978,0.9708737864077666
2020-06-17,-0.6871165644171784,1.1560693641618602,-0.14388090355912375,-0.4474289922278274,-0.6167374045144114,-1.9296261997379327,-1.3661253978772825,-1.91570706229659,0.3846168518066406
2020-06-18,3.1628366691376364,0.0,0.5763626852220982,2.4719066834182124,1.9503506000095205,0.34721911781376846,1.5235475998744308,1.1718739086063357,1.7241335211255482
2020-06-22,3.473053892215572,0.0,-3.295135199663368,-1.864031803868349,-1.5652180042519115,-2.883506318339779,-2.4556593480510536,-1.9305001534071664,-3.013179887191264
2020-06-23,-1.1111111111111183,2.285714285714291,0.7407505272885251,-0.5586592178770999,2.6501742224857905,0.11876756284112666,0.0,0.9842557379092787,1.1650455808176474
2020-06-24,-5.4307116104868935,-1.3035438580219827,-1.6176522558222217,-1.34831117780021,2.4096486895902824,-1.6607394810744913,-1.1188800369091978,-1.3645257329395921,-0.9596929263795628
2020-06-25,1.9306930693069324,-1.3207519140136847,0.14948286965998925,-0.11390216405422482,0.6722602200422978,-0.12063002325516381,0.9900946693721213,1.5810261780775825,-0.5813938874649316
2020-06-29,0.9713453132588645,2.485656810801551,0.44775893442561276,1.2542829438920267,-1.3355520723709824,-0.24153991225044358,0.980394579416588,3.112846856135554,0.3898650407678117
2020-06-30,0.14430014430015792,-0.746265852416661,0.0,-0.7882934161935973,-2.7072811962480348,-0.72639731179307,0.0,-1.5094414653619381,-0.5825227904088237
2020-07-01,1.2968299711815456,-2.2556391624404593,0.0,0.0,0.6086930110909217,0.7317124513698703,-0.13869942897262177,0.19157527363558025,0.3906264842953311
2020-07-02,2.39449976292081,1.923074045124773,-0.1485842918212077,1.2485794474153211,1.7286172061771632,1.5738512208069988,0.8333391834190129,0.5736177762703853,2.334624343616021
2020-07-06,-1.0650613567955602,-0.3773527542605404,2.3809470745542294,-0.22421183305447734,0.6796853604110975,0.47675757111096395,2.4793364003288243,0.5703371039124328,0.9505703697805234
2020-07-07,1.2871518839223217,-1.3257633556019055,-0.2906995153127867,0.22471567218222965,0.6751068859715215,0.35586870563661943,0.8064508376086854,0.5671117206934806,-0.5649703308499121
2020-07-08,0.901109057301297,-0.5758157726919455,-0.8746311997906542,-0.4484236661089436,-0.4191110983652546,-0.8274195568390486,-1.3333320617675781,2.8195416107182236,-3.0303001841675226
2020-07-09,-3.0226700251889227,-0.19304725871126527,0.0,-0.11261948207066386,0.16835804049624148,-0.35757670343106174,0.675671800720723,-0.5484412088092694,1.9531249708961695
2020-07-13,1.1806375442739103,-1.3539622723035216,-0.8823484950189697,-0.563697877342384,0.1680650550105689,0.7177083980951515,-0.5369122533839477,-0.5514744392057458,-0.19157526313555717
2020-07-14,0.28004667444574416,0.0,-0.8902132897995352,0.11338560881619664,-1.09060495812624,1.1876529758149568,-1.2145705479624902,-1.1090562748951482,-0.19193565652551037
2020-07-15,2.3039329764952265,1.5686214671415621,1.7964083450904278,0.11324855114951404,0.9329972015645005,1.1737021411106552,0.9562799615116857,-0.7476628517019468,-0.5769216097318175
2020-07-16,-0.5686988171064611,-1.1583012265416026,-0.8823484950189697,-0.22624951830817475,1.092427866362189,-1.3921100597706015,0.27063574137824453,-0.5649667287093818,-0.19342802193932362
2020-07-20,-0.9380004575612055,-0.19530953140913798,-2.819003700864009,-1.814057289661819,0.5818860337343468,-2.2352891809800046,-1.8893369685357042,-2.8409107842227943,-0.3875909964270341
2020-07-21,2.3325635103926157,1.761252498776078,0.45802339142266835,1.0392627502734397,0.41322273338813,-0.1203396916590882,0.6877605346085724,0.779726334516595,0.0
2020-07-22,-0.7447528774543133,0.7692278574203515,-0.1519818159809505,0.11428397042410054,0.24691530028131403,-0.6024119227211244,0.0,0.19341879878358448,0.194549554771406
2020-07-23,-2.3192360163710735,-0.19083679378812946,-0.6088318858059383,0.4566227543908896,1.1494202249610508,-0.4848480224609375,-0.2732237767417045,-0.9652454740281646,-0.38835099599894285
2020-07-27,1.000931098696456,-1.147227566931741,-0.612550929496547,0.5681818181818121,1.8668832818162562,-0.6090157186667722,0.0,1.3645164378684793,0.19493623841249086
2020-07-28,-0.6453099792578909,-0.3868501581852257,-1.6949102762123802,0.4519791252868943,-0.3984059960658093,-0.3676437932864096,-0.27397233430073165,-0.7692300638503013,0.7782056406754112
2020-08-05,4.198561818603586,0.3883525004475308,0.3134815973209859,-1.0123751523411606,1.0000038146972923,-0.3690004003555236,-0.412090782194352,1.1627896231359847,0.0
2020-08-06,0.2671415850400649,0.3868501581852479,-1.0937621825930943,-0.2272692593661252,-0.19802432681456095,0.37036705627595534,0.6896578032395073,-0.19156613882376217,0.7722037292863915
2020-08-10,-1.8872113676731805,-0.7707187895140688,0.31595778797930407,-0.22779563859333107,3.174600171093722,2.4600222195555244,3.4246574447668987,2.4952037138017857,0.0
2020-08-11,-1.15410726408689,2.9126215318177717,3.6220542674012313,0.3424692431318155,-0.3846150319251618,3.001200507679891,3.04635779156317,1.4981258692902122,1.9157087842611054
2020-08-12,3.2280219780219888,1.6981133053250996,-0.303953286024794,0.341291714625247,-0.3861000306814355,-0.5827528109495161,-1.2853519122487223,-0.18450606533335634,1.5037579428341719
2020-08-13,-0.48791306276337876,0.0,0.0,0.0,0.0,0.0,0.0,0.0,0.0
2020-08-17,0.08914642299977515,3.7105781801795024,0.3048799787386036,0.4535164849423179,2.7131850283478087,0.5861687256752957,-1.1718708041976944,3.5120159441657917,1.1111082854094123
2020-08-18,0.9574704965486625,1.431129781245466,1.3677742682060012,0.2257388048320763,-0.3773581171086948,0.6993055961564965,1.054017418942732,0.8928605640421639,0.5494561541059539
2020-08-19,-0.28672254080283066,0.35272830377812703,0.29985198769439947,-0.7882934161935973,-0.5681857692471315,-0.5787058882874341,1.173404846058057,0.3539819573261882,0.3642931560719598
2020-08-20,-1.4377350143773504,0.35149654939494734,-0.5979111269898807,0.3405256038068405,-0.9523845854259694,1.3969718676073661,1.4175213071236703,0.17636246755068363,-0.18148543900242675
2020-08-24,-0.2917414721723577,-0.17512868089902822,1.503758782734832,0.11312044388576137,1.3461571967109176,4.707231292955716,0.2541293674376277,2.992959180135557,0.0
2020-08-25,3.556155750618939,-0.3508798699629945,-0.5925863023076849,-0.11299262612552985,-1.138518842442049,-0.43859607845350146,-0.8871951331907768,-1.1965759994079117,0.5454531582919087
2020-08-26,-0.4781569224081683,0.17605365635118275,-0.14902716882266853,0.11312044388576137,0.7677535808090719,0.11013468024074768,4.092073716583977,2.2491285966245833,0.0
2020-08-27,-2.0746887966804906,-1.230225855298095,-1.1940272120137596,-0.2259852522510597,1.7142886207217156,-0.11001351720535402,-0.4914000020385667,1.3536366458805293,-2.1699833263926216
2020-09-01,1.9625334522747506,-1.2455489201542047,9.063439262193175,-0.5662513960581816,2.99625173858038,0.8810564358837647,-2.098772162036089,0.500838246321833,0.0
2020-09-02,-6.605424321959752,1.261258511929908,0.0,1.8223216611711335,-0.3636360168457031,1.0917072394709626,0.3783128683198633,0.33222559783856465,2.2181160753885765
2020-09-03,0.04683840749413193,0.7117410764793775,-1.3850408721606922,0.4474289922278274,0.0,0.7559362105185707,-0.125631015501404,-0.33112551411967894,0.0
2020-09-07,-4.798689138576773,1.236754575089316,-0.28090064900012646,-2.0044576732590413,0.9124122365115728,-0.21435695876632632,-0.12578304760488823,-0.664451195677096,-0.7233231766729853
2020-09-08,-5.2618637816572384,4.013956279654796,-2.1126750434993014,0.0,-0.18083595845256317,-1.2889455835098595,0.0,1.1705714287309155,1.0928933651090489
2020-09-09,3.7633013236439083,-0.8389210970537464,1.4388482161765248,0.0,-0.7246369925949403,-0.5440613639120739,-1.2594446336512521,-0.6611563734210346,1.0810783317497075
2020-09-10,-1.7758879439719655,3.384089590934347,-0.7092195157373027,0.11363462968305704,0.7299263086460783,1.5317219298652818,1.6581586106328094,1.6638918606359798,3.3868120812077906
2020-09-14,-1.782531194295911,-0.16366363194062483,1.8571400090541479,0.0,1.4492739851898806,5.603453369897693,1.1292425570174958,2.29132346033305,2.4137957342739824
2020-09-15,2.514907959554047,1.9672131639627777,-0.42075526084907056,1.0215681514946562,9.999999148505069,0.8163257362146625,1.1166153130033551,1.1200027465820384,-0.6734032249218647
2020-09-16,4.274152756702065,0.803860993802008,0.14084116761730048,0.4494399167178642,9.902599815333968,-0.607291689490963,-0.8588920012347456,-1.265829088137238,0.6779686879303526
2020-09-17,2.716468590831922,-3.030307897540352,0.4219484022087716,0.5592841067852294,-4.874444972463543,0.9164985273403259,0.24753042020448923,-0.32051252660429963,1.8518492354614668
2020-09-21,-4.675324675324688,-1.4802632321941567,0.0,0.11123300603315123,-3.5714288358679736,2.119072062365479,-0.24691922002160194,-0.32154311255849777,-1.9834723354371087
2020-09-22,1.1642308645033683,-1.669446619480086,-0.28011380749689563,-0.4444461398654509,1.6103044125327814,3.5573089006745384,-0.24751861730442082,0.0,-0.5059009121758273
2020-09-24,0.9794319294808895,-1.6977903226270241,0.0,-0.8928520490927738,-0.4754315886408178,-0.9541930549938904,-0.24814462434759044,0.322580347448187,-0.3389843439651763
2020-09-28,0.8486905916585963,-0.17271684241416674,5.056182998182002,0.11261089041045835,2.3885288776901437,7.32177476399547,1.4925358971198843,4.180068129452863,-0.6802682251218939
2020-09-29,-3.029574416927161,1.2110780081608485,0.4010674867854336,-0.33746124477903594,5.754282617015893,-1.7953389297634348,-0.8578394133967882,-1.2345667202249944,-0.5137038423276064
2020-09-30,-0.07438631291842857,1.025641025641022,4.127832904041906,-0.22573019377715164,-1.7647111622106082,6.764175074735701,2.1013606067679103,3.5937502444721714,1.0327062040898616
2020-10-01,-1.3647642679900707,0.16920215587326037,4.475700909114111,0.11312044388576137,-1.197603679070025,0.6849308357518291,2.663429869956224,2.7149294906732013,-1.0221503935604392
2020-10-05,0.07547169811321641,0.506756769818395,-4.52876309676512,-0.2259852522510597,-1.9696987321116577,-3.0612296202803257,-1.886790755296608,-2.4963300693444435,-1.0326996383456688
2020-10-06,3.7456008044243427,0.8403387205066615,1.1538403129832453,0.5662513960581927,1.3910379521855365,0.5263194879337796,1.5625014328040088,1.9578330881763195,2.60869565217392
2020-10-07,-1.5749939423310044,-1.166671752929671,-0.8871916701567728,0.0,0.0,-1.919723091592429,-0.11834590659837163,-2.6587862458751443,-0.16948893918828922
2020-10-08,3.3973412112260126,0.8431729369485552,2.0460225137430177,3.4909891526853087,0.30487776068546246,2.846980916501396,1.184838701913593,2.124428880788698,1.8675695171888718
2020-10-12,-3.57142857142857,1.6722382937080837,-0.1253012886889282,7.181717480453509,2.583587815578503,0.1730060844584269,0.4683836303478017,4.60623984994013,2.666664123535134
2020-10-13,2.0740740740740726,-0.16447118279665496,-0.12547557292111877,-0.40609291967401706,2.0740720960829018,-0.17270729033784793,-0.6992944810711221,0.8522719191002226,0.32467657125589966
2020-10-14,1.1369134010643434,-0.32949181368459035,-0.5025157430644467,-0.7135544945261585,-1.0159607573392293,-2.768171599332392,-0.9389773835924098,-1.126759503952346,-0.9708713293337445
2020-10-15,-0.47835446065535026,-0.3305734848437991,-1.7676708202932434,-1.3347053710388357,-0.5865096898272193,0.0,-1.0663412723710963,-0.7122534312067663,-0.8169934538673762
2020-10-19,-0.7690459024273011,-1.6583798536613625,-0.25707102830775375,0.9365260563674926,4.867255361270595,-3.9145870937996374,-0.47904143743268124,-1.5781873742957697,-0.3294905443585461
2020-10-20,0.7992249939452689,0.8431729369485552,-2.190722327787209,-0.5154639175257714,0.9845245219372245,-1.4814800424667651,4.211785922046363,-1.3119555515487047,-0.8264462809917328
2020-10-21,-3.6761172513214646,-2.508361268017656,0.5270125550933091,0.62176007680943,-1.1142050921826518,3.0075158317550033,0.46189333207644623,-1.329396644630032,0.8333333333333304
2020-10-22,2.968321277126451,1.8867951195010502,-1.3106242334728457,0.5149330667942875,0.0,-1.4598526172921567,-1.4942542217354249,-1.0478996500457693,0.6611595469072862
2020-10-26,-5.3779069767441845,-2.3569049257220698,-7.171315245296517,-5.122950899764367,-4.225348139821272,-4.814818968334567,-7.234538012101998,-8.320728889946928,-3.9408891063147933
2020-10-27,1.6897081413210335,-1.2068939526497124,-4.721026072042989,0.9719239100532295,-1.4705938038940047,-0.389104697393472,-1.8867876997362698,-1.1551183551541389,2.564102564102555
2020-10-28,-4.682779456193353,0.5235602094240788,-3.9038979796374496,-0.7486598376921894,-2.537307526810706,-3.3203140643309426,-3.20512812675261,-2.003337064179578,-1.166667938232424
2020-10-29,-3.433703116745901,0.3472169240315903,-4.843753806021578,-3.017244568619404,-5.053604746406249,-4.242425176540521,-3.443711553820894,-3.747867026929197,-3.035411905934071
2020-11-02,3.336980306345727,-1.3840778382022467,3.448269694693029,0.0,2.5806504705075506,6.540093556662163,1.7832663253934067,7.079647586119542,-1.7391304347826098
2020-11-03,1.0322922181048133,1.0526315789473717,-0.4761773034578587,-0.5555555555555536,-2.0440269137082967,-0.3960392113094957,-0.8086245574475681,-2.3140551885792338,-0.17698844977184214
2020-11-04,3.955986376735643,1.5625,2.711313547208616,0.5586592178770999,4.494385376422372,0.9940300559075022,1.0869554654186597,0.6768183229402425,0.35460450856621417
2020-11-05,-0.5292338709677491,0.0,-1.3975191062812198,-0.11110941569010269,9.370194089563345,-1.1811012535560939,-0.2688169458695655,-0.5041972089558033,0.706716495870241
2020-11-09,3.6990119077780603,3.4187982021234076,5.511819380681726,6.785315206435372,-4.494377808534056,6.573703684459953,4.312664306387015,3.716212624263604,1.5789500454015837
2020-11-10,3.2250183239677543,1.3223166384013219,1.6417861464393724,-0.10416507720947266,0.4411725313194337,-0.5607426823543427,2.067187712928753,-0.4885950101553127,1.5544001510593652
2020-11-11,0.591715976331364,-1.1419224984428156,1.4684281059622606,0.10427369398331443,5.7101005979803166,1.315783694840711,1.0126572498773356,1.1456578280621965,1.8707522161412582
2020-11-12,-0.8000000000000118,0.6600634886486656,-0.2894374397805821,-0.8333365122477066,0.27700805412327334,-0.9276384997446541,-0.8771951315045712,0.0,-0.6677821630874159
2020-11-16,1.3045540796964072,0.49180329099069997,-0.43541147758012766,0.8403393670198822,-0.5524856784194343,0.9363242035391073,-0.37926338242607605,3.074434668253656,-0.8403361344537785
2020-11-17,-0.3980332474830317,-0.48939642327503474,1.7492723232356289,0.5208333333333259,-0.8333325606805109,2.7829331926354284,1.3959347091335728,1.2558857950282665,-0.16948893918828922
2020-11-18,0.8697696285848489,0.16393192888934927,-0.1432722604032377,1.3471534215106828,0.14005923065596448,-0.5415114292014911,-0.6257786649561781,-0.4651121528421953,1.0186731045456199
2020-11-19,0.41948263807971564,0.6546695118440748,-0.5738819961798813,-1.4314943580707062,2.5174800830456867,-0.36298469932606325,-0.12594746611799268,-0.7788191610696438,-1.0084007968421793
2020-11-23,4.432582965885357,0.325198289824713,-0.2886021172014197,0.0,-1.5006839653388226,5.464484576358419,0.3783128683198633,0.0,1.0186731045456199
2020-11-24,3.6222222222222378,-1.1345194631181332,0.2894374397806043,0.20746571066028174,2.0775637081209553,-0.17270729033784793,2.889441471533849,0.4709609159705197,-0.16806466238838969
2020-11-25,1.4368432339695314,1.639341801861427,1.7316028797931038,1.0351967037224075,-0.9497923461488367,0.3460204186943816,1.953611834970781,0.4687458206900086,1.6835016402555691
2020-11-26,-2.0718816067653245,-0.48387099155898783,-0.28368973753654103,-0.8196674537606863,-1.369868203519331,3.448272460139279,-0.359289644011096,1.0886496660990286,-0.4966937817530992
2020-11-30,1.1226252158894612,-0.3241441784996635,0.9957340485828192,0.1033042055459843,0.27777752022684066,-0.1666704813639286,1.2019277059821976,0.461541689359235,2.3294535131839433
2020-12-01,0.4056362083689091,0.8130031678734939,-0.5633742586758195,0.10319759808712359,-0.27700805412326224,1.8363962891082108,-0.11876756284113776,0.6125568233971146,-0.48780363749681976
2020-12-02,1.6372528173506096,0.0,-0.7082245575573243,0.0,-0.13888544874418596,0.0,-0.7134300479309186,-0.7610378908440629,-1.3071882795547274
2020-12-03,1.192468619246867,0.3225831221344455,-0.2853085195169136,-0.3092814966575208,1.2517406379922047,-1.311474179619243,-0.47904143743268124,-0.46012591865202124,-0.827814548623429
2020-12-07,0.5375232582179201,-0.48231512437225676,-1.8597969690963945,0.0,-3.57143161248179,0.33222559783856465,-0.9627060570480794,0.0,1.502500314282651
2020-12-08,0.43183220234424,0.1615484274412493,2.7696820054276428,-0.2068220833029044,-1.139600055889134,3.9735140640910105,1.3365810020649516,2.157170235132888,0.3289486273834408
2020-12-09,-0.06142506142506887,0.645166244268891,3.262417497358072,1.24352015361886,0.5763683216603477,4.140123301884624,1.19903388448237,2.8657625028786438,1.6393442622950838
2020-12-10,3.114115959844277,-0.801284496600807,-0.41209516949353153,-0.7164759161794376,5.5873906220613945,2.599389560940857,1.5402857927039548,1.1730193796544386,-0.32258187570879393
2020-12-14,-0.11921319292667043,-1.453958032610081,-1.2413730936297496,0.9278366246174397,-2.578019812357779,3.278685379149504,1.4002320867240625,0.7246335247339086,1.132687332655613
2020-12-15,0.9946290033817418,0.0,-0.9776645201726275,1.3278809010229153,0.1392789571159181,-0.4328965903940496,0.46029877772748584,0.14388818929900182,0.9599975585937282
2020-12-16,0.11818002757533197,2.7868878170548284,0.28208924827954895,2.217746618263061,-0.13908524064325523,-1.4492739601511873,3.2073390759168596,-0.143681448664168,5.546751322720622
2020-12-17,0.7279165846940883,9.888352389540977,0.2812957432320129,-0.394478816429622,-0.5571025460913259,0.0,-0.2219806576647998,0.14388818929900182,1.0510579484603433
2020-12-21,-1.1523437500000067,-5.660377609203215,-6.732122365040216,-1.980198019801982,-7.00280125139704,-5.735299005640282,-3.893208417199745,-7.040233409047203,-2.6745957951495147
2020-12-22,-1.44240268721596,5.38461798492984,3.7594071938704454,2.020202020202011,2.4096434859411042,5.928239055954654,5.208330918793425,3.7094320825041605,2.2900763358778553
2020-12-23,2.345629510825975,1.4598518195571897,0.4347804209895667,0.5940578951693976,1.0294072479526406,0.44182930746528015,0.3300300601496664,0.8941869215862486,0.5970172028043397
2020-12-24,-0.3330068560234989,-1.5827294914291579,0.5771944109874916,-0.39370229516368926,-0.873361627060032,6.011727816602552,0.6578993461579419,1.4771034699306185,-0.14836568524808635
2020-12-28,0.0,-0.43859649122807154,1.434729408050961,0.0,2.79001554797238,3.4578146520120923,-2.069722524415285,3.2023329067479844,-1.337297897574763
2020-12-29,-0.8647798742138502,-1.6152738999690275,-0.28288721553725305,0.5928914245150185,0.8571420397077256,-1.0695176938778084,-0.2224638998724715,-0.7052212927895485,-0.15060010816734248
2020-12-30,0.5947660586835823,-0.4477612042273038,-0.851069212609612,0.19646065053702255,-0.7082112507499572,-1.7567582806154447,-0.7803862476552847,-1.988634477900575,-1.809961572248986
2020-12-31,0.9459992116673144,0.4497751227331648,-1.1444896933597404,-0.5882337981579333,-0.28531322554410377,-1.6506174122959072,-2.6966267573593106,-0.8695643760907368,-1.8433133277556357
2021-01-04,-1.6595080046856725,-0.5970126615384874,0.0,-0.394478816429622,-3.004285667898121,4.055943468321366,0.46189333207644623,0.8771921263311944,-0.782472594773731
2021-01-05,5.539011316259668,0.45045045045044585,0.0,0.990099009900991,-0.7374659172212139,-0.2688169458695655,-1.034484535184066,-1.8840596035382462,1.8927396204436508
2021-01-06,1.2039127163280705,-1.1958169295648857,1.3024635530886508,1.568625955020675,0.2971765359558898,-0.13477397276294711,1.5098736309484106,0.14771386868552838,0.6191974231069874
2021-01-07,-0.18587360594793934,0.9077156034049016,2.5714351011929315,1.3513528441109202,0.5925920274522545,1.079621124877539,2.517165592564563,1.6224137650927117,1.6923053448016923
2021-01-11,2.122905027932953,0.5996978759696736,3.8997174076597085,0.952380952380949,0.7363798382292952,-1.3351122521815473,1.5625038250748347,0.8708264723108705,1.5128593390081768
2021-01-12,2.0787746170678245,-0.29805805862623824,-0.2680982028413714,0.1886763662662272,-0.29239737544372035,0.6765925796780925,0.43956000193670075,-0.2877695176315087,-0.14902902592414113
2021-01-13,-0.821722043586981,-0.29895594301779793,-0.13441402576044315,-0.18832104895414314,-0.2932548449136041,-0.6720455692246774,3.7199035682964787,0.577200041036896,1.0447715645405697
2021-01-14,0.4322766570605152,-2.0989528604293484,-1.2112994880353,-0.1886763662662272,2.6470562248494645,-0.8119072241347003,-0.21096524319702548,-0.5738875617947059,-1.329385431394381
2021-01-18,-2.779770444763263,2.297090459573714,-1.2261611339242862,-1.3232528218302675,-2.5787940952257338,-1.5006839653388226,-2.008452215825973,-1.44300010259224,-0.29940803667591886
2021-01-19,2.158273381294973,-2.5449057274050224,-0.689654848626553,-0.7662864368440658,0.0,0.41551538338138183,0.32362169891875237,0.0,-1.0510464929127439
2021-01-20,0.5055976886962688,-1.5361029980918595,0.138885041214043,0.19305461446186278,-0.29411735831662567,-0.9655196091224449,-0.5376364484882101,-0.7320602409403021,1.669193397042834
2021-01-21,0.03593244699964249,-0.15600386721055237,-0.4160772545756197,0.0,1.7699097617354553,0.6963815032072551,-1.2972960600981631,-0.1474959966427325,-1.4925373134328401
2021-01-25,-0.4310344827586188,-0.7812524028122825,-1.6713101693894838,-1.3487490218866416,1.4492739601511984,-1.3831245417532223,1.9715257712984435,-0.2954206939861259,-3.3333344893021977
2021-01-26,-0.32467532467532756,-0.7873968067269921,-1.1331515780675816,-0.7812529685906622,-1.1428560529436416,-1.402523184116522,-1.8259942925001993,-0.7407435664424367,-2.037616383395491
2021-01-27,-0.34382917119073486,-0.15873500279016683,-0.1432722604032377,0.0,-1.0115631631447353,0.14224397932061095,-0.3282350713195159,0.1492571517391239,-0.4799987792968752
2021-01-28,-0.3631741420010992,1.7488101418892565,0.7173695875457131,0.9842519832859109,0.2919705285395313,2.556815757300712,0.987927068931671,0.4470899076101542,2.893889413154227
2021-02-01,2.824858757062154,-2.6562524475157723,-2.279206948356294,-2.534111610905032,-2.183407538080684,-3.047088595355907,-2.1739110153428998,-2.373885057054914,-2.499997615814209
2021-02-02,2.1269053527118054,2.5682233228471185,-0.5830841586423219,-1.3000030517578032,-0.44642461172363923,-0.8571420397077256,1.1111153496636383,-0.9118532443044058,1.7628180243952407
2021-02-03,1.7181534189517622,-1.0954664346757514,-1.3196514016124317,0.3039544691324725,-0.8968601235628149,-0.8645524824904882,-0.5494526224051444,-0.9202445238506884,-0.7874015748031482
2021-02-04,0.6312915884661319,1.2658252602987696,-0.8915360969600217,0.40404194533223414,-1.9607860059875803,0.7267400154944426,0.4419885194475226,0.15479492237815418,-1.1111123221261177
2021-02-08,2.0176330959647437,1.8750000447034898,4.947532281114375,1.8108605580802406,3.0769201425405734,2.886007085951725,2.2002178867752242,3.5548690344960887,1.2841079403812294
2021-02-09,0.9473159381751639,1.3803681304643378,-0.4285790003194956,0.3952584367008072,2.3880646090170154,1.1220185472932132,1.7222803882573912,0.29850718650554775,2.8526198023539617
2021-02-10,0.7079354626275958,-0.1512836254606631,-0.2869361145697136,0.1968549022051791,-1.0204106457577522,0.5547844887849429,-0.634914996332181,-1.339280930962139,-0.6163351563549746
2021-02-11,-0.13078306359326497,0.454545454545463,-0.28777160226454157,0.3929213010740673,2.3564042461120316,0.13793419147360986,0.8519693373913784,-0.30165883229702484,1.0852665864220068
2021-02-15,4.075953511212949,0.4524886877828038,0.1443059703083449,0.3913909372046831,-1.8704984341216147,0.8264454667762822,0.6335740681157054,1.815429396902002,1.840497904607763
2021-02-16,0.5976722239698029,1.5014992103920433,1.296823398694702,0.3898650407678117,1.31964330623775,-1.2295102524220836,-0.5246609877844643,0.0,0.45180032450204965
2021-02-17,1.6572858036272509,-0.5917137324703114,1.706971271330615,-0.7767019919978635,2.7496390942992166,-1.2448153852069321,0.0,1.1887061438235813,0.44977970837181136
2021-02-18,-1.4303291294986087,0.14880725315638,-1.6783227835747816,-0.1956917360217636,-1.126759503952346,-0.28011178292021155,-0.21096524319702548,0.7342171975768919,-1.791040221257001
2021-02-22,0.9985957247620636,-0.44576524041878285,-0.8534904775051699,1.9607843137254832,0.9971534451790331,1.4044930651669008,-1.1627870637809568,1.4577245289547403,-0.4559316684557446
2021-02-23,0.6642978526185672,1.3432836126819225,0.7173695875457131,0.9615384615384581,-0.987308464807668,3.8781193621186594,1.497319614295356,0.8620681386593221,1.526717557251911
2021-02-24,2.593615715162678,0.29455306387839997,0.56980416145751,0.19047328404018238,-1.7094000838336787,0.5333328247070446,0.21075298467909676,5.5555536687355245,3.007518796992481
2021-02-25,-0.23934181002243093,-0.4405286343612369,3.257786680618757,1.3307999681479776,0.43477873270367784,-1.5915104266073787,-0.10515487530131651,0.5398105624387473,4.087595695996815
2021-03-01,-3.193882141250559,-0.8849557522123908,-1.9204417243820826,-2.2514085930887995,1.2987035327166385,0.2695415191491968,0.42105223003183756,0.26845612669199603,-2.945309977043331
2021-03-02,-2.1530359355638184,0.2976145063127822,1.958044834363304,0.5758216133284755,0.28490001397227793,0.4032222142535735,0.733749424571517,0.6693466149827021,0.4335304407342644
2021-03-03,2.4220357764761724,-1.6320430238103811,1.0973912689434595,2.2900704452261555,-0.42613257292255513,0.40160924566210454,0.7284146826154858,0.3989389612292893,0.5755417638545479
2021-03-04,4.0494590417310405,0.30165452223558376,-1.6282235890639374,-0.9328358474513854,0.4279562338327825,-1.2000020345051987,-1.9628153725989472,-1.1920549710493722,-3.4334785028443227
2021-03-08,1.0101010101010166,1.5037640566150978,3.7241474503794336,1.8832392254914287,-0.5681812794001595,6.477733184314727,2.7397285052958464,1.7426288709940785,1.33333559389468
2021-03-09,-1.4264705882352957,0.8888888888888946,-0.9308614046070085,0.5545343072445919,1.1428560529436416,-1.6476506945958258,0.0,-1.5810324108534335,0.5847975394087879
2021-03-10,0.7459346561241142,0.734209909313055,-0.6711314952070668,1.8382352425565296,0.5649712187014932,-0.25773785017727535,0.20513290014021468,0.133871876341507,2.034874759280414
2021-03-11,2.680290241374217,1.020412657286185,1.3513506054463775,-0.9025270509540273,-0.5617972260667514,0.7751992427776466,2.45649703043207,1.3368971173472577,-1.9942933865318757
2021-03-15,-0.8076146524372718,1.4429992411559844,4.800002831972527,1.0928933651090489,7.344632578107668,-0.25641000560835403,3.096897690850642,2.506597086185236,1.3081306054700592
2021-03-16,-1.2067461471357954,-1.4224729670360037,9.92365671722586,0.36036173502604907,-2.6315764707210976,5.7840529600585056,1.9379919462571005,3.346200163229285,-0.14346984002789887
2021-03-17,-0.32376747608535705,1.4429992411559844,1.8518477663421073,-1.2567338480275358,0.5405400180747089,-2.794648299261393,-0.6654053750242195,-1.120793010505261,-1.2931056689800768
2021-03-18,-8.297652443525772,-3.9829282146454537,-2.727274555767567,-0.5454531582919087,2.822581136181168,-0.9999990463256836,-0.574157579306267,-0.3778363928482187,-3.493441052541102
2021-03-22,2.865883110610201,-0.14815266927081794,0.11682714957979012,-0.36563210265064816,1.5686259354656729,0.883834522094773,-0.3849851831692508,-0.1264191180477714,0.45248176252583594
2021-03-23,-6.15119737048051,-0.5934695730450357,-1.16686056884433,-1.28440506961367,-0.6435030998404367,-2.6282799414952374,-0.5797141778286607,-2.6582282988846684,0.6006029054705486
2021-03-24,6.237491661107408,1.3432836126819225,0.4722579973136076,0.3717486352707633,-3.7564762918967265,-0.8997451127716882,-2.62390189592121,-1.3003888672104114,1.3432858595207486
2021-03-25,-3.908948194662487,-1.32547867485302,-0.3525326530079975,-0.92592592592593,-2.1534300283811314,-2.0752249885923724,-0.09980267889196925,-0.9222683827945444,-0.589103854035189
2021-03-29,4.656101944126778,3.5820896338184305,0.4717011047220998,3.925230792749712,-0.9628634366578903,3.04635779156317,5.894107283689798,2.5265965119995792,3.8518495912905015
2021-03-30,-1.2176084920387131,0.720463309614261,-0.5868541693716978,0.0,-1.388887601134181,0.38560067046489177,0.943390794308141,-2.204929642708553,-0.14265117874148192
2021-03-31,0.37926675094817064,4.4349048270688085,-0.2361289986567816,5.575543837939567,0.14084829600224946,2.048653631041719,3.27103166082916,0.5305034755357818,-1.142861502511161
2021-04-01,0.5195214105793378,-2.7397281749093616,-0.11834797187910695,-2.0442942884884574,-0.562587357269928,-0.87828979506831,-0.5429902134029607,0.1319291422491986,-0.14450647186572407
2021-04-06,-3.727486296006266,5.633807357306986,3.6729970876423046,1.9130408245584318,4.243277321267858,2.025320535667996,4.367611518719872,7.7733878883615715,1.591893630117891
2021-04-07,0.6344558321132343,0.0,0.0,0.0,0.0,0.0,0.0,0.0,0.0
2021-04-08,0.3718073068218697,0.40000000000000036,-0.8000089004851052,0.17065237444078285,-0.40705201407091884,0.3722051043344443,0.7846569354196253,-1.2224985053662207,-0.28489595005202206
2021-04-12,0.4670639394427356,2.7888446215139417,1.8433218395807804,-1.022150393560417,-0.6812014944881706,1.1124864139724577,-0.43252758581232564,0.7425794577133882,-0.571430751255575
2021-04-13,0.7213850593138726,0.5167998084726344,-1.131221161923246,0.6884708027265596,-0.9602218385140304,0.24449270590736205,-0.7819300677514796,1.2284941471463195,-0.862066792062055
2021-04-14,5.220436097405701,0.8997350501627865,-0.22883439568137653,-1.7094017094017144,-0.27700805412326224,-0.36585041059751244,-0.17513535577980965,-1.5776713355815652,0.7246376811594235
2021-04-15,0.030252609287551024,1.656054907384208,2.866978896279182,1.3913030209748545,0.9722246321631767,3.4271692822089195,3.1579001964736397,2.3427933674594392,2.0143906847178483
2021-04-19,0.6199909269620552,1.00250244140625,2.1181659723571,2.4013748614064134,1.1004116081972715,3.4319522887450438,3.3163212760032312,1.807224278111641,3.5260930129705104
2021-04-20,-1.80342651036971,-1.3647605333639845,-1.200869800647275,0.33500964888362184,1.6326515253891172,-1.1441582427251795,1.234572649498844,0.9467446806133317,-1.2261600915111526
2021-04-21,-2.020202020202033,-2.893077922317222,3.204413688850405,-0.3338910815436913,0.26773736932059755,-1.5046308943886366,0.4065056094269437,-0.9378654889850568,-3.310346932246766
2021-04-22,1.6401124648547372,1.683929851159216,-0.9635926077044554,0.33500964888362184,0.2670288167537116,0.0,0.7287384302320454,0.0,0.8559179560361896
2021-04-26,0.6608268019056451,1.9108280997628624,3.351346680991374,0.1669423565505257,0.9320864539393181,4.582836417851444,0.48231850193398706,1.656808834116763,3.5360680451375304
2021-04-27,1.1450381679389388,-1.1250000429153473,0.5230123064944525,0.0,0.2638519937706807,3.3707888044202994,-0.8799972534179634,0.931314578404896,-0.27321988603852265
2021-04-28,1.2528301886792326,4.9304679525485895,8.42872747674357,6.5000025431315,-0.5263152941442195,0.43478220306854,3.5108914760992427,4.267588031178415,-0.41096308459974695
2021-04-29,1.7590936195587492,-2.168674778533375,-1.5355117345642433,-2.9733982480570353,0.3968281750716285,-1.5151449471464185,6.042889541758156,6.194694933404743,0.550208449339662
2021-05-04,0.9522414298271276,-2.216748851785477,1.3645243831135856,-1.6129032258064502,1.4492708098265306,-5.6043978846456515,-3.4926497657817968,-2.708335609899537,-1.5047859057213508
2021-05-05,1.1609345523146075,-1.3853866379355595,0.6730713339753391,-1.1475422343269703,-1.1688269867544454,-1.2805658719158841,-1.1428542364211314,-1.498932987532764,-1.6666624281141518
2021-05-06,-1.5636207143881697,2.1711327563757266,0.28653801877513985,0.33167622797669605,-0.39422088412625067,3.066040600436981,3.8535644339099617,2.391307299889811,-0.5649738822560368
2021-05-10,-0.014573010784035834,0.0,1.9047609168070467,1.4876058278989968,-0.13192285152144878,-0.4576654794112178,1.2986956000476058,1.2738841251293431,1.1363571094088698
2021-05-17,1.4720886168197111,-1.2499924182888922,4.0186882708921345,0.6514620541386407,0.1320971178060404,-1.26436389757274,1.8315018826859042,-0.8385736271063204,-1.4044944422215822
2021-05-18,-0.8761850043091046,-0.5063329573490649,0.8086273977311542,0.16181600332185742,-0.39577484529211837,1.629794961135822,3.7769826375009696,-1.1627870637809568,-0.7122507432139158
2021-05-19,-3.086509201565002,0.3816793893129722,-0.26737833263507094,-0.48465758378434254,-0.9271545681188154,1.145479801985294,-2.4263457666678367,0.0,-0.5738793601115955
2021-05-20,-2.5418660287081174,0.8872028539389287,-1.2511188629231618,-1.7857118528715965,0.0,-1.2457492370065437,-3.0195395843281125,-1.8181825599800083,-1.1544055072556292
2021-05-24,5.231666155262338,2.386926914122034,-0.6334789220785564,-0.1652867340844688,0.13368652432057537,-0.5733966651803812,-0.5494491674806978,-0.21786990303686027,1.1678876667997162
2021-05-25,0.30616707974922,0.6135044444641746,2.003636934038555,0.4966874660293108,0.0,1.4994246055011207,4.235726094616132,1.2008800456764224,0.2885958722004922
2021-05-26,0.18895348837211223,0.0,1.6071408600074832,0.6589748042076904,0.8010737176263438,-0.22727792420651483,0.8833922499637659,0.21574437002971347,0.4316590672774234
2021-05-27,0.7253735673871997,-0.9756171631001842,1.0544822509675367,1.6366612520024137,-1.0596079274459824,0.11389782671953341,2.276712936073011,0.43057009706435334,-0.429803780288307
2021-06-01,0.8641797493878611,1.600989040167633,-0.6956506605351298,-0.1610281426379978,1.472558722944517,1.0238925253523767,-1.1986314120715602,2.143620695611892,0.1438826965771023
2021-06-02,0.8139368841924899,0.363636363636366,0.17513245513358644,0.9677394743888623,-0.5277039875413392,0.78828484146507,1.0398586935660648,4.3022020870957745,0.28736290520334773
2021-06-03,0.1558073654390979,-0.36231884057971175,-0.43706271859235146,0.6389800888641606,0.265251737767902,0.22346880659112056,0.17153051479763537,-1.3078386947133924,0.5730571332321688
2021-06-07,0.2545608824777279,-0.6060569069602284,-1.4047379048826913,0.0,1.587300085546861,-1.0033461528279553,-1.7123287223834494,-1.019371836822347,1.5669603295376922
2021-06-08,0.7053180984624152,-0.9756171631001842,-0.6233373069745474,-0.3174615284753268,1.041671905356245,-1.2387348565273237,-2.264813618814454,-1.0298700419862472,1.82327540914633
2021-06-09,-0.11206051267684813,-0.6157598116178442,-1.4336825515766316,-0.4777057973011978,3.8659817253393403,-0.22805537878810567,1.604280838428318,-0.6243441007897643,2.203854693869478
2021-06-10,0.4767914738465828,-0.49566673080274626,-0.5454579548937688,-0.32000122070312553,4.714629540734849,0.9142848423549177,-1.0526289019668345,-0.8376955194584035,-0.2695376771803537
2021-06-14,0.8653175157013138,-1.618921476824331,-0.2742278695514355,0.0,-4.739332208735814,-1.9252556938029297,0.1773022542831182,-2.8511135179553726,-0.5405426025390625
2021-06-15,1.5359070153590615,-1.8987341038673833,-0.8249271206428155,-1.1235967439996886,-1.368160871098445,-0.2309411598353739,-0.17698844977184214,2.6086932184113953,-2.7173913606849176
2021-06-16,0.6813845734532586,0.9032178953811032,1.4787460805027575,-0.16233518928269186,0.12610629379963267,1.6203632417287173,0.8865247987104752,2.4364460395591037,0.5586613608986157
2021-06-17,-1.2994044396318238,-1.150895185578693,0.36428860615402847,-0.6504089851689376,-0.8816142463087262,-0.3416826182640387,-2.1089643774327094,0.0,-2.638891008165145
2021-06-21,2.153044432254525,-3.6222491392798983,-0.27222477079239527,-0.8183306260012069,-0.12706165425778737,-0.6857190813337022,-0.8976660559270266,-1.7580152528716253,0.7132667772947077
2021-06-22,0.5772586924419398,-0.4026845720060068,0.18198476565940425,0.6600685411728424,2.1628447400646067,0.23015487605799745,0.7246335247339308,-0.21053113435444137,1.983005037021468
2021-06-23,0.40042712226373567,-0.9433941893748576,-0.6357865479571623,-0.8196721311475419,-0.8717272372600449,0.9184836206163061,-0.3597067513145258,1.0548563955535384,-0.41667090521918526
2021-06-24,0.9704865727200307,-1.0884374501753835,1.1882979515142722,-0.1652867340844688,-1.5075362435176265,1.9340168035462346,5.595664961620983,1.5657580347061772,0.41841431593696576
2021-06-28,-1.540487162606985,0.41265475419065556,1.2646811355686793,0.33112076687036307,4.081628681073313,0.4464281437804418,3.247865856203269,-0.8221986379217006,0.41667090521917416
2021-06-29,0.8023535704733797,-0.2739746987115321,0.8028505311223899,0.49505455331968484,1.2254948938686727,0.33333036634657365,1.158935315493781,-0.2072487552325919,0.41493141037425296
2021-06-30,2.0695144600689774,-0.6868090236290425,3.9823049901108742,0.0,-0.8474654547075189,0.0,0.32733349907394516,0.3115237031638518,0.0
2021-07-01,-0.32492851572654136,-0.27662728337330966,1.7021267720251698,-0.3284084695046485,-0.8546971722914631,3.3222613466916684,-2.773247608642193,1.5528009790266584,0.13773894796531572
2021-07-05,2.151519102881738,3.1900160534739097,0.8368196546374218,-0.6589810887171033,-1.847291840905041,3.2154361542127363,0.6711435169794333,2.1406730801666773,-3.5763391791778565
2021-07-06,-3.2295123819249483,-1.2096774193548376,4.1493754835957075,-0.8291874068427796,-0.2509407961481691,0.7268919417690478,1.166667938232413,0.8981955569057787,0.2853132410702619
2021-07-07,-1.9786307874950504,0.9523788763552199,7.3705170422288635,-0.5016709713846046,-0.8804993270897787,-1.134017101445517,1.6474464372833397,0.09891423562247148,-0.42674685452991357
2021-07-08,1.0227425649306898,0.13476883581875487,-3.5250421643433283,-1.6806722689075682,0.2538068608636479,-2.502604455677715,-1.94489586402119,-2.1739157066863357,-1.142861502511161
2021-07-12,2.2645530837884786,-3.499323088873574,0.9615405763336637,0.683763292100692,-1.0126572498773245,-0.32086294568460794,-1.3223127885298336,4.545462427060776,-1.8786061845285973
2021-07-13,0.950892275628501,-1.2552301255230103,0.0,-0.6791197207408395,1.6623994213562643,1.394851058987845,1.3400322057569802,1.1594191414130428,1.3254808625238201
2021-07-14,-2.2709677419354923,0.1412407826569151,0.9523830270861122,1.0256384173010336,0.5031441863232677,0.10582252998596609,1.3223127885298558,0.4775567283634041,-1.3081416947058
2021-07-15,-1.5975706363876352,0.9873039339720169,3.773582772975792,0.6768215502646058,-0.12515334582141602,0.0,3.099513131364273,1.7110203770821064,-0.589103854035189
2021-07-26,0.34885281094860776,0.4189944312663396,0.3636312145953946,0.8403361344537785,2.7568895948097083,3.382660608180088,7.278484546341657,1.1214942775529035,1.1851897063078765
2021-07-27,0.10696617194811964,2.6425634664846154,-1.99275017361914,0.3333346048990826,0.9756088483765968,-0.30674574427700385,0.2949807363423096,0.09242355974019567,-0.4392431015419862
2021-07-28,0.2938426606117206,0.9485074175082486,-4.066546322261,0.0,-0.9661826846140142,-1.7435905260917428,-2.941176470588236,-0.7386881280667446,0.2941131591796875
2021-07-29,1.611399653748835,-0.13422614250901965,0.0,0.49833759677497813,1.4634132725648952,1.043845326368631,1.6666643547289306,0.6511599518532085,0.439887192349131
2021-08-02,-3.132372214941026,-0.8064516129032251,-0.38535101591825605,1.157026054445387,-1.0817326428975593,-0.2066162926975923,-2.384498525343748,2.125697804045812,1.1678876667997162
2021-08-03,-0.9065079150317956,-1.0840129076949978,-0.9671200870533414,0.6535910231946884,-0.24300735360577308,-0.8281565731855234,-1.068697630904103,-1.7194618169955267,0.7215006897280718
2021-08-04,-3.07209175314036,-0.2739746987115321,-2.812496376800422,0.8116883317944579,-1.5834362221301412,-1.4613814659467539,-1.3888911782304225,-1.4732951424517582,0.8595966302124447
2021-08-05,1.6199464713339884,0.6868153115918041,2.0900178311647366,0.8051529988496897,0.49504903750889895,1.3771199175799165,4.225347235944454,1.8691571292548392,0.0
2021-08-09,-3.451621846409747,0.9549774743423001,-1.3779387641616014,-2.7156501432583635,5.17241480558257,-2.4033390759742757,-1.951945123344745,-3.027522341790223,-1.1363679466167786
2021-08-10,2.1392677674084704,-0.13513307870950397,-0.439123136449715,1.1494202474604975,-1.053865960069189,0.2141274492786005,1.531393496578226,-0.2838196200316334,0.5747148486326958
2021-08-11,1.1948271014900147,-0.135315935298852,-0.16039138555228316,-0.3246703785653837,0.23669181319674326,-0.21366992332191304,0.0,-1.8026525718307096,0.0
2021-08-12,-0.2778163633837871,-0.13550549018672697,-1.68673850271146,0.0,1.062575557857226,0.9635990483678025,-0.15083876155714826,0.38647304713768094,-0.4285757882254493
2021-08-16,-2.3958768630728655,0.2713725022530866,0.32678829773531426,0.16286396031921502,-3.9719642046830095,0.7423085106985639,3.0211481755258784,2.983632874869069,-0.28693968005579773
2021-08-17,-0.9561866704723698,-0.135315935298852,0.5700334039375088,1.6260162601626105,2.189773061485889,0.21053113435443027,-0.29325067036874986,0.8411229363757045,0.5755417638545479
2021-08-18,-1.1383285302593804,-0.40650406504064707,-1.700407322073716,-0.9599975585937615,-0.47619004368509854,-0.21008883195338113,1.0294072768267437,-0.46339379899565936,-1.2875558029075251
2021-08-19,-2.6380994024194804,-1.3605483697385123,-3.6243827433950826,-1.7770634276292663,-1.0765454857607604,-2.3157922845137735,-2.1834062105273166,-2.886401047940712,-1.3043500375056638
2021-08-23,3.398203592814375,-1.517237233854618,-1.4529919403516889,-1.15131705875543,-1.5719480924438978,-2.586204504569789,-2.6785647382538524,-4.602113920096862,-1.61526945487247
2021-08-24,3.098306066309542,0.5602219525505436,4.2497894831434735,0.4991731437181013,0.7370941451077417,1.8805318253463765,1.0703317001685253,2.3115628172823754,-0.7462686567164201
2021-08-25,1.2779104058418866,0.5571009507267188,1.6638926438442336,0.16556038343518154,1.4634132725648952,-0.6514703514460707,-0.6051460440434253,1.4734736152612005,0.15037364529488784
2021-08-26,-2.3571824736550284,0.2770104353637004,0.24549794166788264,-0.4958665075380897,-0.24037866373717298,-0.21857382429668615,0.4566256707654759,0.387221317990849,-0.15014786248073175
2021-08-31,4.302754899176375,-1.1049745065462302,0.48979345049637857,2.159467143829108,1.4457817204996726,1.9715257712984435,0.9090885971531737,0.675021172581669,1.9548918071546018
2021-09-01,-1.9877467665078363,0.4189944312663396,2.5589044974577924,-0.48780363749681976,-0.23753512568226443,2.0408117273868376,1.5015015359025385,0.5747166860948782,-0.14750162096494046
2021-09-02,2.1808584525628616,0.2781662508593241,0.5940455891489504,-0.16340243067269888,0.23810069847565174,0.10526556717722624,2.0710082211242264,-0.4761922927129514,0.0
2021-09-06,-1.5361609570418655,1.386960465026954,4.527565154083413,0.4910033702944627,2.0190032631065113,0.0,0.2898506496263664,-0.19138281774540022,0.8862719801514096
2021-09-07,-1.2563854756316606,0.82079346791879,1.1299480805005535,0.32572792063840783,-1.2805658719158841,-0.4206094730844212,-0.28901294373144815,0.0,0.14641064370863877
2021-09-08,1.1744966442952975,-0.9497944411214765,0.1862221755703386,0.6493531425117549,-0.5896136764101945,-1.05597020749717,-0.2898506496263553,-0.958776400227912,-0.1461965963308609
2021-09-09,-1.4372581536760687,-0.5479431266877333,-2.23049215240132,-0.16128786148564833,-0.3558800184987887,-1.0672297653869567,-0.290704315065593,-0.8712502735005012,-0.29283245783335854
2021-09-13,2.3135165451486417,-0.2754841954254905,2.471484326668749,-0.3231030016305092,-0.9523800873701971,-0.7551310144748191,-0.8746333636544312,-0.3906246362020749,-0.4405219222982537
2021-09-14,0.1096340962039255,-0.6906098569292363,0.7421146716556581,-0.6483006822249004,0.721158916075737,2.0652232390947267,2.6470633114085373,3.0392198569955564,-0.14750162096494046
2021-09-15,2.4503764544832496,1.1126586367657065,-0.3683189349311222,1.9575869133354962,0.23865756343954825,0.4259846686956781,1.5759289771168472,1.0466189750877763,0.7385524705152635
2021-09-16,0.4008551576696995,-0.41265475419066666,-1.8484328919541881,-0.9599975585937615,-0.11903899597163203,-0.742318623893512,0.9873017393189798,-0.8474590730483067,1.0263997198826313
2021-09-20,-2.0628160766569037,-0.8287292992339879,1.1299480805005535,-0.3231030016305092,-0.8343342745420257,0.21368011215050497,5.865928306066603,0.37986669389726835,-1.7416611771568613
2021-09-21,0.08153281695881809,0.0,-0.1862221755703497,-0.1620782618829697,0.6009638529910877,4.15778612542157,-1.187337057578175,0.756858335059607,0.4431359900757048
2021-09-22,2.511880515953835,1.5320355839218758,-0.1865696095561864,-0.8116883317944468,-1.1947363101873054,-1.0235453099724512,3.204274335094204,0.0,-0.14705657958984375
2021-09-27,4.437086092715226,3.5665253062307167,5.23365250880512,4.746320128153836,0.4836754490802564,8.169596231852339,10.09054995397689,9.107984054206675,3.092781188407945
2021-09-28,-0.6975269499048808,0.0,-1.7762027830059646,0.625002384185791,-1.3237136558007068,-2.0076485409284417,0.5875440763398521,-1.2048222435590672,1.8571472167968839
2021-09-29,-0.5619412515964206,-0.264896630895628,-0.723326931620305,-1.3975178642150254,0.0,-1.073167382217033,1.518695180994456,0.174220022310001,-0.140261008745024
2021-09-30,-0.06421782686873989,-0.3984063745019917,2.0036394637385824,0.31496183140071743,0.0,1.183430783985151,0.8055200643854121,2.1739130434782705,0.0
2021-10-04,4.665210127232999,-3.333337402343739,-1.7857085548040663,-2.1978045668932356,-2.439022120941492,-4.483431071005972,-6.849315187799377,-2.212767905377322,-1.1235891245119367
2021-10-05,1.5717092337917515,-0.2758578712561466,2.1818169935779563,1.1235967439997108,-0.4999995231628418,1.5306083225599343,4.0441214625811295,2.2628392868673908,1.4204545146670133
2021-10-06,-1.6078336557059925,-0.27662728337330966,-0.17793827086678426,-0.6349230569506314,-2.01004832469015,-0.804019349141738,3.533568841085999,-1.021275621779405,0.8403339794098352
2021-10-07,1.1672195601425184,0.41608877440917347,-0.5347566587809882,0.7987220641973325,-0.12820805945256142,-1.2158043257392115,-2.047785006269731,-1.2897727491708033,0.0
2021-10-11,1.7124119504493551,0.1381194423047516,-1.971332426690875,1.2678337101480253,0.0,-2.153846545097171,0.5807201032068443,-1.916370401802614,2.083333333333326
2021-10-12,-0.26268656716418315,-0.5517220564942416,-3.1078521233124934,0.6259804637358535,-0.8985901412601027,1.677147254212752,0.23095217224107234,0.7992908593113635,3.2653081984747034
2021-10-13,0.0,3.467404337072799,3.2075376502828545,2.799370663970868,1.1658051170187367,1.0309317880007107,1.6128961373993889,1.585897316755469,4.4795803129458855
2021-10-14,0.3950676403687181,3.0831182273524327,6.032906400134919,1.0590084626261875,1.2804085194010772,1.5306083225599343,1.7006803309531193,3.2090190297318966,7.061788472399
2021-10-18,0.3219651800620005,-2.470745092791493,6.724141816481399,-0.8982126887789654,-1.5170655862698057,1.0050289787604472,-2.8985491221602877,-0.5882327484718397,-5.771497571039863
2021-10-19,1.0578866040651391,-1.4666687011718804,-3.0694631296746655,-1.0573972515277807,-0.25673916591080204,-1.393038215579545,-1.9517760941721307,-1.6906154738374646,-3.500003814697261
2021-10-20,0.8703834391907916,1.4885000657532066,8.16666448822625,1.9847374835997078,-0.3861030872843396,2.623614862615087,9.953161414668399,3.439377597542692,3.2383420969253285
2021-10-21,-1.3759328358209033,-0.8000000000000007,-0.6163324964743033,0.44909492314071375,0.0,0.8849572459461275,0.6389760003951972,3.657527380085357,-1.6311110064502365
2021-10-25,0.31922440293212784,-0.40322580645161255,5.116278480681324,0.7451564998065319,-1.679581930852947,1.9493158362914986,0.31746354683366285,4.250198248772552,-0.8928629643019326
2021-10-26,0.306423099587505,0.4048582995951344,-1.7699105803206328,-0.4437802206136543,0.3942146181978634,-0.38240881173183805,-1.476794810981752,0.0,-0.7721988387216605
2021-10-27,-1.16320056397603,0.26881310247606205,-9.909908731195827,-1.1887117614876819,-0.9162263880564403,-1.6314786473054288,-2.034262842439527,-2.499998532808745,-1.5564163060845848
2021-10-28,-0.8559201141226769,-0.2680924348843483,-5.0000018153669945,-3.007518796992481,0.2642005346496834,-0.6829238519436176,-4.043712511740094,-1.7751509119044662,0.26350058527204734
2021-11-01,1.3309352517985706,-0.5376385104271519,-5.614032137538338,-0.9302301924358103,-0.7905130642070213,-2.161102754750932,-1.822330350686252,-0.16063858952413135,-2.1024947519088233
2021-11-02,-0.10649627263046302,0.5405446868296249,-0.37175206635499114,0.0,-1.1952211166031512,-0.6024138492660258,-0.2320150293766976,0.16089705227950724,0.2684522795197042
2021-11-03,-3.9327173655531955,-0.2688192552135815,-2.2388048327645405,-0.782472594773731,-1.075267783478251,-3.737372725414423,-1.2790679931640625,-3.6144563546921193,-0.9370776129043246
2021-11-04,-1.1713933415536282,0.13476883581875487,1.3358745700542185,0.31545259215894905,-2.71739514231224,0.5246609877844532,3.7691365026262913,1.4166673024495369,0.5405426025390625
2021-11-08,3.830318153462242,-0.672943430388695,1.6949169925951635,0.943393849868146,-2.653632140636597,0.1043865236062258,0.7945568555739912,-0.16434229776737252,-0.6720429969696795
2021-11-09,1.5621244893054609,-2.4390243902439046,0.7407403672083923,-0.6230494239806816,-1.8651311551931227,0.0,-1.2387455694956362,0.0,-1.7591380580723848
2021-11-10,-1.904874585896832,0.0,-0.7352937495876399,0.4702182455298187,0.5847947508874407,0.3128230708431934,-0.3420700488054873,1.234572649498844,0.27548840473876623
2021-11-11,0.5910022916415514,0.4166666666666652,-0.18518761314529897,0.15600386349692297,0.5813947847045586,-0.5197525086244381,-1.37300292527045,-0.8943138914292215,0.41208160685102246
2021-11-15,-1.7505995203837,-0.9681923260827174,-4.267156835998998,0.0,3.0346825987239034,-1.4628985800716143,4.1763413352290835,-0.9023762138126945,-2.872774990364102
2021-11-16,1.1105687088113214,-0.5586571105725802,-2.3255801680861055,0.15577275431375437,-1.122018547293202,-2.2269356452905953,-0.3340791108714103,-3.3112551411967117,-1.2676077829280374
2021-11-17,-2.631261315630651,-0.7022493491493975,0.3968197795474415,-0.9331294873118345,0.992903445821347,-0.10846234915629083,0.33519894051152743,-0.5137022093236521,-0.8559179560361896
2021-11-18,2.2065203917193577,0.0,0.0,0.0,0.0,0.0,0.0,0.0,0.0
2021-11-22,-1.7950272892662267,-0.7072092925382023,-9.249008454372753,-5.808478365187253,-2.3876415593593325,-6.623231858313616,-9.131407905309874,-6.884683292717353,-3.3093569090040464
2021-11-23,3.038162282326806,0.712246365017366,2.7003505809016337,-0.3333346048990937,-2.0143866234206276,2.906976615241441,1.7156881765419518,2.125697804045812,1.9345284386829364
2021-11-24,-1.270526189620047,0.5657752037113051,2.1204341267749838,0.3344494406205767,0.4405317189489555,0.5649631062755178,0.48192954925170284,2.533934191294973,-0.14598317389941107
2021-11-25,-0.3884909554449534,-0.984533124835163,-2.3255735058022586,-0.49999872843424775,-0.5847947508874296,-1.6853890444890163,0.7194226176781449,-1.853486668676707,-2.046785810888063
2021-11-29,-10.615478366849473,1.562502235174268,-8.84354060471172,-6.867675437893039,-7.352940970226152,-5.828574044363844,-4.52381315685455,-11.151077193161484,-3.28357753468983
2021-11-30,-3.381510771748031,-4.195804285346705,2.611944018703194,-2.6978418006579075,0.47618622322125326,1.213596896206659,-4.114707665753336,1.7206485255548243,-1.6975343163792012
2021-12-01,-1.8769404459497596,1.897808033692483,-1.0909097210364593,0.924214443812188,0.7898924381911865,2.1582770009893615,1.430427116117694,-0.09950476310495171,0.47095641046692727
2021-12-02,1.4813749460664383,-0.8595988914511077,-1.6544158593664537,-0.7325965610992413,4.702189788659505,0.0,0.0,-1.394425735604421,0.46875476837158203
2021-12-06,3.9965986394557618,-0.28901294373145925,12.242988240111474,1.8450184242133405,2.245510467396805,4.577457379043426,6.282053238306284,6.3636377648108144,1.0886421695481596
2021-12-07,2.9435813573180925,0.7246332583220161,-7.077437688676403,1.0869537424425646,2.1961946858418013,0.1122360163085867,1.6887834741979635,0.9496712631113402,-0.7692307692307665
2021-12-08,0.5295207836907512,-0.2877654057900747,-2.5089520902891405,-1.612899146034219,-0.7163351088572134,-3.139010432469913,-0.5931197887300343,-1.5051725840976249,-0.7751937984496138
2021-12-09,-2.4229654990782223,-1.8759062795927872,-1.0110326092805377,-1.2750468915915802,-2.020200143629136,-1.6203742796254694,-3.1026324687718487,-2.1967573070169055,0.0
2021-12-13,0.026990553306349696,-0.4411764903877069,1.5784591275669335,2.5830215709866433,1.6200314305213181,3.0588262221392437,4.802957724696499,2.148440155724596,2.499997615814209
2021-12-14,-1.01187263896384,0.5908464841787309,-1.005487668737659,0.8992806002193099,3.0434787716592027,1.2557038105384555,0.35253003188835397,-1.4340307646580674,1.2195168755581687
2021-12-15,0.4634046613056997,0.734209909313055,1.1080339549079943,1.9607884469476033,0.7032308433022605,0.11274215344825311,3.8641631889939188,0.8729310887547026,1.3554239536096135
2021-12-16,1.2617012617012646,-0.8746356074223915,1.0958911093080337,2.0979034037302613,0.13966800411944202,0.78828484146507,2.0293157989714095,1.250001146243207,-1.1887117614876819
2021-12-20,-5.533226152197212,-0.14705658618957562,-6.413731259501931,-1.7123287223834494,-3.626223516251703,-3.0167542999257835,-3.5359082301018696,-4.0835646952113835,1.9548918071546018
2021-12-21,3.3186782016735084,0.7363792888293919,2.7027066098243013,1.0452934811344683,2.604924879169057,0.5760280564821363,-0.34364609538438673,1.0891054705211678,3.2448331109406148
2021-12-22,2.5257378174330825,-0.43859649122807154,-1.0338378697248185,-1.7241379310344862,-1.6925297575972498,-1.0309187128607733,-3.4482758620689613,-1.8609165492009527,-1.714281354631697
2021-12-23,2.1020216896505683,0.5873692718371348,-0.28489884823750256,1.4035074334395548,-1.0042998125010527,0.0,1.4285677955264031,0.39920119786056585,1.017437379640218
2021-12-29,3.1077891424075466,1.7518248565411954,-1.9047609168070356,-0.5190298287550688,-1.1594191681209676,-1.9675933974392268,-0.7042235863993884,-0.8946336862212578,-1.582731617440425
2021-12-30,-0.025435584382549337,1.0043019934656172,0.48543002718421935,0.8695652173912993,-0.5865096898272193,0.47225455244357395,-0.7092180673083925,0.1002936302879398,0.4385897889925827
2022-01-03,-0.4579570029258351,-3.124997968023402,-0.8695608705764246,0.6896578032394851,-0.29498496028924626,0.1175114995637383,-3.57142857142857,-0.7013997799095395,0.4366856842567657
2022-01-04,1.4568690095846604,0.29325737588512535,0.09746318374515006,0.5136973103119002,-0.5917224457964498,0.4694830951162521,1.728396945529509,0.7063541463373291,0.0
2022-01-05,1.5241214258722602,1.1695861816406472,0.6815978845581494,1.362860692781509,2.3809572804273094,0.5841032080555086,2.5485417903318375,0.30060809640863884,0.2898506496263664
2022-01-06,1.724565756823826,0.1445130869479616,2.707934315224847,-0.8403361344537785,-0.4360495539146858,0.0,-0.4733745868389372,0.09990238414763208,-0.7225433844657125
2022-01-10,-0.5244542017319054,0.8658008658008587,6.7796587353545545,0.8474576271186418,2.189782444609789,4.878049861108025,5.350772986499774,5.389220929971383,3.784579649216635
2022-01-11,4.193231976459044,1.573672315081831,1.1463827009924765,1.0084007968421904,0.0,1.5503914447701606,-0.338595290665733,0.0,1.402524484149148
2022-01-12,1.000235349493983,0.7042275315073399,1.3949402774686481,0.6655599601240292,0.0,0.5452583458981808,1.4722484455649276,1.79923837910414,1.2448047835351916
2022-01-13,-0.03495281370150538,0.8391608570693432,-0.4299165641327596,0.8264462809917328,0.4285744258335722,0.8676781061724981,0.8928605640421639,1.6744214434956328,1.2295103325144607
2022-01-17,2.35431235431236,0.13869414179945583,1.8998333601209616,1.4754123375063877,1.7069684491852088,0.8602142157562165,0.0,2.195789244438684,-0.26990142018968877
2022-01-18,1.1500797084946557,-0.9695270134469802,4.152536515702376,0.48465142110720727,0.4195766793154032,1.2793164615673591,-0.7743413338730298,0.8952585567296278,-1.7591380580723848
2022-01-19,0.911854103343468,0.559438437283144,0.08137024614138788,1.7684862711071059,0.0,-0.5263177972090527,1.1148272397121906,-0.17746634384467885,-0.964183144565367
2022-01-20,0.12271307452029756,0.5563325017186704,-0.8130076801093122,-0.15797547444921234,-0.9749261350667227,-1.693120112608304,-0.6615198393705168,-1.4222208658854152,-2.642561176017555
2022-01-24,-2.239554317548753,-0.5532545667466193,-2.1311552798330524,-1.107596130520827,-1.8284122644124379,-3.013990679450329,-2.3307419641347304,-0.18034677627125628,-2.428567068917409
2022-01-25,1.9945292910872991,0.13908630876549033,0.5025214445943504,-0.8000000000000007,-0.859598031741915,0.998891790250922,0.0,0.09033630675265858,1.9033607090443994
2022-01-26,1.9331768912727698,0.0,0.24998737752655042,0.0,0.0,0.0,0.0,0.0,0.0
2022-01-27,-0.570050427537816,0.0,0.0,0.0,0.0,0.0,0.0,0.0,0.0
2022-01-31,1.8191841234840078,4.027773539225277,0.7481372680172349,0.48386973719443116,0.5780341244511877,7.692305273860667,-2.2727272727272707,2.3465724789903275,-2.586200376186165
2022-02-01,-2.284786139685979,0.26702474503050855,-0.9075936601900203,-0.4815397122542642,-0.28735604621978883,-1.0204120359534885,-1.3953452886537043,-1.763666724638402,0.2949807363423096
2022-02-02,1.3187056737588687,-0.39946738494724965,0.08326730710128682,-0.48386973719443116,-0.5763683216603144,0.5154658940003332,-0.9433997912352998,-0.897669464881734,-0.7352941176470562
2022-02-03,1.7062233402602933,0.13368780235429867,-0.16638473351824334,-1.6207455229087397,-1.0144952274475094,-0.4102560190054061,0.83332970028831,-1.1775372725553512,-0.5925948531539382
2022-02-07,4.613399290246267,0.6675588067438953,1.6666657211630298,-0.3294905443585461,2.1961946858418013,3.295568419846129,5.90318793406257,3.9413410741502286,2.8315969733019974
2022-02-08,-1.2438322368421129,0.13262397366682332,-1.6393433475374586,0.4958665075381008,0.5730653544946174,-1.7946097337346978,-1.0033377113754738,-0.7054666898553608,-1.0144883307857788
2022-02-09,-1.1658165920682695,0.5298053879817077,0.4166607572689829,-0.16447117660511879,-0.14244661071007858,-0.6091412923148409,-1.3513564599060723,-0.6216753736734693,-1.0248968467926
2022-02-10,1.4955239599789394,0.2635005905694321,0.0,0.4942326742831238,1.1412256932096465,0.9193069758792749,1.1415525312999053,0.0,0.5917182469050486
2022-02-14,5.4892601431980825,-0.9198403445366599,-2.4066343907959586,-1.1475422343269703,-4.372354529024792,-1.3157906167521993,-1.1286681909956076,-2.8596935373009003,-1.3235316557042687
2022-02-15,-3.177257525083599,-0.3978779921367859,1.3605411460800854,0.33167622797669605,-0.44248095693196765,1.435900957156444,-2.1689515513407476,1.6559365875883136,-0.4470870777724123
2022-02-16,-1.0057909174032376,0.39946738494724965,0.0,1.157026054445387,1.6296316076207962,-0.4044485385688912,0.23337757848174157,1.0859717962692805,0.8982012675301965
2022-02-17,-2.216748768472898,0.0,-1.677851467414715,-0.9803958845400751,-0.8746347173728353,0.0,0.3492379709363336,-0.8057309934929924,-1.038582435889035
2022-02-21,3.851805205709491,-0.928379957940384,-2.389081868444831,-0.16501398785315757,0.5882347166332069,-2.233505162524474,-1.9721543021201215,-2.7075829675143104,0.29985695170557936
2022-02-23,0.3436078827690814,0.6693399574862147,0.611888996173815,0.8264462809917328,-0.8771921263311722,2.1806857284670134,1.775147928994092,0.278299511954061,0.2989490936929462
2022-02-24,2.0143015409406884,-1.0638257722175304,-0.6081676850308138,-1.3114741591156553,-1.769916794731663,0.2032469896262601,-0.5813953488372103,-2.2201731311402573,-0.7451564998065319
2022-02-28,1.76720308026459,0.8064516129032251,7.0804196116296625,3.48836951413114,3.453453818964536,3.1440205924020193,9.005844383908968,6.717124490501503,3.0030030718050993
2022-03-01,7.615444315095088,3.200000000000003,3.8775574169119364,3.531301428380651,1.4513774538514657,2.654862360509891,3.648070426190131,2.3049666226663046,1.7492778488754857
2022-03-02,7.220769854863418,1.9379844961240345,-2.868372555246357,3.7209325982618724,-0.715303512659593,1.2452118741957507,1.4492769647961978,0.6932402423787343,0.0
2022-03-03,-3.0099209685555683,0.6337096935896014,0.32362662746883153,0.8968586852557747,1.440920804150836,4.730369105354226,1.7346907635124253,2.7538700342149225,1.2893894801365713
2022-03-07,11.841192787794741,0.25189686549484946,6.451609361276667,2.9629629629629672,1.9886344779005638,4.3360479597399415,4.914745913605878,4.899497979112932,1.8387596999608347
2022-03-08,3.2243063090993562,-1.0050327548297266,9.469697243189778,-0.7194244604316502,2.0891378684355866,-0.7792220874601075,-0.573612316322869,0.19960537298222558,0.1388867696126228
2022-03-09,-12.4643339840817,-1.2690278365634966,-5.70934195739472,-2.7536253998244997,0.6821308493218048,-4.013961925093956,-3.461536994347203,-5.1792873492102265,-1.5256567231633378
2022-03-10,-1.749871332990216,0.2570654760889024,-1.1009218500475537,-1.6393420255372049,-5.149052961359002,-1.0909080505370983,-2.3904397304817637,-2.521002072919387,-1.4084507042253502
2022-03-14,-3.6231884057971064,-1.2820551945612935,-5.751396283394506,-2.121214433149854,-1.4285700661795464,2.5735269303862385,1.0204081632652962,1.0344817380417926,-1.714281354631697
2022-03-15,-4.755865567533291,1.168831215155719,0.7874119578167305,-2.1671791706659005,-0.2898547920302419,-1.6129059824093184,-2.6262610849708046,-2.474402348512472,-1.8895392356012342
2022-03-16,-0.5040897850485115,3.2092466619977555,2.3437487534863743,1.8987353614766667,0.2906973923522793,0.7286054709987555,4.979248284632742,1.3123325855236567,0.14814588758680358
2022-03-17,8.498231526622702,3.2338270500524624,2.862591333922704,-1.0869576806735948,0.0,1.1753992390093115,1.1857753101024882,0.34542281620522086,-1.3313632340146375
2022-03-21,7.744493392070484,2.650606183913129,-0.3710522837857333,0.47095641046692727,1.4492739601511984,-0.08935903112141652,-2.148441938334089,-0.7745279989179621,1.649184638447898
2022-03-22,-0.6214735464878607,0.4225395095180495,2.793292066693942,1.406252384185791,-1.8571444920131186,0.5366678381449441,1.1976093953940836,1.040762257920358,0.2949807363423096
2022-03-23,4.928824158643952,-1.8232861095589525,2.3550737685274825,-0.15408085018491224,0.2911205423533403,0.35587155398177917,1.1834289252312669,1.1158808471902537,0.0
2022-03-24,-2.776035131744037,0.0,4.247785461011033,0.15431862563528576,0.43541669651223636,0.17730902692498773,4.288500576331611,0.5942330227954873,-1.4705882352941124
2022-03-28,-7.6463945797709325,1.2857164655412978,-0.3395537858448705,1.3867511628948614,-0.5780341244511877,5.4867245583538615,3.738317757009346,1.6877620491716039,0.746268656716409
2022-03-29,-1.493449781659384,-0.564177034231661,-1.5332212630259967,-0.4559316684557446,0.7267400154944426,-0.5872457581894808,-1.2612626359269408,-2.406638649483228,0.29629177517360716
2022-03-30,2.482489582409775,-0.2836836145279298,1.3840823277126324,-0.7633587786259555,0.14430345064282424,-2.531647097699541,-2.007296513568524,-1.4455788519156298,-0.8862607107350429
2022-03-31,-7.180551950860803,0.28449066793772015,-3.583618239085884,0.7692307692307665,-0.14409551584124713,-2.164502128757917,0.0,-0.3451247741709129,-0.29805805184827117
2022-04-04,0.8015658495665878,2.8368794326241176,2.8318569740073407,0.0,0.577200041036896,-0.3539819573261993,-1.4897564724294377,-0.08658206681121383,0.2989490936929462
2022-04-05,-1.433194637078139,0.6896551724137945,2.925990576463744,0.9160282047650181,-0.4304122507063579,-3.3747789228833036,1.8903591137153342,-2.599655040957982,0.8941855257306841
2022-04-06,-5.4315196998123705,0.6849315068493178,-1.1705656987420765,0.6051460440434253,0.8645524824905104,0.18381896947601284,-2.597405354815674,-1.0676146619453597,-0.14770824021977935
2022-04-07,-0.9721257811725059,0.0,-0.8460255441493536,1.0526269898378793,-0.14286041259765625,1.7431242266707114,1.904761904761898,0.6294936649695826,-0.29585348040910286
2022-04-11,-1.9132525292998026,-0.6802721088435382,-0.6825935077454992,-1.4880953056742086,1.0014331037693225,-2.344456495080971,7.1028023122627015,0.536196799523414,-0.7418397458166526
2022-04-12,6.638071895424846,0.9588999290988776,-0.17182355680191996,-2.2658611316443977,-2.4079331114982394,-2.2160643842002448,0.5235588849126893,0.622219509548616,-1.3452937299721301
2022-04-13,3.897720743152644,-0.2713662910768355,0.34423859660439593,-0.1545571543088209,0.0,-2.266286757885594,-0.34721693322966596,-0.883387195152785,-1.2121258359966802
2022-04-14,2.156880818508622,0.952376800329513,3.430529889753342,-0.15479640322461075,0.145141205741961,3.1884049424468985,0.17421336491778572,2.4955412326860715,-0.3067438000050049
2022-04-19,-4.81819002075251,-2.5606387798232766,-0.16583965106657939,-1.8604662991309362,0.2898547920302308,-1.591760968504441,1.5652200450067877,0.4347842672596913,-3.076923076923077
2022-04-20,-0.4171011470281538,0.0,0.3322302716564085,-1.2638218747278662,-0.14451197646795366,1.2369182836330816,-0.68493410175966,-2.077920061946714,-2.3809523809523836
2022-04-21,2.046644455021429,-2.6279411420200627,-2.6490051893949262,0.4799987792968752,-0.28943533094293317,-2.9135376843408056,-1.7241379310344862,-2.033602894582731,-2.2764252453315703
2022-04-25,-7.397388059701504,-0.7102272573335067,-9.013612010690286,-3.66241921178756,-1.3062362481095047,-11.035821410865609,-1.2280715139288634,-7.581228866172463,0.9983399401860549
2022-04-26,3.6466203283973098,-3.4334785028443227,1.3084182170156389,3.4710718580514,0.4411725313194337,0.21763284740909938,-1.5985749971186514,1.1718739086063135,0.3294905443585572
2022-04-27,0.3984838176693595,-0.29629177517360716,2.7675236337671993,3.035146281456158,0.8784764780346288,3.0401708122851145,3.610108203816109,0.482627339689512,0.9852191446434233
2022-04-28,2.400774443368836,-0.2971836085696844,3.41112686384748,1.5503875968992276,0.145141205741961,-0.5268724124423474,-0.1742200107316627,-0.8645547925753561,-0.6504089851689598
2022-05-09,0.84136887880506,-1.3412839736889337,4.340278089662686,-3.2061045406429067,1.4492739601511984,-2.3305013043820377,-3.1413599668886905,-1.6472876097002875,-3.436986131858155
2022-05-10,-3.8061310584044272,-0.15105510382316112,-0.16638247562371644,-0.47319092198340185,0.0,-3.145335720760034,-1.8018018018018056,1.280789352972822,-1.3559309102721184
2022-05-11,4.960530162752175,-0.1512836254606631,-0.16666884510707636,-2.5356553293377715,1.5714304787772138,-0.6718971731940804,0.366973876953125,-1.6536972831692198,-1.374569117823743
2022-05-12,0.3342618384401197,-2.2727272727272707,-5.342234268905022,-1.6260162601625994,-2.390999621682377,-3.720405050323794,-3.2906749761511644,-1.6815042736590513,-0.6968667512988858
2022-05-16,6.292800296131773,-3.565890290016349,-4.5855401888634795,-0.8264462809917328,-3.4582168008143177,-1.1709646594427858,-2.4574726167481353,-3.21931296109651,-1.2280715139288634
2022-05-17,-1.7151314643914284,-2.250806284094242,2.7726392712009273,0.6666692097981652,3.2835861685336143,0.2369722601664348,1.5503935570057026,-0.20789505537704978,-0.5328583323728875
2022-05-18,-2.524581450969965,0.0,0.0,0.0,0.0,0.0,0.0,0.0,0.0
2022-05-19,2.8898582333696687,1.9736854901274414,-14.02877500529428,-1.1589416312175471,-1.734102373353552,-2.0094571575342557,-3.8167937819853948,-4.5833387143079936,-2.857140132359093
2022-05-23,1.68698109874581,-4.999997538904988,-5.355648068382979,-3.6850933581648593,-3.0882357684798745,1.0856472014720397,3.769836614401778,-0.4366808135300104,0.36764143866252486
2022-05-24,0.5558933379657738,1.0186731045456199,1.1494234885383925,-2.260868238366165,-1.062218058278619,1.0739874863819665,-1.5296352748197628,-1.4254398692127634,-1.64834750244216
2022-05-25,0.5528202470415522,0.8403361344537785,3.9335704180537334,0.5338064643913398,1.0736222678858098,2.4793392151879923,4.660197137628952,2.44716654760766,0.931098683233289
2022-05-26,2.9207112790997414,-0.8333333333333304,-0.9251501198978107,-0.530972100992122,0.15174130217205928,2.534554212207918,-0.7421178377645443,2.605860696244422,-0.36900509248001256
2022-05-30,2.6708955846757476,0.8403361344537785,7.385396381278397,1.6014193931739973,1.5151500920837613,0.3370863812515834,1.1214924749926913,0.0,1.85185185185186
2022-05-31,2.0486139338265152,-2.500000000000002,7.509883167133968,0.35026404252898047,-1.4925359325276832,-2.9115366181022506,-0.924214443812188,-2.962960197064479,-1.0909063165838062
2022-06-01,-2.6527523301202893,-1.7094017094017144,-1.102935618773715,-0.8726003606586596,1.8181801105005002,0.34601767828374985,-0.9328358474513854,1.1995600410256824,0.18382071933127353
2022-06-06,2.283142389525361,1.5652200450067877,-4.275098148760959,1.5845097499432415,-1.4880938653975218,-1.9540239082867839,2.8248588382371542,3.771555943328342,5.137613279010167
2022-06-07,1.5201216097287862,-1.7123287223834494,-1.7475745814486077,-1.559794651609392,0.0,-1.0551014701678296,-2.014649276304392,-1.1422601803741883,-2.268759606230031
2022-06-08,1.82047442666875,-0.1742200107316627,6.719369716017054,-0.7042213319620294,0.3021145207289466,0.2369722601664348,-0.9345794392523366,0.10503439838980277,1.6071455819266278
2022-06-09,-0.565015479876152,-1.3961592455713712,9.98290529330783,0.1773022542831182,-2.56024216434092,-0.4728127857288822,0.188676366266205,-0.20985839086817837,-1.0544855408228249
2022-06-13,-0.023351755273604002,-2.6548672566371723,-3.3653792368587787,-4.070795109841674,-3.2457429384799674,-4.988124376345704,-7.6271174264427755,-8.201899767327536,-4.618114581446731
2022-06-14,-1.105574587355962,-1.4545440673828125,-2.5870669049492423,-0.7380101849600251,-2.555915629380845,0.625002384185791,3.975536785464606,-0.9163794719462381,0.18621689515898598
2022-06-15,-1.6217918438041323,-2.029524489546719,-5.924411909765437,-0.5576194076484131,-1.4754045435702912,-0.6211203670828613,-0.5882337981579333,-0.6936354750103124,0.3717486352707633
2022-06-16,0.6562099871959104,-2.2598813233996817,-3.148750929987776,-3.5514047212689692,-5.4908550411920665,-0.2499997615814209,0.5917144626156334,-1.047731676241892,-4.629629629629628
2022-06-20,-5.986643345523934,-1.7341069352958316,-12.10762235951427,-0.9689922767163739,-4.401408583723921,-4.010027204217092,-3.5294102687461693,-3.8823520436006453,-3.009707256428251
2022-06-21,0.2198731501057205,2.941176470588225,9.948975992222708,2.3483381580670093,9.944750993081474,2.088777120580776,3.252029368516429,1.3463850140763345,1.301296699206267
2022-06-22,-2.5061176272044516,-4.857141403924848,4.408354054360553,-2.8680688754906813,-1.8425403776055171,-3.4526851022964933,-6.496061587837721,-5.19323480925189,-3.557310852452167
2022-06-23,-0.9001211701575307,0.900902414546767,-3.6666658189561607,-1.181099376244421,0.6825931901308424,0.9271482523950159,-3.157894736842104,0.5095536603691109,1.8442654507162537
2022-06-27,4.532751091703058,0.0,-0.11534289266247333,0.7968081774949898,2.0338963325323256,2.4934391085823293,2.1739130434782705,1.901141925294425,0.301806255289816
2022-06-28,2.1054390508814302,2.182536588925066,-0.34641724595591006,3.359685403565571,0.0,1.2804085194010772,4.042556438040235,1.865666905994634,2.1063251432252628
2022-06-29,-1.153751738810238,2.135919367225414,1.9698733955921588,0.5736123163228912,0.0,-0.8849519111826853,0.20449585071724563,-0.8546971722914631,1.375239542745943
2022-06-30,-0.8443708609271461,-2.2813630856521216,-3.0681869535405637,-3.4220518807546063,0.9966767935156717,0.6377514403644646,2.448981148856033,-0.738909689507361,-2.1317800516462593
2022-07-04,1.6864251127066243,-1.55642612453043,0.11723598118276168,-1.5748016714081325,1.1513186272987141,-3.041822245620218,-2.490039802793831,-3.7220865399052894,-1.980198019801982
2022-07-05,-9.285714285714286,-2.3715355423496898,1.2880521916697862,-1.199996948242199,-2.439025903112113,-1.5686259354656729,-4.596526996795269,-1.0309329662834377,-1.1111095698192908
2022-07-06,-1.7648655986967077,-3.643730761455266,2.312147650399954,-1.2145794945047417,-1.8333355585734012,-2.523241061440762,1.3918580311832907,-2.213536500736646,-2.0429008874645604
2022-07-13,-1.2622074811129536,-5.357141426058886,2.2598847530436172,-1.639342724524051,0.679116515445588,-1.6348822874878377,-9.8204812270967,-0.6657814808390339,-3.2325322469202944
2022-07-14,0.5318652608006014,-4.88346459533261,-3.646407919901473,-1.4583349227905273,-3.035410346530354,-2.0775571037280005,-7.962532705221548,-4.021450257383375,-2.1551723429195646
2022-07-18,8.845368479673299,4.550760402283682,2.064212683364941,4.651164478699843,1.043477265731152,-0.990101413886213,11.323157377425662,3.770949534644208,0.9911826720659267
2022-07-19,-1.9698132514709643,2.120537453388094,0.0,0.6060590647687825,3.9586922777739897,1.8571444920131075,2.3999982561383915,1.0767214319182816,2.5081822555087063
2022-07-20,0.7828810020876986,-0.3278721877134738,-1.011226997428083,-1.4056240435010192,-0.6622510282393357,0.0,-1.7857126131349377,0.5326226449261284,2.127659574468077
2022-07-21,-2.6324874848955626,0.5482456323806284,1.021557260237782,-0.2036628864129364,0.9999990463256836,4.207569552349555,3.9772727272727293,2.6490040293054573,2.3958365122477288
2022-07-25,-4.059923765623619,0.6543142022723325,0.0,-0.4081648223254186,-2.640261533380839,0.9421288462805988,-1.420768362576863,-1.935485101515244,-2.136323538474283
2022-07-26,-0.840801995749807,0.541711791406585,3.9325887243973234,0.0,-1.5254262903920512,0.6666692097981874,2.771618719049984,1.3157882353605377,-0.8315960995234573
2022-07-27,2.1617592247484163,5.495687830178886,0.10811058250632666,-1.0245901799528778,0.17212098072847404,-0.7947075245154367,1.0787486870774465,0.0,1.8867876242905313
2022-07-28,0.036483035388545915,0.0,-1.1879115295102438,2.4844736685186053,1.3745690952998268,0.1335144083768558,0.4268959860264099,6.363633548777048,1.8518550496624986
2022-08-01,-3.2731582786287405,6.026559176630153,2.6229588502543644,3.0303030303030276,2.0338963325323256,8.266665140787754,4.357065399154747,4.395612073214705,6.2626231800426035
2022-08-02,0.39589028183617536,1.7340995852049623,-0.9584680436342086,-0.3921583587048083,-0.664451195677096,0.6157659044279784,0.4073335420669677,-2.105266680237472,-0.9505703697805234
2022-08-03,-4.403342409163469,1.7045483690976804,-1.9354871127326034,0.0,-0.16722790718962655,-0.48959561174413135,0.30426273468608933,-0.11947704920629576,1.5355145397080827
2022-08-04,-3.761539972500494,2.7932960496998893,0.6578993461579419,-1.5748016714081325,0.5025160948521012,-1.5990173752889025,0.5055611651018754,-0.8373169581210371,-0.18904023806017856
2022-08-08,5.582202265537295,0.18115665351263743,1.6339827183415645,1.199996948242199,1.5000025431315178,-0.2499997615814209,-3.4205246214143337,-1.688785813835636,-0.3787893292223399
2022-08-09,0.3382949932341006,-0.5424941070514389,0.10718359017802825,1.5810337468032731,-0.8210211737616491,0.8771951315045712,0.8333365122477288,3.803686308301968,-0.5703407714130249
2022-08-10,1.2041229168673562,-1.8181818181818188,0.1070688299621203,0.7782056406754334,2.649004112957365,-0.6211203670828613,2.169419842888076,0.23640075649142833,0.38241064217401366
2022-08-11,2.027412906910331,0.7407435664424256,0.10694411550329352,0.19305461446186278,-0.9677410423445276,0.8749961853027344,2.527805825509355,1.061322611394333,1.1428542364211092
2022-08-15,-8.340330254687933,-0.3676484509735012,-0.3205099793971544,1.1560663901366564,-0.3257325954627577,-0.3717439170466408,1.3806720954748775,-0.116677661185427,0.18832823294168133
2022-08-16,-2.9414758269720065,0.18449902714663402,-1.607712966311503,0.5714271182105657,0.0,0.0,0.9727626170366266,-0.1168250980329244,-0.37594127832941693
2022-08-17,1.9505033557047025,0.3683255354503645,0.32679446594656714,1.3257590398753738,-0.980391240220746,1.7412978107836707,-1.1560737402275034,0.3508740620111306,0.188676366266205
2022-08-18,-0.894877597202226,-1.467888508367976,-0.3257299983380757,-0.7476664035119596,-0.16501241153626944,-0.3667565467757372,-1.5594527270140879,-0.9324000514850717,-0.9416196127457144
2022-08-22,-1.338868707836005,-1.6759804713076143,0.10892456290969577,-2.636530605295506,-1.4876057810001453,-2.085884753543632,-0.5940578951693976,-2.1176506491268343,-2.2813630856521216
2022-08-23,4.660214601304435,-2.462119802736795,-2.6115319050771246,-2.3210846135995777,-1.3422805905036084,-3.5087745506153456,-1.9920318422350647,-1.923075159625831,-1.750975679301825
2022-08-24,0.38194793446577613,-0.19417179440989196,-0.11173440329556028,0.7920822294631646,-1.5306148101401518,0.0,2.2357692216738334,3.0637255474861957,0.19801678043780413
2022-08-25,-1.0613797937318536,3.1128374058812636,1.0067131634477366,1.9646364833438623,1.2089839744830355,1.9480532348447932,1.192847510773487,0.0,2.569176069091572
2022-08-30,0.5363829571905621,-2.8301886792452824,0.1107445091644843,-1.7341069352958094,1.3651863802616626,-3.184713414486362,-2.0628743031058105,-1.5457802235385398,-0.7707158268183356
2022-08-31,-2.808536339842971,-2.9126213592232997,-4.203541106686282,-1.7647088742723471,-1.5151540693756127,-3.289473725487979,-4.212634981746833,-3.7439607823308574,-2.718449564813419
2022-09-01,-4.464008285862253,-2.0000000000000018,-0.34641724595591006,-1.197601781227653,0.170944086236946,-1.3605429378242606,2.617801047120416,-1.2547039807408011,-0.3991955176315787
2022-09-05,2.1465741543798877,1.1224474225725478,-2.665127379613541,1.0101010101010166,-0.3412965950654212,-0.13793419147359876,0.30612556301816696,-2.033034939501066,1.6032048348648908
2022-09-06,-2.961154744215655,-2.522704377894469,-3.095229607320038,-0.09999847412109908,-0.5137022093236632,-1.6574570352582918,-2.2380513828451742,-1.6861233955604682,-0.5917144626156334
2022-09-07,-5.031171387947076,-2.7950279408808787,-1.7199058650850807,-1.701706257928659,-0.6884675085537251,-1.6853916782002765,-3.850152972935339,-1.8469639563946871,-2.4801586550709964
2022-09-08,1.3359437982264133,-0.10649464589576052,-1.3750016689300537,-0.4073257728258617,-0.34662012118936714,0.0,0.432902077135644,0.0,-0.3051912944497581
2022-09-12,6.205250596658729,1.492530757927435,-1.2674259356750817,-1.02249485561956,7.478257884149975,1.5714304787772138,0.10775697287996877,0.9408625150942429,1.632651504205196
2022-09-13,-1.508828250401284,2.94117977049948,3.33761527798504,0.7231373204274805,1.2945048991161556,2.390999621682366,3.982773829354014,2.9294245470935953,1.0040160796386255
2022-09-14,0.8583224684919566,-2.8571459711814517,-2.236028582744043,-2.051282051282055,-1.2779616232937885,-1.785715806240895,-1.6563131463710468,-1.6817608553706065,-2.087473663989481
2022-09-15,-3.824194764623501,-1.050420201739788,-1.9059732852432676,-1.8848199494846063,-0.3236242958260749,-1.9580400645910934,1.0526315789473717,-1.3157882353605488,-1.3198000525460163
2022-09-20,0.38082437275985814,-1.6985122356216187,-6.994818348817877,-3.9487695504259124,-3.5714252539158053,-8.273899880253332,-4.6875,-4.66666539510091,-2.0576132333265162
2022-09-21,0.26779736665922815,-0.6479465270064488,-2.7855127304566296,0.22221883138022758,-2.525254106438868,1.710733070778736,-0.5464480874316946,-1.1188800369091978,0.0
2022-09-26,-8.134876474515917,-6.521739130434778,-4.154727235824874,-4.101992320870373,-0.5181301065430466,-2.293579453247152,-11.648349971561645,-5.374824684786706,-7.563022246898421
2022-09-27,4.142943670502719,2.441858690838483,0.44842649797607326,0.5780346820809301,0.6944437545759241,2.660408135304748,1.616909698620872,0.7473798724970226,2.727274461226026
2022-09-28,4.164243340700247,0.45403125176717296,3.273813599665809,0.6896534185300007,3.448272460139279,3.5060978823123756,2.3255833498777134,1.6320495140930147,1.6592920073907225
2022-09-29,-0.15633724176438157,0.9039582505737886,-1.152736643320651,1.3698682631726689,0.8333365122477288,1.1782021230559936,0.11961540184959318,-0.43795231224605935,0.7616941638951547
2022-10-03,1.4204227715020723,3.9193727663944466,4.081628681073313,1.463958758656303,0.0,0.5822410847067028,2.1505413588854827,3.0791793674664447,1.5118807224064446
2022-10-04,3.3745037494485874,0.0,0.0,0.0,0.0,0.0,0.0,0.0,0.0
2022-10-05,0.6507360785150462,-0.10776519421002995,4.481795205115091,2.552722631197857,-0.3305781867105284,3.3285097561850607,-0.8187098809850135,0.5689894830617437,1.4893633254030814
2022-10-06,1.377848436671969,0.7551290190738413,1.20643635559885,2.4891724939194226,1.1608572535430017,-0.5602235658404231,3.773581171086837,0.565770309502378,0.4192888044874943
2022-10-10,1.547307893361194,-1.9271980967356606,-2.649010345029268,-2.8511056338448193,0.0,-2.8168987598808592,-3.181821649724803,-2.390999621682366,-2.2964556446288698
2022-10-11,-2.017914135694421,-0.6550201791658439,-0.4081596375570484,-0.652172254479455,-1.311474179619243,-0.43478564338703674,0.0,-0.8645524824904882,-0.1068359783667483
2022-10-12,-1.8177997268046697,0.6593389825506613,-0.9562864756803569,-0.21882338544608748,1.328902391354192,-1.0189184278060814,0.4694853758292039,0.2906973923522793,-0.10695023970170858
2022-10-13,1.8407534246575263,-1.3100403583316766,-1.2413814150053715,-1.3157861714877317,-0.1639303639510481,-2.205883693530053,-0.8177534587851865,-0.43478564338703674,-1.4989309454036759
2022-10-17,-4.329550231189561,-0.5530973357969038,0.5586586970037777,0.6666649712456563,0.8210133439234601,1.2030063542673552,-0.5889281401809998,0.1455637416072797,1.413046795388917
2022-10-18,-1.7355008787346304,1.779753556133712,0.1388920714826547,1.5452555733527884,-1.9543955727765794,2.6745888236030746,-1.4218063459024766,-0.1453521615624065,1.6077169892136922
2022-10-19,2.1014978761457748,-0.10928794985911594,0.0,0.21738798721977481,1.328902391354192,1.1577413237717327,3.245197928692689,0.8733616270600209,-0.1054916669792072
2022-10-20,0.19706590759798193,0.656453461821016,0.27739224439247145,0.32538293024695353,0.655737089809616,1.2875558731741288,0.0,1.7316070038779552,0.9503712300759748
2022-10-24,0.05463286713285331,-1.9565250562585068,-0.9681904768562677,1.6216216216216273,0.16287018077021376,-2.542370484156753,-0.11641265697878156,-2.127660869634629,-2.6150628032454937
2022-10-25,0.20749153652943608,-1.4412366589205305,-1.536308086891991,-0.9574484317860676,-1.4634170925571954,-0.8695643760907368,-1.398606684096304,-0.7246404354172786,0.3222374400373429
2022-10-26,1.2750653879686213,0.11248422092768884,-2.269508083979077,-2.6852846841828093,-0.9900980750178201,-1.9005864260358662,-3.0732843038010493,-1.6058413875307154,-4.603857581914905
2022-10-27,1.3343376735176937,-3.146070844671711,-2.612479416932656,-0.882997169797739,-0.1666704813639286,-3.5767547927108456,-1.2195121951219523,-2.6706206891867756,0.2244720326171512
2022-10-31,-0.9238611022618692,2.088170667614553,1.6393462427577443,-2.0044576732590413,-1.8363883285543503,0.3091187260443773,0.12345490632232892,0.30487776068546246,0.7838711358570505
2022-11-01,1.950696677384789,-0.5681818181818232,-9.970678710556847,-1.1363636363636354,-2.2108862569857,-1.8489967610338942,-4.315659760606339,-1.519755407174006,-1.4444478352864776
2022-11-02,0.9987384356602069,-0.7999965122767905,-0.4885950101553127,-0.6896534185299896,-1.5652200450067988,-2.1978001412994996,-1.9329897287307718,-2.3148162797209215,-0.9019114429395958
2022-11-03,-0.8119079837618282,0.6912424574032849,-0.6546638458094445,-0.9259294417005237,-1.060069688994325,-2.8892428216299004,2.233908819610342,-0.631910937363922,0.0
2022-11-07,4.806380522615172,2.4027442076179906,-0.8237263479545898,0.35047086110464587,0.8928605640421639,1.6528909335525421,-0.3856080205526857,0.6359294450813069,0.6825921088800424
2022-11-08,-3.0239311104435895,-0.6703893565598862,-2.491695944230643,-0.8149063622843289,-0.5309771557870824,-0.9756088105549399,1.0322620022681361,-3.6334916563289132,-0.5649717514124242
2022-11-09,-3.923593185338148,-1.0123751523411606,-2.3850062898640334,-1.0563309022547318,-0.35587155398179027,-3.4482764020577927,-0.25543367795849425,0.163938180953771,-0.5681818181818232
2022-11-10,1.2896292315959235,-1.9318147139115727,-4.013961925093956,-0.4744976410419821,-0.5357095264657774,-4.761908237394186,-1.6645268217182374,-3.764321015508598,-2.1714303152901793
2022-11-14,-0.7002652519893848,-0.3476280893963457,2.545452117919922,1.0727074010854487,0.5385948302806476,1.7857126131349155,-2.2135475391726667,1.8707424240876014,0.23365021168451072
2022-11-15,0.7586280585532679,0.0,1.7730479964511048,-0.23585444627242103,1.071427567880967,4.561407676877738,-0.1331537631862334,1.001676492643666,0.0
2022-11-16,-1.79215270413573,-0.3488407578579378,-1.0452952120563075,-0.7092180673083925,-0.8833871951527739,0.1677810735012608,0.53333536783855,-0.16529303415808716,0.23309666798210227
2022-11-17,-1.7384731670445963,-0.8167992685751524,1.76057014950608,1.0714303879510778,1.6042722568413215,-0.837516175123687,0.795753928353915,1.3245020564786714,-0.6976726443268522
2022-11-21,-2.8131868131868187,-3.2941212373621465,-3.1141920180267513,-3.4157850103158527,-0.5263111223693051,-3.547297895956081,-3.289473684210531,-3.26797080073582,-1.756440249647362
2022-11-22,0.23744911804615132,-1.4598503561961906,1.0714275678809893,1.0975628364376933,-1.234570912160038,-0.17513535577980965,-2.3129210180165782,0.1689147283075343,-0.7151352362443353
2022-11-24,-3.4517766497461966,1.85185185185186,-2.1201393779886613,1.8094088931129182,-0.5357095264657774,-2.8070149608081407,1.1141997052376063,-5.059017244217268,-1.800720222144514
2022-11-28,-2.4418740507068604,1.21212121212122,-2.8880839081918186,-2.2511866013371185,-1.7953389297634348,1.6245515019423618,-1.2396715493041222,-1.2433422777705982,-0.6112469209611504
2022-11-29,-0.3353293413173697,-1.556889882344703,-3.717477357769139,1.0909109404592776,-1.645332343743644,-0.7104788817042573,-1.9525717657909891,-1.0791356726084111,-0.2460080813396659
2022-11-30,2.8719057918769497,1.0948924078982847,-1.1583000920443065,-0.47961812777039814,-0.5576247057657802,4.114490389897552,0.0,0.3636360168457031,0.0
2022-12-01,0.7826188529377331,0.0,3.3203140643309315,1.2048192771084265,0.934583021049562,0.0,0.0,2.7173930414082115,0.0
2022-12-05,-3.3843300880853078,-1.083034347057421,-0.37807147581734313,-2.8571446736653683,-2.9629689152511185,-0.1718252334515169,4.551915802743589,-0.3527333449276804,-1.3563483289979361
2022-12-06,-4.126679462571969,0.2433145803675263,3.415556527326147,0.49019795754747797,1.5267252678933252,3.9586922777739897,-2.3129210180165782,6.194688473006238,0.12499809265136275
2022-12-07,-3.5160160160160214,-1.4563162080280523,-2.018342394989514,-2.4390243902439046,-1.5037668789816938,-3.4768218455840327,-3.6211782632395995,-3.8333336512247684,-0.8739038221933892
2022-12-08,-1.413565036960196,1.1083763050540485,0.5617927362165709,1.8750000000000044,-0.5725140130070971,1.2006890665082315,1.0115673533342529,3.1195810907042487,0.8816082302139927
2022-12-12,2.6045777426992878,-4.263093867295553,-4.469269576030488,-1.9631883118050197,-4.798464456229001,1.5254182084064372,-8.72675558749445,-4.705878015914966,-1.7478171692240863
2022-12-13,2.743589743589747,2.2900802629792105,3.1189053380664022,1.3767189650988998,0.8064508376086854,1.8363962891082108,4.075238745940357,2.4691334144937738,-0.12706286912164133
2022-12-14,3.980534065385566,-0.6218905354610782,1.8903573790866046,0.0,2.6000022888183594,6.557378715098938,-3.1626482317212545,2.9259910149433965,0.1272245242523784
2022-12-15,-1.1880475219008702,2.2528102477948897,0.37105716923802046,0.6172839506172867,2.339179003549785,2.769228128286505,1.7107284944227086,3.511706312327223,0.8894594724026428
2022-12-19,-0.8258440612096241,-2.3255740115731283,-2.218112549790263,2.5766852443203536,0.0,-0.1496968907432561,-1.3761490900313977,-3.231022362738112,-0.7556655700132864
2022-12-20,-2.7063433749693777,1.1278118572259022,1.7013261481454434,2.8708152747417115,-0.9523845854259694,2.698648070160692,2.0155086073764483,3.005013556823233,0.8883209659045432
2022-12-21,1.0069225928256653,-0.9913202634646345,0.0,-1.3953452886537043,1.9230843295715339,1.6058413875307043,0.9118517420875216,1.4586734436792703,0.503146573432578
2022-12-22,-0.8348909657320935,0.0,-0.5576247057657802,0.0,1.5094324684347127,-2.586204415977922,-0.30121170638643946,-1.4377020654513073,-0.500627682402921
2022-12-28,2.6639859261121,4.505630044268627,0.560751595198572,5.542449031957619,-1.486987397850037,-0.44248095693196765,3.0211481755258784,0.32414879544906405,4.402515723270439
2022-12-29,-0.9057527539779842,1.7964071856287456,-0.7434936989250462,-0.11173013868278625,0.0,1.185184054904509,-0.43987600555313033,-0.16155458464287564,0.24096017860502084
2023-01-03,-0.7411067193675791,0.7058805577895289,3.9325848716540435,0.6711392213426315,1.5094324684347127,1.7569529560692576,0.2945463089068845,0.0,-0.2403809562235848
2023-01-04,-6.284221005475354,1.0514036704696972,-0.5405443022944878,0.0,-1.1152405483875416,-0.2877695176315087,-1.0278956885853563,0.3236242958260638,-1.566268737057619
2023-01-05,1.8855397689549802,-0.5780346820809301,-0.7246369925949403,0.22221883138022758,0.7518789579387564,1.2987035327166385,-0.7418397458166526,1.9354897756111988,0.0
2023-01-09,1.0035188322689903,2.79069944869641,1.4598526172921567,3.1042163486596053,0.7462679264300887,-1.2820534591513222,-0.7473841384093016,0.4746793062713639,1.4687939075407108
2023-01-10,1.1612903225806548,-0.4524904060796975,-0.7194237817389371,0.5376344086021501,0.37037001061668295,-1.154400082073792,3.9156602626097214,-0.31496033428162207,0.12062541891495471
2023-01-11,3.45663265306122,0.7954510775479262,1.6304375525157955,0.0,0.922503933466623,-1.6058413875307154,5.072463768115942,1.7377588442371028,2.168678375611832
2023-01-12,1.8246825298976699,-1.3528714650829055,-0.5347630854610319,1.2834191959809615,-0.9140715871207239,0.8902139711311374,1.1034524851831984,0.0,1.4150906899257576
2023-01-16,0.07264802034145923,-1.7142857142857126,-1.4336904085998858,0.6335861909726681,0.0,0.29411735831659236,-1.7735375138250298,-2.4844696582373316,-1.1627906976744207
2023-01-17,2.093163944343601,3.488372093023262,-0.545458360151807,0.0,-1.6605193970666732,-1.0263954530711494,0.2777735392252456,0.31847102322191123,-1.17647058823529
2023-01-18,-0.711068973690443,0.0,0.0,0.0,0.0,0.0,0.0,0.0,0.0
2023-01-19,1.551682979231317,4.7190976946541285,0.18281954781365073,-0.8394575300520346,-0.9380809495948439,-2.37036810980904,3.8781207342225565,1.2698400203813742,0.9523845854259694
2023-01-23,2.891396332863194,-0.21458900728638097,1.0948894629691397,0.5291005291005346,0.3787875024959586,1.0622108225101012,-1.0666707356771,0.62695863848794,4.481126516049705
2023-01-24,-2.6159469956591352,1.720428466796875,0.902530524894396,0.8421084755345198,-0.3773581171086948,1.2012000831672642,2.1563425462560515,0.7788117336996692,0.3386039017206466
2023-01-25,-0.19941348973607775,1.5856237042227272,0.17888643598782394,1.6701444918082897,0.3787875024959586,-0.4450999108300491,0.2638482060556502,0.9273635481048759,0.6749139075621136
2023-01-26,1.4221908791725468,-0.20811337296331445,0.7142850452539706,-2.053388058180472,1.132074351326029,0.14902760041473062,0.526317797209086,-0.612564125650461,1.5642475149485024
2023-01-30,-1.6108471433538107,-2.7111558214307996,-1.595738969526117,-1.0482180125843454,0.7462679264300887,-0.44642461172362813,-2.2251368372825153,-2.465329014711859,-1.9802013438309563
2023-01-31,-1.7432273262661946,0.9646236517110163,0.3603600043095678,-1.8008522777096192,-0.37037001061669406,-0.5979067490418877,-0.9370776129043024,-2.685625250282997,-0.561167237444149
2023-02-01,-2.169743466794538,-2.760083395278279,1.7953303689529632,0.21575467553507366,3.903346350928394,-1.654137322359328,-0.27026614627322365,0.3246750230832429,-0.5643340954978093
2023-02-02,-1.2743536331332073,0.0,1.9400376020153987,-1.6146393706809037,-2.325583379111973,-2.140670753856233,-2.439028424559042,-0.6472485916521498,-0.9080538436084917
2023-02-06,-0.11170410822886057,-0.43668289578839836,-1.9031164277077406,-0.10940751909374047,3.296700129689234,-2.3437514551915006,0.0,0.16287018077021376,-1.3745756422542943
2023-02-07,3.031809145129216,0.43859817901741316,-1.0582000347830411,-0.21906305690189143,-1.7730479964511159,3.8399963378906277,-0.9722179836697098,-0.48780828200226667,-0.5807201032068332
2023-02-08,1.5074770863482856,2.838426329074273,0.8912604760738851,1.8660862855224059,0.5415200363704464,0.15408673704950804,3.0855495849630987,1.4705907560595977,1.7523364798347263
2023-02-09,-0.8435309492693444,-2.760083395278279,-0.5300306321546766,-0.5387930857298939,0.0,-1.5384600712702867,-3.129255852731716,-0.3220608825065474,-1.9517760941721307
2023-02-13,3.0194104960460155,3.165940583173943,-0.532863396066352,0.8667339067309543,0.8976609040712402,0.0,-0.9831418233782196,0.1615468812962595,0.35128268969919496
2023-02-14,-1.1863224005582818,0.5291005291005346,-0.1785670038388143,1.503761062110076,-0.7117431079635583,0.7812455180101541,-0.8510616654199943,-0.1612863282629995,0.700123833000843
2023-02-15,-1.0004708097928416,0.21052310341280744,-0.17889496616928513,0.10581849113342479,0.0,0.7751967785028624,2.0028633695531317,-0.6462029318783036,-0.3476280893963457
2023-02-16,-0.32100820354297177,0.10504843143011033,0.716845204299954,1.0570824694818182,-0.8960522326404985,0.7692337036133035,1.6830251008139285,-0.48780828200226667,3.2558175020439784
2023-02-20,-1.252385496183206,-3.5676824942307173,-2.4911008778724986,-1.4644367659251256,-1.446661799421256,-1.9847345138219619,-4.275859964304962,-1.7973800446762112,-3.0405455910435086
2023-02-21,-0.7851189757217103,-2.393911361380352,-0.5474490821885558,-1.5923567394850013,-0.18348169531453573,-2.336450055838968,-1.296832141341242,-1.1647282694763006,-1.7421603096205107
2023-02-23,-0.07304601899196239,-1.226308262592013,-2.3853145349244986,-1.9417426986198305,1.102940113022699,-1.913873778694175,-0.14598317389941107,-2.693600098835336,-2.245864728307445
2023-02-27,-1.023391812865504,3.7246084747074804,-4.135343231767319,1.1001099925342706,0.545458360151807,0.16259759170103028,-0.7309941357396377,1.5570877592358423,1.2091898874262874
2023-02-28,2.424913835548992,5.114251218938959,-0.39215649608830283,-3.6996751571559794,0.7233265883440865,3.084416589722472,4.270988896478323,2.7257295974210782,0.3584265982032653
2023-03-01,0.5648359572167028,-2.6915098500934542,0.3937004178520276,0.677964377537954,1.077198221371778,0.0,-1.5536808701992144,-0.4975158999091178,0.11904580252510844
2023-03-02,0.5616634799235243,2.234040929916059,0.19608292291832807,1.4590382424477744,-0.532863396066352,0.1574839217641566,0.573890306158753,0.5000034968058342,-0.5945303318333095
2023-03-06,2.032085561497321,4.058274284914942,0.7827780980020682,0.7743328942774408,4.107143267685087,-1.1006316067904809,3.708985065214976,1.9900477841425568,2.0334983357242153
2023-03-07,-3.296063358956436,0.0,0.0,0.0,0.0,0.0,0.0,0.0,0.0
2023-03-08,-1.1200770805732896,-0.8000030517578249,-0.970877472018683,-0.3293034329177491,-2.2298476182188276,0.31796472254064234,-0.5501979549863423,-2.764228839963756,-1.524036348473523
2023-03-09,-1.3398294762484664,0.0,0.0,0.0,0.0,0.0,0.0,0.0,0.0
2023-03-13,-1.6419753086419742,-2.5201613678520363,-0.19607357316997476,0.22026094881097968,0.0,-1.9017414682609757,-0.13832102253722445,0.0,-0.4761922927129847
2023-03-14,-3.6400150621312966,0.6204820294221758,0.0,0.5494505494505475,0.0,-1.9386087956349107,-0.27700409514634927,-0.6688956810275148,-2.1531046115036534
2023-03-15,-3.2174026312361548,-1.438850443955475,-5.304518130303748,-5.245904974598703,0.8771963580347819,-2.306430632018175,0.5555576748318192,-4.040408175814525,-1.3447506876248183
2023-03-16,-1.5881561238223374,-3.0239848589536544,-1.7634862058038991,-1.3840795737957823,-1.217394289763074,-2.6981425302492035,-3.3149191647752096,-1.7543843505050893,0.0
2023-03-20,-0.9573304157549312,0.0,2.1119303445160664,1.8713432445860656,1.5845097765472271,-2.2530349197686372,-0.14285496303013678,2.6785731771771015,1.486994576228251
2023-03-21,3.258768296050807,2.9032225249915777,1.551185287971224,2.755455301864318,0.519934313821846,3.7234050198272195,2.1459226999367864,0.5217427792756357,1.3430994549780584
2023-03-22,1.7384327360256746,-1.4628985800715588,0.9164985273403259,-1.229048574436975,-2.068971697413635,-0.5128159565854884,-0.4201723324180562,1.5570877592358423,-1.3252993664109591
2023-03-23,-2.3264984227129304,-0.42417975920887585,-0.1009104847206399,2.149322955976052,0.3521123508970936,-0.515467507276457,1.2658249580785652,1.0221455527988699,0.48840234240106195
2023-03-27,3.3508276140492566,0.0,0.0,0.0,0.0,0.0,0.0,0.0,0.0
2023-03-28,1.6536458333333393,0.0,0.0,0.0,0.0,0.0,0.0,0.0,0.0
2023-03-29,-0.7173049827078115,-0.31949206270793784,1.0101049022522401,-0.5537098373223692,1.754392716069586,2.7633825296417003,4.4444402058918975,3.035418387629374,1.3365716079370094
2023-03-30,1.2127467423558302,2.136752171585732,0.7999992370605558,0.5567928541291955,0.0,1.6806787340398088,0.6648936440039055,0.0,1.0791385004946807
2023-04-03,9.381771829190576,-2.0920502425963994,3.3730174123144385,2.990029741964273,3.448272460139279,3.966938240526119,3.5667168909964353,5.728312552936909,3.440087534402392
2023-04-04,-0.12819018762382228,1.4957281503225506,5.7581610084126655,2.0430123934181754,2.166668574015307,3.3386333771154186,0.765304161279956,2.4767778090912573,1.9495466022158014
2023-04-05,0.2217036172695419,0.842108475534542,0.18148369563149025,-1.2644937390327349,-2.7732475223526176,0.7692337036133035,0.1265803469887361,-0.755282700333193,-1.3498363971202076
2023-04-06,0.7800675282337854,0.0,0.5434820636234017,-1.1739578547998453,0.6711402952518153,-0.6106864227211628,0.7585315874783172,-1.0654515956226462,-1.710376342299369
2023-04-11,0.8780036968576654,-2.4008381821399194,-3.423424336771097,-1.6198704370596784,0.9999990463256836,-3.072200907382261,-2.2584636026174443,-1.0769257178673386,0.11601636549440908
2023-04-12,1.1337608795235932,0.320858878885355,1.492535852860155,0.43907961863747236,0.3300326916726215,0.15848223411283335,0.6418485111760797,0.777607963759186,-0.6952561787927025
2023-04-13,-2.038274261125572,2.3454124484710848,1.1029401130226768,-0.3278721877134405,-0.9868411765204255,0.9493661574342616,4.081628681073313,0.30864168005624304,0.11669324046306162
2023-04-17,-1.0172234423766136,-0.10416507720947266,0.18182234330610392,0.8771963580347597,-0.49834235719935505,1.0971738803856157,-2.205876784341043,1.846152085524344,1.2820494580373598
2023-04-25,-4.087352563353964,1.147026544962304,0.7259520905890327,2.1739130434782705,-1.1686093071611503,1.3953512441754023,-1.7543878099489207,2.719037889538889,4.3728370030369
2023-04-26,-3.579690734201868,0.0,1.9819757278725758,-0.212762710895964,2.0270250677801416,-0.30581010769376027,-0.12754907165158924,1.1764694332664138,-0.11025190461488865
2023-04-27,1.1617628488445497,-1.8556732492348682,-1.4134262519924556,-1.5991470695073562,-0.16555880973233572,-2.9141113155871423,-1.149427191316954,-0.872092177056838,-1.3244999651793044
2023-05-02,-4.244164274123086,-0.8403313529497303,-0.8960522326404763,-1.9501657554100382,-1.16086516128997,-1.737758844237114,-1.9379844579182182,-2.639300595969518,-3.467559755268823
2023-05-03,-4.9537218094120705,-1.4830524398827594,-1.0849985052492128,-0.6629817393603243,1.8456398122541628,-2.0900263985339285,-3.162057282779629,-3.61445445698767,-1.3905035170358238
2023-05-04,0.12343985735838725,1.8279537077872776,0.0,-1.0011140273672114,-0.9884669041635097,4.105090209131856,1.224491871944089,3.4374966705218446,-0.235014044451487
2023-05-09,6.52054794520549,0.9503712300759748,1.0968998522502105,2.9213466001360544,5.324453954035135,0.47318189667466815,0.5376364484882101,5.589122234974697,0.5889281401810109
2023-05-10,-1.3631687242798396,-0.836815308715555,-0.18083595845256317,0.655020179165855,-1.5797773434098494,1.4128752622417196,1.7379617236963796,3.433480054562721,0.7025743131155338
2023-05-11,-1.7992177314211322,-0.843885048527937,-0.18115492897156082,0.8676822974374776,2.5682158414488176,0.3095972261364155,2.4967169040417625,-0.9681904768562677,0.4651180533475685
2023-05-15,0.18587360594795044,-0.4255335381690539,-0.7259607446205685,-2.1505376344086002,0.6259775068669482,0.0,-3.205128205128205,-0.13966134438246902,-1.1574073869668577
2023-05-16,-0.41081367611978115,0.21368010779616586,1.8281606088731195,0.0,0.15552455907947849,1.8518500803375026,1.324503311258285,3.076920101500291,-0.3512916234163055
2023-05-17,2.43512974051896,-0.21322448947721506,1.2567269778618329,0.0,0.46583435876770274,2.878788787361919,0.6535947712418277,2.035279480279839,0.5875440763398521
2023-05-18,-1.597817614964936,-1.1752120641596253,-0.5319101716554586,0.21977686620022752,1.5456010001936082,0.736379838229273,1.298701298701288,-0.265957193846289,0.11682064942011294
2023-05-22,0.026402640264011623,-1.6216216216216162,0.5347545856901448,-1.2061387181244942,3.652964457343,-0.4385995488172312,-3.8461538461538436,0.7999992370605558,-0.11668433801866884
2023-05-23,1.1746073643922328,0.10988843310011376,-0.886519770945704,0.0,-1.6152736334606677,1.027902676204806,0.0,0.5291000285156278,0.23365021168451072
2023-05-24,1.7349334724758636,0.43907961863747236,-0.35778140215709797,0.7769196331759876,-0.29850718650553665,-1.0174443386192444,-1.466664632161463,-0.13157568644945883,0.5827505620231488
2023-05-25,-2.9875625080138413,-1.0928961748633892,-0.35906607379057043,-0.770930125671565,1.04790678832678,-1.4684273931396485,-0.9472321558634866,-0.5270087094713327,-0.6952561787927025
2023-05-30,-3.0134813639968283,-3.314917127071826,0.0,0.0,3.9999997174298363,-1.639346242757711,-0.9562800238053559,-0.3973537622577239,0.23337757848174157
2023-05-31,-1.9078768056691064,-0.11428397042411165,-0.9009043066040667,-2.108769764768237,0.14245340326219935,-3.3333302025842726,-1.7931076575969818,-2.3936147446166234,-1.1641443332206847
2023-06-01,3.056404556821346,1.8306618377430306,1.0909080505371094,0.11338560881619664,1.7069684491852088,2.9780572697859498,0.5617999199770685,3.4059944796030583,0.1177838307701462
2023-06-05,3.2758155837152803,2.1348331751448457,2.3381315787555312,1.5854969967144417,0.4195766793154032,3.3485507525644387,3.2122948334825985,-0.26350435473566636,4.000001795151653
2023-06-06,-0.5090719227254903,-0.11000932061879798,-0.7029870202245103,0.0,0.0,-0.7363798382293174,0.13531592971087747,-0.6605044861430986,2.9411746937130445
2023-06-07,0.8265547100498427,1.3215824976990032,-0.17699519846088307,-0.5574136198560953,0.0,-0.8902068963955956,-0.27026614627322365,-0.265957193846289,2.7472527472527375
2023-06-08,-1.2621990891346746,-3.2608695652173947,-1.4184383971608927,-1.0089618018783053,-0.41782358897539673,-1.6467014895807819,-2.981035889786887,1.2000020345051876,-9.090909090909093
2023-06-12,-5.3769109119662595,1.0112376695268654,9.892089863222342,1.1325027921163633,7.552446918188149,4.870619276457333,3.2122948334825985,0.26350435473569966,10.352944766773886
2023-06-13,3.398328690807806,-2.5584015714345987,-5.564650493588886,-0.6718993090827352,1.1703530808609752,0.8708264723108705,-1.4884958747069632,-2.365312772900763,-0.9594898684409325
2023-06-14,-1.14493534482758,1.255706042558935,-0.8665544350111909,-0.11273785519907431,0.514138313294632,-0.8633085528945372,0.1373605356170149,2.0188438604711534,0.2152819644319015
2023-06-15,3.2156969614388853,-0.11273785519906321,1.748258481428655,-0.338595290665733,-1.4066512928354036,1.4513774538514657,0.41151634579428276,1.4511891111025577,0.4296471884369435
2023-06-19,0.44884488448846405,-0.6771991923863796,-1.2027520549263926,-0.22650574260963952,-2.4643327662826287,-0.5722455388096459,-0.9562800238053559,-1.9505864011872043,0.7486598376921672
2023-06-20,-0.3942699434879682,0.5681818181818121,2.4347802867060064,-0.11350564796033247,1.063828775385156,-0.4316508459640156,0.2758578596443684,1.1936359820056364,0.21231909141847805
2023-06-21,1.4909618683203618,0.3389864991613756,-1.1884498541760657,0.34091255881569804,-0.921048627665777,0.43352214798322297,-0.9628569155794131,-1.4416793167042363,-0.8474608462146094
2023-06-22,-3.88715548621944,-0.6756825257831611,-1.2027520549263926,-0.11325719146012547,0.39840281720198156,-0.5755390352630063,2.3611068725585715,-0.7978715815388782,1.3888921719557912
2023-07-03,0.7980522115514477,-0.45350783483483204,-1.9130458002505124,1.1337868873020795,-5.026456578268245,-0.5788706618858885,3.1207641071858694,-1.3404812884881268,1.7913560810413731
2023-07-04,2.2946859903381744,0.569476062210672,0.7092191985804464,0.11211446966041816,9.749307838970633,-1.3100389701594328,1.052635594418172,0.0,-0.9316786129349941
2023-07-05,0.669027941755207,-0.11325719146013657,-1.2323890306294882,-0.6718993090827352,5.837563851096594,-0.8849619138639464,-0.3906289581207867,-0.27173886635467603,-2.716821898674926
2023-07-06,-0.026062027625739503,1.4739264135356978,1.4260235615348948,-0.11273785519907431,1.4388475223450214,-0.744043384803128,-0.13071695963541297,2.043591490626717,2.0408179989466424
2023-07-10,1.4468196037539016,3.128495029897005,-1.0544805303367766,0.2257388048320763,-0.709224814966325,-1.049477823998335,-4.05758954477381,0.4005368588131608,1.368424265008228
2023-07-11,2.197096235384821,1.6251353742197328,0.7104788817042351,-0.33784126289156946,4.047621047956418,-0.4545414152223648,0.0,-1.329785969231445,-0.9345809941409766
2023-07-12,1.0183555443801673,-0.3198326673745089,-0.5291042223046771,0.0,2.288327397056089,0.3044137047785611,-0.40928109040593297,0.4043090655354131,-0.7337574071703212
2023-07-13,1.1947728686994452,0.5347593582887722,-1.595738969526117,-0.11299262612552985,-2.013415659397011,-0.30348984011265845,0.6849315068493178,-0.4026809897885064,-0.7391731476240171
2023-07-17,-4.316812200221376,-1.1702111426820094,0.18017570632467006,-1.583712106010604,0.45662055716786387,-2.2831064147369795,-0.1360523457429874,-0.4043154919121439,0.7446776045129555
2023-07-18,2.23650385604115,0.5382131235603049,-1.2589959061471312,-1.0344845125044855,0.681812098203749,-2.4922094316309096,-0.2724857949304216,0.5412714827564669,-0.7391731476240171
2023-07-19,-0.2011566507417739,-1.0706637940717023,-2.914387141759789,-0.696862351631089,2.708811897205954,-0.15974805936423975,-1.366120275533722,-1.7496586891957877,-2.34042228536403
2023-07-20,0.3023431594860293,-0.4329020771356551,-1.3133151186904057,-1.520471405564694,2.63736001162016,-0.9599990844726514,0.6925208048948139,-1.3698682035193421,-1.6339868737850538
2023-07-24,3.654860587792008,1.3043445089588879,0.7604555154464565,1.187648499102334,-3.6402585335470805,2.1001633802777864,1.513075859272428,0.694447111936336,3.4329993016104954
2023-07-25,1.1268629589240131,-0.643775207905084,-0.3773581171086948,0.9389707516583634,1.5555593702528236,-1.1075976227857498,0.5419971272952795,-1.3793090294147325,-0.9635990483678247
2023-07-26,-0.5751258087706601,1.2959012930999991,0.18938923574478572,0.0,-0.4376363276862416,-1.5999984741210893,2.83019702141023,0.0,1.08108108108107
2023-07-27,1.566642564473364,-1.2793225358154525,-0.5671027067585044,0.5813953488372103,-0.43956000193668965,0.9756088105549177,1.1795463440202658,0.9790166977700077,0.320858878885355
2023-07-31,1.1153298528713718,-1.727860151712901,-1.140692338514493,-0.924859019373192,2.6490039735375337,-1.2882435300262118,-2.072536965505034,-2.21606443298612,-2.34542058215369
2023-08-01,0.1408120159587023,0.2197768662001831,-0.1923029309897184,-0.7001149305564836,-1.0752728969764092,-1.7944556518892818,1.7195807910006966,-0.7082112507499572,-1.2008717166429483
2023-08-02,-1.5584719943754322,-0.8771879924703074,-1.1560682489023755,0.35253003188835397,-0.4347822030685733,1.328902391354192,-0.13003702488542102,0.855919269907246,1.215467927205638
2023-08-03,2.594929175098204,-0.8849591131132817,1.754379605126788,-0.46838585331604454,0.0,0.491806725858579,-1.82291858105188,-1.697317673021248,-0.8733574625433005
2023-08-07,0.3248636732799737,-1.7857126131349377,-2.490414613579661,0.0,-1.746723254120064,-3.0995114791737333,-3.5809078554329132,-4.604312282104273,-3.083703697853135
2023-08-08,1.7693997918353244,0.0,-0.1964681450304262,-1.0588253245634172,0.0,-1.683500061772103,0.5502084493396842,-1.3574683413935196,-2.727274461226026
2023-08-09,1.4886363636363642,-0.4545471884987551,0.9842557379092787,2.378121327333238,0.22222730848524552,0.5136940443040583,1.6415931637283832,2.905199668634606,2.3364486397796425
2023-08-10,-2.0938304781099593,-0.22830702251812607,1.1695895017749036,1.3937335643477322,0.22172398086899303,3.066444781687383,-0.1345977111817498,1.7830592157353609,0.6849297769089935
2023-08-14,-0.04574565416284315,0.6864970979931106,0.0,-0.6872921907687624,-0.4424774559935729,1.4875978993944328,-0.6738544751541897,-1.7518231712372434,-0.11337695870869968
2023-08-15,-1.281464530892451,-2.386361902410339,-1.541424331869834,-0.6920397868978911,0.22222730848524552,0.16287018077021376,-0.5427325821536599,-2.2288275622929676,-0.9080538436084917
2023-08-16,-2.07464070468244,-1.3969785288946879,2.1526351037802094,0.3484356063583327,0.0,-0.9756088105549399,0.272847121303621,1.063832408404508,0.0
2023-08-17,0.8876790152680725,-0.9445046649200206,-0.9578489637423804,0.11573897263317257,-0.4434691075089092,0.9852207106110678,-0.6802721088435382,-1.2030063542673441,-0.11455452465030103
2023-08-21,0.2346316283434957,-0.11918769046773692,0.19341879878358448,0.9248590193732031,-2.227169481740643,-0.16260534515062375,0.41096308459973585,-2.2831064147369795,-0.22935430646962018
2023-08-22,-0.8661048689138529,0.11932991703988982,0.3861000306814244,0.8018292368525692,3.189073976779655,-0.8143276056180926,-0.13643396910232308,-0.6230523579077274,-1.6091971561826512
2023-08-23,-0.8972845336481794,-0.3575721648411134,-0.3846150319251507,0.0,-0.6622562564874368,-0.1642073666875965,-0.9562800238053559,-1.7241399928100698,0.467291510524781
2023-08-24,0.1548725279961749,0.3588553316190346,1.1583000920442954,-0.2272692593661252,-0.4444440205891964,0.3289470588401455,-0.2758578596444017,0.7974512103184228,-0.5813953488372103
2023-08-29,2.7358153919353034,3.694872965127294,0.0,1.3667390734995788,-2.0089319688552987,0.0,1.2448047835351694,0.7911346920827844,0.11695727967380165
2023-08-30,0.28945235614217246,0.11494077485183496,0.7633671839197387,0.6741555889001161,2.0501174333733996,1.3114741796192542,0.2732303087090937,1.098903813484653,0.7009328093650291
2023-08-31,0.7734934195335885,-2.296211291661776,-2.272734045982072,-1.3392823311138558,-0.22321939373348698,-1.4563054733114478,-0.6811988959206094,-1.086959177630653,-1.8561467874317672
2023-09-04,3.585748653912235,-1.175088152679693,0.7751930820906194,1.6968325498963654,1.342291329595935,2.7914625949837735,0.41151634579428276,0.7849323647275863,2.364066236492657
2023-09-05,0.9179385091793835,-0.11890425200408172,-0.7692300638503013,-0.11123300603316233,1.5452470547938413,0.4792289436793107,-0.27321988603850045,-1.4018715189773712,-1.6166299659893024
2023-09-06,0.59178082191782,-2.3809523809523836,-0.19379365000744553,0.11135687162890928,8.913050711943814,-0.7949155967901467,-0.41096308459975806,-0.3159554686819721,-1.0563309022547207
2023-09-07,-0.686349275520215,-0.2438987173685181,-0.5825283350059718,-1.1123470334003738,-0.3992107155678881,-1.2820501064172096,-1.1004064043260042,0.7923960568664956,-0.23725334566586653
2023-09-11,0.8885476086002653,0.2444950376293331,1.5624985448084328,1.2373435941965383,0.8016120345677225,5.519483133278458,1.2517406213892412,3.773581227671219,1.7835909954999174
2023-09-12,1.750570838316845,0.0,2.1153872605612634,-1.3333299424913236,-1.590465153206444,0.15384967510516656,-0.6868131580221482,-0.7575714336391037,-1.0514036704697083
2023-09-13,-0.5770463774310675,-0.6097560975609762,-0.7532949582686688,-3.4909977443455253,-2.626255406322109,-0.9216653994957857,0.0,-1.679391302461386,0.11807096472122858
2023-09-14,2.3215821152192673,0.12269751425901809,0.7590125616280252,-0.2333686760373821,-3.1120350627649285,-2.6356527826960408,1.2448047835351694,-1.086959177630653,-1.1792452405805287
2023-09-18,0.7878151260504174,-1.102943067044726,-1.1299424374029976,-1.6374286852384845,3.854385982825703,-0.15923930808501296,-1.6393401615722225,-0.15698198154363574,-0.5966586894885717
2023-09-19,0.16675351745700784,0.12392330520134553,-0.5714325677780852,0.4756260798292278,-0.824741497722925,0.0,0.2777735392252456,0.0,0.2400923660446086
2023-09-20,-1.6127354073457445,0.49504193239713334,2.298857609567717,-0.591715976331364,-0.8316000484173136,2.870810668041246,0.0,1.100624109351056,0.4790437435675532
2023-09-21,-0.9094754653130255,-0.7389144047671881,0.1872612688940123,-1.1904761904761862,-1.2578604406595195,-2.790695095526363,-0.6925208048948028,0.1555245590795007,-0.47675985530885034
2023-09-25,0.3308431163287162,-0.3722027643208947,0.934583021049562,0.12048008930252152,-2.3354592913693684,0.15949328408704222,1.8131145147694205,-2.018635299469651,-1.3173634420611924
2023-09-26,0.47867248165087695,1.369861061415012,-0.1851894204671356,-0.9626900566218621,-1.0869503246587309,0.31847102322191123,0.5479472957245379,0.31695691137683113,0.12135736925888985
2023-09-27,2.794833792081297,-1.228501205472432,-0.18552416126863536,0.24300964863441799,2.1978000096834593,0.0,2.9972709843425926,-0.631910937363922,0.8484811493844502
2023-09-28,-0.4737384140061751,-0.24876190776235152,0.7434936989250351,0.0,-1.5053800048545063,-0.7936537971601543,0.0,0.9538941676219714,0.0
2023-10-02,-5.618791390728484,-1.3715692219177678,-2.5830233305333072,-0.60606060606061,-1.0916968281791228,-0.4800033569335893,-1.3227513494491805,-2.9921269302987774,-0.9615329948400531
2023-10-03,3.5632057888389523,-0.3792609711129491,-0.7575840359983155,0.12194935868425905,-1.545257580999948,-1.446940173416944,-1.6085750305457003,0.0,-1.6990309465458098
2023-10-04,-4.9015456277789475,-1.269035483847858,-0.5725140130071193,-1.2180268192273025,-0.6726504383801291,-1.9575837409266716,-0.2724857949304216,-1.9480501384995241,0.6172839506172867
2023-10-05,-1.7254814649894201,-0.2570752825082345,1.1516303712136189,2.219485925554232,-0.677194901437328,0.49916359115969033,-0.5464397720770231,0.9933765423590035,-0.858891961033359
2023-10-09,3.500226551880381,-1.2886598191538479,-2.6565439656981216,-2.895056069606583,-1.8181800448205276,-0.8278177326266789,-2.0604394740664556,-0.1639303639510592,-2.103965981966305
2023-10-10,-0.7332822589471433,0.6527415273629877,-0.5847993984229971,0.3726745984569124,-0.23148677047366562,0.1669487356252386,-1.8232861095589525,-0.4926142702246117,-0.12642032370431266
2023-10-11,-3.4399117971334103,-1.167317177290228,0.9803959150949337,-2.103965981966305,-5.5684402390823955,0.6666660308838113,-0.571430751255575,-1.1551183551541389,-1.2658227848101222
2023-10-12,0.9362868234756849,0.2624732095102056,0.19416993901948398,1.2642225275480534,3.685494157339142,-1.1589432467463467,1.7241445458981097,1.168617267715022,-0.25640634390023953
2023-10-16,2.9298642533936547,-1.0471243923821483,-1.5503861641813388,-1.6229656019073335,-3.0805602859486414,1.1725322298399954,-0.14125155254939292,-0.3300326916725882,1.2853469932831985
2023-10-17,1.6815034619188873,0.2645563249649818,0.7874008357040552,0.8883209659045432,1.711483917180967,0.33112551411964564,0.7072136090275016,0.33112551411964564,1.2690354838478468
2023-10-18,-0.5728491137051428,-1.7150435348533444,-1.367181570094389,-0.7547150617875364,-1.923075159625831,-1.980196150035629,-6.741566893398277,-0.16501241153626944,-2.2556428357406677
2023-10-19,1.2283943906946426,0.6711409395973256,0.5940540958043972,0.2534815518052902,0.0,-0.8417540446667982,-1.0542237372749064,-1.4876057810001564,0.25640634390022843
2023-10-23,-1.3316151202749205,-3.7333374023437726,-1.7716565736133338,-4.171928553757088,-7.843135765358711,-6.451606896733175,-3.5007542301336736,-5.536911436139091,-3.7084322374126955
2023-10-24,-4.222899434044402,1.1080375146432786,-1.6032049574248197,0.2638482060556502,5.053193023999181,-1.814888880504073,-0.3154586090314493,-0.532863396066352,-2.5232422959836187
2023-10-25,2.4318181818181905,3.6986259564961266,2.0366677103347053,2.3684250681023755,1.0126572498773356,0.0,2.056960793302509,1.9642881319231087,1.4986354921712852
2023-10-26,-1.8748613268249392,-1.3210040162666359,-0.6986092345364847,-1.4138895377469707,-3.0075218970135764,-1.1090562748951482,-1.0852725006813002,-1.576184798364677,0.0
2023-10-30,2.5777275296777757,-0.6693440701830755,-0.4020096745708579,-0.7822666205918871,3.87597157114028,-1.3084055340562895,0.6269556676566035,3.3807840051505167,0.6711409395973256
2023-10-31,-4.309489694698565,0.5390856365640184,1.7154397468365223,1.1826564309130205,-0.4975119657066318,0.18938923574478572,0.46729449535594103,0.0,0.9333292643229019
2023-11-01,0.11518083390924527,0.26810265647136955,-0.9920672839942024,-1.6883156516335207,-0.9999990463256836,-1.134214427451996,0.9302301924358103,-0.516346527825251,-0.9246987800022977
2023-11-02,2.4160147261850007,0.6684491705889695,0.20040539760575182,3.434618505061904,2.0202000741265103,4.7801147053205595,1.0752758741077173,2.422142930860516,1.5999959309895617
2023-11-06,-1.9209166479442707,1.992031791776916,0.0,1.4048511254769247,-1.4851471125267302,1.642338545157651,0.6078934315090212,1.351350045186761,0.13124161091970787
2023-11-07,-4.4439354025884725,-0.6510416407966013,1.400003433227548,-0.5037802496118737,-0.7537681217588132,-1.0771982213717668,-0.45316531146947225,-1.5000025431314956,-0.13106959307432886
2023-11-08,-2.361260937312737,-0.6553079685473029,-1.7751508785136538,-1.5189834787875833,0.0,-3.0853007120191123,-2.276175971575589,-1.1844280309900923,-1.049862801053203
2023-11-09,0.3437269825681266,-0.9234888515225248,-2.108434109866153,0.0,0.0,0.3745314673225586,-0.3105661069842447,1.8835557158076721,0.0
2023-11-13,2.8749694152190086,-0.932086501284557,-2.15384654509716,0.3855982141333536,-0.7594929374080128,-1.6791072825753872,2.492221463508071,-0.8403313529497303,-0.5305059917560029
2023-11-14,0.13081222499702339,0.13440654848146938,0.20964840506967342,-0.12803902186275806,1.0204071702683448,0.3795062808140459,-1.215810052666011,-0.5084781241258773,-0.40000406901044006
2023-11-15,-2.137767220902609,1.8791966790320913,2.51045774669314,4.230773143279243,1.0101000370632551,1.5122859032692837,2.1538485013521624,1.8739375751099852,1.472565125106784
2023-11-16,-5.667475728155347,1.8445342526133723,1.0204023045831123,0.9840041726123738,0.7500052452087402,2.234634788015244,1.6566241699442985,0.16721993332413643,-0.3957823742473554
2023-11-20,7.101505210343495,-1.4230350065822184,2.6262650393964027,-0.6090134096136457,1.9851096660329803,3.6429926127585333,1.4814814814814836,1.6694555140368328,1.4569516213524425
2023-11-21,-0.9969969969969905,-0.524926394362002,0.5905553200572289,-1.348037370944255,0.48661752498320165,-2.460454570785786,-2.6277416813982657,-0.9852207106110455,-1.0443804677536028
2023-11-22,-0.8007765105556897,-0.9234888515225248,0.7827780980020682,0.9937926108792627,-0.2421362858288867,-0.36036000430959003,-1.34931624836917,-0.1658412692186917,-0.3957823742473554
2023-11-23,-1.1130136986301498,0.0,0.0,0.0,0.0,0.0,0.0,0.0,0.0
2023-11-27,-1.6821273964131134,-0.7989327380983235,3.1067930961017565,-2.2140258108131694,-0.4854364437391179,-0.18083595845256317,-1.8237150789990109,-0.49834235719935505,-0.3973550354408273
2023-11-28,2.7299031324695022,-0.8053670793571777,0.9416231878279557,-0.6289308176100628,-2.195114093759909,0.18116356732591488,0.4644010198823656,-0.16694077507136695,-0.3989300991192102
2023-11-29,1.6164584864070575,0.0,-0.1865714297152321,0.37975069842761666,0.0,1.0849898825161075,-0.6163351563549746,0.668895681027526,0.2670186170464772
2023-11-30,-1.5184381778741929,1.2178640152852083,1.8691571292548614,-0.1261110966797263,2.7431334264018004,1.2522306424591845,0.310072787972393,1.328902391354192,0.26631768535338995
2023-12-04,-4.356338717572205,0.0,0.18349044462047104,0.7575834932263215,-2.184458209967144,-0.35335656299813056,1.2364808183805476,-0.4917989088558561,0.9296107833635103
2023-12-05,-1.1386898669396128,-0.8021471644866995,0.732600028819852,0.37593409886049756,-0.74442204085583,-0.3546095992902232,-0.45801992634780797,-0.6589779361090065,-0.6578947368421018
2023-12-06,-3.80484017082956,-0.2695376771803426,0.0,-0.12484204247944497,0.4999995231628418,-1.245546196612679,0.3067555015309198,0.0,-1.3245033112582738
2023-12-07,-0.16144221713978446,0.5405426025390625,0.545458360151807,0.0,0.7462738793704071,-0.36036000430959003,0.4587085861833984,-0.6633571691278095,0.1342261397598632
2023-12-11,2.0751920226384613,-0.40322990000674075,-3.6166415644535044,0.5000019073486239,-1.2345725525951368,-0.9041625467966496,1.217660713725821,1.5025067784116164,0.9383439570438412
2023-12-12,-2.1650165016501632,-0.13495071009483883,0.7504683381911681,-1.8656716063832235,-1.2499988079071045,-0.7299263086460783,-0.9022533445430025,-1.1513107845822268,-0.6640105972589683
2023-12-13,0.040480367021999974,-0.5405426025390625,0.5586631368284634,0.2534815518052902,0.7594929374080017,-1.8382335217044798,-0.15174274932576726,-1.663899794698187,-0.40107358224333867
2023-12-14,3.9250067439978276,-0.5434803453420844,0.9259206113829244,0.12642032370431266,0.5025120811725348,0.0,-1.215810052666011,-0.5076097080498054,-0.8053670793571777
2023-12-18,2.3880597014925398,1.5027406412235544,-1.8348606996749783,2.6515229601435486,1.7500042915344238,2.247188803935285,0.9230745755709036,2.0408143405366452,1.8944539877832733
2023-12-19,1.1788566358220232,2.0188424473617905,-1.1214942775529035,1.845018380928054,-0.7371058610079473,-1.2820544170752957,0.4573217358780246,0.5000034968058342,1.195210969468019
2023-12-20,1.6036081182660977,0.7915546833308307,0.5671117206934806,-1.93237444993265,0.0,-0.9276384997446541,0.15174274932576726,-0.33167463069042613,0.0
2023-12-21,-0.4562268803945613,-0.13088805251819657,-0.18797422103677963,0.0,-0.9900980750178201,0.5617927362165709,0.0,-0.6655646783166214,-0.39369479577149313
2023-12-27,0.2972872538089977,3.276539842736481,-2.8248605834996,2.0936017752812397,7.249999046325684,0.9311022681643522,3.9393916274562013,4.020104797149693,0.3952508779080599
2023-12-28,-2.3835988637767036,0.12690161199031547,0.9689959731285169,0.48251087878934396,-0.2330944553285863,0.1844972675999479,-0.7288629899731336,-0.9661826475196533,-0.2624631971809954
2024-01-02,-3.5425101214575094,0.6337135492145762,0.7677535808090941,0.0,3.7383140086171496,3.1307565684759675,2.643176346680587,2.764228839963767,3.6842145417866012
2024-01-03,1.232948583420801,-0.7556655700132864,-1.5238080705915147,-1.5606278560999165,-0.22523037731887463,-1.0714275678809448,-2.5751116058150614,1.5822769290571248,-1.3959467778105639
2024-01-04,-1.8009847110650457,1.142124189885152,0.0,-1.7073189339986694,0.0,-1.9855619904663668,-1.4684288141063817,-1.869157073723171,0.5148024988281152
2024-01-08,-0.42221929014383264,0.5018839914619821,-0.19342802193929032,1.3647624006770664,2.708811897205954,0.368323785612934,-0.4470870777724123,0.0,3.2010243903249025
2024-01-09,3.312574532926993,-1.3732815169484436,-0.775193082090675,-0.7343922846180795,-3.296705254493748,-0.5504538352494981,-0.1497097289623439,-1.9047675994156354,-0.9925501706059436
2024-01-10,0.6284468385276298,-1.7721538302264639,-1.7578062062965194,-1.3563483289979361,-1.1363679466167786,-1.291516064133369,-1.4992504434085396,-1.9417457749564604,-2.3809542020275076
2024-01-11,2.230435890899818,-1.4175238347304053,-0.39761391833571524,-0.12499809265136275,1.6091993838167618,-1.4953257034038936,-0.9132397290577798,0.0,-1.5404423031212477
2024-01-15,-0.5610273033287427,-0.3921608519710129,0.19959584007662734,0.0,0.9049764968910745,-1.5180251232560726,-1.6897058370260454,0.0,-1.3037810166730668
2024-01-16,0.4889669007021036,-1.5747992077443929,-0.3984059960658093,-1.1264098982368687,3.8116608708500532,-3.2755312990302765,-0.4687488079071045,-1.4851510468267493,-0.26419677186898527
2024-01-17,-1.584529008109803,0.266662597656242,-4.300003051757795,-1.2658227848101222,1.7278600805329614,-2.3904359763948557,-2.354788040870315,-0.167500040135804,-0.26489662018832627
2024-01-18,2.738336713995948,0.531916944297528,-1.2539173394538694,-1.2820512820512775,-2.9723962919685043,0.5102060179767776,-0.4823138800334137,-1.5100696646282552,0.0
2024-01-22,0.8144126357354287,-0.39681934975961397,-1.3756626144421635,1.0389650022828656,4.157550330055826,-0.5076161299336412,-1.615508845475433,-0.34071518426629366,-0.13281022504992857
2024-01-23,0.41615667074663687,0.7968106903112337,-1.180253865655545,1.2853469932831985,-2.100848249186271,-0.9183688860840866,1.1494202474604753,-1.5384560208191234,1.1968105883014335
2024-01-24,0.13408093612872207,-0.7905118077191631,0.1085801177026724,0.6345177419239345,2.7897021179756454,-0.41194605248078275,-0.16233518928268076,1.5624943085844833,-0.2628080844314318
2024-01-25,0.21911138161898602,0.39840027915680754,-1.1930651536413706,-0.6305169996950188,-0.6262992319437499,0.31023508515515275,0.6504089851689487,0.0,1.0540123929911882
2024-01-29,2.0162759625895754,3.5714346985879386,2.9637812067948133,1.1421241898851742,-3.7815188344657913,-0.1030951451389095,4.523417372118588,4.273504343171486,1.1734049044177297
2024-01-30,0.17859268960591645,-3.1928478959923567,-3.304908484376645,-2.0075263932069487,-2.401749680061005,-4.024761677368516,-3.0911843580188503,-3.606553993952921,-2.0618537443073293
2024-01-31,-1.3786546232469665,0.39577230908347527,0.7717822585868284,-0.2560780437255161,3.8031338763587774,-1.2903213236343136,0.4784676768901486,-0.5102076398718292,1.052635594418172
2024-02-01,-0.9399855386840184,1.7082826252616812,-0.5470480181260728,0.6418485111760797,-2.8017164082856594,-0.6535993205018631,1.2698400588262881,0.170944086236946,-1.1718769402552898
2024-02-05,-3.5279805352798066,0.7751918117475443,-0.22002703441073024,0.0,13.96894912708142,0.43859607845351256,0.6269556676566035,0.5119408240217949,0.13175029263603477
2024-02-06,1.4627994955863866,0.3846192971254103,0.11025611045547556,1.0204023045831345,0.778209394786944,-1.0916968281791228,-1.090337977440281,0.0,0.0
2024-02-07,0.8948545861297674,-1.4048608692754594,-0.6607870754022582,0.2525310421001903,4.826254986193357,-0.5518784593718462,-0.7874015748031482,0.679116515445588,0.0
2024-02-08,2.2542498152254176,0.0,0.0,0.0,0.0,0.0,0.0,0.0,0.0
2024-02-12,1.048066498012279,-0.7772001267349005,-0.6651930883779023,0.7556655700132975,0.7366475712259124,-0.5549410595416693,2.2222246442522353,3.7099540201916748,0.0
2024-02-13,1.0014306151645336,0.6527415273629877,-0.8928562875609058,-1.9999980926513672,-0.3656303783114545,0.6696475375139288,-1.5527949942643282,0.8130034654042939,0.13157693963301575
2024-02-14,-0.3659112370160589,-0.12969970959813004,-0.4504500150622537,0.2550981433031785,0.0,1.3303756038703485,-1.261834436125786,0.0,-0.5256261943486717
2024-02-15,-0.09477550053310635,1.1688331504920768,1.0181012560451563,0.5089078036186079,-2.018342394989514,4.048138639615995,0.15974806909890837,-0.48386667571117536,0.9247088584631635
2024-02-19,1.411122969287315,-0.3851130242380707,0.22395860476918106,0.25316069397745,-1.8726662661472826,1.7875927676390013,0.6379548745046648,4.862231931736094,2.617800994837083
2024-02-20,-0.8652946679139295,-1.2886598191538479,-1.2290464695135839,0.2525310421001903,-0.190834971020315,0.2066064406905488,0.0,0.46368177405242683,-0.6377550896283557
2024-02-21,-0.011795234725175963,0.26110258697236155,-0.33936348929144433,-0.3778375894111674,-1.3384353997340503,-0.5154658940003887,0.15848223650809512,-0.4615416893592239,0.7702162546450841
2024-02-26,-0.8965435885336714,-0.13021627544499426,-2.156646140839613,-0.3792609711129491,-1.356583273143419,-0.9326342225004058,-1.582278461911668,-0.46367440408066063,-3.1847133757961776
2024-02-27,-0.24997024163790904,0.3911382838258426,0.9280733731803936,1.3959370958381623,1.1787807658323102,2.51045774669314,0.16076924902659329,2.3291940067493133,0.39474085757607025
2024-02-28,0.3341288782816143,-0.12986814820921122,3.333332967940872,-1.1264098982368687,6.407765390196762,0.0,0.0,0.7587209823974206,0.0
2024-02-29,0.5827783063748759,-0.520158020730721,-8.008891342440371,-0.25316069397745,-2.554742080261263,-1.5306180539302994,-1.6051364562539638,-0.7530077545644498,-1.834864311773643
2024-03-04,2.376729336644212,-0.13071695963541297,-4.474006552791576,-1.3959467778105417,-2.8089904696863788,-2.072536965505034,-0.48939517258458354,-2.883157098954625,0.0
2024-03-05,-0.8778008778008828,0.0,0.0,0.0,0.0,0.0,0.0,0.0,0.0
2024-03-06,0.897226753670477,-0.5235621961910741,1.3924067365379988,1.5444074964843013,4.046243464965205,1.6931201126082485,-0.1639319247886739,3.7499963678420123,0.40052792556968253
2024-03-07,-1.974823882665444,0.526317797209086,-1.1235973784791575,-0.8872047707212283,0.5555506007662414,-1.66493083380016,1.1494202474604753,1.5060226904115348,-0.1329766997063886
2024-03-11,-1.6965127238454225,0.5235621961910741,-0.2525250092658138,0.6393862142103801,16.574587915646365,0.9523825862901125,0.32467657125589966,2.6706277639223064,0.26631768535338995
2024-03-12,0.2636625119846636,2.2135376050655964,1.2658215623466695,-0.12706286912165243,1.1058479068731808,1.5723230516778486,2.265374665311204,4.190750847626257,0.7968106903112337
2024-03-13,0.34664116662683764,0.5095560839221802,-0.4999995231628418,-0.8905813763757986,9.999997764825853,-1.754376986390993,-1.107596130520827,0.0,-0.13175029263602367
2024-03-14,2.632519356759966,-0.8872047707212505,0.1256250250848634,-0.6418485111760797,5.113638287856559,1.6806705852794979,0.8000000000000007,-4.299583094859627,0.2638482060556502
2024-03-18,0.3597957288765219,-0.12787529159018485,0.250940796148158,-0.6459948193060727,5.405406624492359,-2.8925689857240533,-0.6349230569506426,2.173914395568488,0.6578947368421018
2024-03-19,1.02925870244015,0.25608781247670187,-0.3754660053888026,-0.13003702488542102,-4.487184268091049,-1.0638237431231268,0.0,-2.127660869634629,-0.9150286905126648
2024-03-20,-1.8200549450549497,0.12771196707999088,0.2512560405862674,2.604166563186383,2.281880277131365,0.5376364484882323,0.9584701332962409,1.4492739601511984,-0.5277064772751694
2024-03-21,-0.9910225020403285,-0.255107874673588,-0.7518789804026538,-1.5228483898008571,-6.299212943338106,-0.5347613764161707,-0.7911392309558285,-2.8571401323590817,0.265247936597901
2024-03-25,1.4837494112105665,-0.12787529159018485,-3.1565656261582253,-0.6443299095769239,-4.4817885267234185,-1.9354871127326034,-1.9138767916072275,-2.9411805954770442,-0.7936487913111301
2024-03-26,-0.31329774889766737,-1.4084487779927213,-2.2164286128154465,-0.12969970959813004,-3.5190651307103638,-2.0833287584153704,0.1625991449123454,0.7575786584446353,-1.7333374023437709
2024-03-27,-1.129088581073212,1.298701298701288,0.6666692097981874,0.0,4.559273468287439,-1.0078404200694946,0.1623413819731967,-1.0526341452256616,0.40705978857571434
2024-03-28,1.4480809983517862,0.5128224690755134,-1.9867561798409983,1.4285694469105215,1.744184354113676,2.0362025120903127,0.3241503411124613,0.6079021628696113,0.6756756756756799
2024-04-02,1.6943251711732499,7.908159218843447,1.7567582806154336,6.274009758787069,2.857140132359093,9.86695503859314,9.854601492329262,8.61027464524251,5.63757979629822
2024-04-03,3.389250256761378,6.028367099416854,3.984059834512821,3.7349379206278233,0.5555550404536813,1.9172607162777577,2.499995512120856,3.4770514326900592,2.9224944611756953
2024-04-04,-0.3090507726269287,1.4492788138085855,-1.787993203700211,2.6713160191856655,0.9668532303084065,-0.3960392113094957,3.4433308909053384,-0.2688169458695655,0.12345490632232892
2024-04-15,0.5757307351638818,-0.43956211635044484,0.6501913332335851,-3.054303768135458,12.038298830261684,-2.584495209113946,-5.270451460171966,-0.9433985302105263,-2.0961738350521064
2024-04-16,0.49537648612945073,-5.298008281682643,-2.3255792462719804,-4.200698485783239,-0.8546971722914631,-4.183671830942737,-4.2459756900468655,-2.5850348256563183,-4.030232388085975
2024-04-17,-1.9169679044802268,0.9323955639962911,-0.39682186770177985,-0.2436016467226021,-3.0788177773821146,-1.7039488310583772,-1.223246227970265,0.8379880455056998,-2.2309672130261027
2024-04-18,-1.3401831583649826,0.23095217224107234,2.124831911740177,-1.2210011982527469,-0.7623881023128942,0.9750829583040854,0.0,0.1385073292581085,0.5369147998374624
2024-04-22,-1.1772696400271787,-4.377883546261996,-3.2509752683976156,-2.472187839650686,3.7131938644672458,-1.287552462321695,-0.9287902295562089,-3.7344395603627456,-0.8010660372467227
2024-04-23,1.1340206185567192,-0.48192954925169174,0.0,1.1406863225265074,0.24690744626516548,0.6521784876155623,0.78125,0.5747120924395555,-0.2691851539997847
2024-04-24,0.8268207044965337,-2.3002440205543095,-1.075267783478251,-1.1278214178703339,-2.0935970282004557,-2.2678189304141116,-3.2558115877846405,-4.8571450369698566,-1.2145769830120057
2024-04-25,-1.0334756234554043,1.1152435686659912,-0.13587267256014446,-0.1267407759026451,-2.6415099771729955,-0.3314887551262635,0.0,0.3003000207917994,0.2732303087090937
2024-04-29,0.38592508513053403,4.41176291843044,2.312926238091473,8.50253386899169,0.9043950094492548,5.764960950104858,7.852566355862578,6.137729562655347,6.267027763615585
2024-04-30,-0.23744911804612912,0.234747165258975,0.2659571938463001,-1.1695906432748537,3.0729865520320088,-1.781971456747522,1.931642441923076,-1.2693956368257542,-0.6410256410256387
2024-05-01,-5.304318259095552,-1.756440249647362,0.265251737767902,-0.8283987553161953,1.9875756971566405,-0.9605139134163498,-1.7492667273088625,0.0,-0.25806057837701735
2024-05-02,1.5080789946140039,1.3110827820209225,-0.5291000285156167,-1.5513162343859133,-5.359318577052874,-0.3232729939054213,1.1869368015609227,-1.1428560529436416,1.2936610097290968
2024-05-07,-2.4997052234406403,-2.823531206916363,-1.5957431630777341,-2.1818218809185552,8.880309638535945,-0.3243214375263981,-1.0263885330866307,-2.4566484742727046,-3.1928478959923567
2024-05-08,-0.3023340186237733,-0.12106353022806049,-0.5405400180747089,0.8674158663050102,3.4278955147209134,-0.43383905308627124,-0.29629177517360716,-2.0740720960829018,0.5276964121112782
2024-05-09,1.0067928190198971,-2.9090927586410964,0.0,-1.7199035622054826,1.0285731724330338,-1.1982636894852794,-1.9316537783185983,-2.420579743077844,-1.1810943996437007
2024-05-13,-0.10808214242823411,0.37453565227563157,-0.13587267256014446,1.00000381469727,8.257913231173685,-0.6615156335299854,0.1515128395774168,0.0,0.6640105972589794
2024-05-14,-2.620822313056026,-0.9950286524563201,-4.2176863510454465,-1.2376237156320857,0.2089912058668819,-1.5538328497925913,-2.118005383051591,-2.480617862690093,-1.5831194318255193
2024-05-15,-1.2592592592592489,0.8794027525820924,-0.42613257292255513,-0.25063229321807823,-1.1470345005352156,-0.9019157242188824,-1.545589231020672,-1.5898236127033227,-0.26809242940074585
2024-05-16,2.0880220055013776,-0.2490716936932147,1.1412256932096465,1.6331696943191032,-4.74683366027866,0.5688303862554589,0.7849233584211079,-0.6462029318783036,1.747305639383745
2024-05-20,0.3184323331292038,0.7490617797139221,-1.2693956368257653,-3.461066747770236,5.42636477610674,-2.7149294906731902,-0.31152174104217556,-0.8130112188539096,-1.9815060243999594
2024-05-21,-0.8423879868147965,-1.3630712710269055,-0.28571401323590484,0.512165856202218,-0.21008883195338113,-1.0465133557646444,0.625002384185791,-0.4917989088558561,0.5390856365640184
2024-05-22,-1.6252154641713812,-1.2562814311172565,-0.7163351088572134,-0.6369426751592355,-2.631578947368418,-0.1175114995637272,-2.0186382312978868,-0.6589779361090065,-0.6702413005724828
2024-05-23,-0.8135168961201589,-0.1272245242524006,0.577200041036896,-1.538457625951517,-2.162160100163635,-0.4705877865062047,0.0,0.6633492613808523,0.13495071009481663
2024-05-28,2.637223974763403,0.0,-1.2912435933984168,-2.2135475391726667,-4.861884251760317,-6.146571850848492,-3.6450068029776905,-6.095557692463305,-3.234493254977444
2024-05-29,0.19670518809933313,1.6560548430035738,0.2906973923522793,0.5326252117258568,3.948898561502423,0.7556667801907446,-0.9868396079771302,3.157900196473662,1.810578505722571
2024-05-30,-0.09815950920245564,0.0,0.0,0.0,0.0,0.0,0.0,0.0,0.0
2024-06-03,-6.104151314173423,1.2531327841571738,-0.2898547920302419,2.913903242704885,8.603357253332655,5.875003337860107,0.49833759677497813,0.5101995303965268,2.599181348206936
2024-06-04,-1.4650098103335618,-0.6188118578160373,-0.872092177056838,-2.187898346218209,-2.2633771706269457,-3.7780476789853523,-1.3223127885298336,-3.214891068121728,-1.466664632161463
2024-06-05,0.1061993893535007,-1.6189327551082267,0.0,-1.1842125340511878,-1.578943352950224,0.0,-1.005028946650921,-0.8741209044000664,-0.8119059022089203
2024-06-06,2.9306458029439098,-0.7594917393937917,-0.5865096898272193,-0.7989327380983235,2.139035305939707,-0.7361898006223777,0.16920861489049255,0.0,-1.50069039252142
2024-06-10,2.538005668642107,-0.3826569463251661,2.0648947220246905,2.2818750983116587,6.806278592129078,2.4721854819886424,3.5472946740834344,1.763666724638413,2.770083219579278
2024-06-11,0.7036059806508455,-0.6402048780649872,-0.43352903869354753,-1.1810943996437229,8.627452263690971,-0.6031386123635962,-0.6525248224470204,2.9462751621473604,0.1347791207934934
2024-06-12,0.46163443543354443,-1.1597958035773237,-1.1611019630811792,-1.7264316056723739,-0.9025305248944404,-1.8203837705922488,-0.49261583619226723,-3.0303001111897543,-1.2113075220898217
2024-06-13,1.142573273720826,-0.6518905083365278,-0.4405247169348314,-0.6756756756756799,0.3643070782787694,-0.9888741927954525,-3.630358091810326,-0.5208369551432002,-0.953684690851031
2024-06-24,6.520137524557956,-0.6561680052816987,-2.6548716755993906,1.3605442176870763,-3.6297691069766325,1.1235973784791575,-0.34246705087982443,-0.17452406367448603,1.3755158761725061
2024-06-25,0.06916426512968421,0.3963052362643271,0.30303001841676114,-0.5369147998374624,3.013179833074675,-0.4938266662867674,0.8591065179476498,0.0,0.27137664303729103
2024-06-26,-1.2095380716507287,0.7894716764751175,0.9063435621868399,-0.6747638465534167,0.731269473938756,0.2481327921606491,-1.192505543170963,-0.5244708753771921,-1.082548085574342
2024-06-27,1.445895522388052,0.6527415273629877,0.7485058685592572,-0.13586749482916716,2.3593399673985216,0.37128382740665433,0.6896578032394851,0.35149351011223295,0.2736040790856098
2024-07-01,-0.4942528735632279,0.3891090242479134,0.0,0.6802721088435382,-2.4822671950315622,-0.739820819757786,-1.1986314120715602,-0.5253977164260126,1.2278224543167626
2024-07-02,1.9752801201340153,0.6459948193060727,-0.4457683465575957,0.0,-1.4545440673828125,0.24844103870176326,0.6932369252905746,0.176060372958875,1.6172569096920553
2024-07-03,-0.03398278205709593,0.25673548693800896,-0.746264407777486,0.13513307313661738,1.476013331733328,-0.6195692559023858,-0.1721144178095546,-0.35149351011225516,0.530505991756014
2024-07-04,0.10198300283286166,0.12803902186273586,-0.3007515885668388,-0.13495071009483883,-0.545458360151807,-0.6234496847642768,-0.517240063897495,-0.3527333449276804,-0.13193416819172743
2024-07-08,-1.347068145800312,0.3836356310299882,0.0,0.9459418219488924,0.3656303783114545,-0.5018815922963271,-2.079723998392402,0.3539819573261882,3.8309136628654317
2024-07-09,-0.7687894434882381,-0.12738659123706642,-0.6033176645940386,-1.2048111556255625,-0.7285967854399611,0.25220657452023065,-1.5929230546529283,-0.17637087737697454,-0.2544490485048012
2024-07-10,0.08094357076779968,-0.3826569463251661,0.0,0.27099856364765085,2.3853232842304894,0.6289332318799801,1.0791408368430622,0.7067131259961945,0.0
2024-07-11,-0.06932409012131435,0.0,-0.15174853794061027,1.3513513513513598,-1.2544748347904533,-0.4999995231628418,0.35587323883337074,-0.7017537402020158,-0.6377550896283557
2024-07-15,-0.08093421204762308,2.4327804903971684,1.8237064886088117,3.3333333333333437,-2.1778649257986005,3.015072487035231,4.255314975621816,2.473504365671775,2.4390263012353364
2024-07-16,0.20828511918535852,0.0,0.1492571517391239,0.7741915795110854,2.9684662006048024,-0.12195401359078595,-1.020405581473105,0.34482724601392345,0.25062273257367984
2024-07-17,-0.9699769053117646,-0.12499809265136275,0.7451593211714957,0.8962926905417001,0.0,0.36630876901833087,0.6872812816805851,-1.0309268214748757,-0.2499961853027366
2024-07-18,0.5830223880596952,2.753437930197822,0.2958576959962933,0.3807048359709242,0.3603600043095678,1.8248128182177359,0.0,0.5208286767206527,1.1278118572259022
2024-07-22,-3.2691861813123224,-0.8526150563362478,5.16224032155983,-0.7585315874783394,3.2315946641153115,1.4336904085998858,-1.8771305507915281,-1.7271140810260932,-1.4869851222073849
2024-07-23,-1.4860977948226162,0.49140235673303945,-1.402523184116522,-0.8917158576333573,-2.6086973107379396,-1.2956379227647363,-1.2173926311990213,-0.7029870202245103,0.2515684883549252
2024-07-24,0.9854014598540184,-2.5672445295471302,3.4139368983703955,0.2570654760889024,1.2500030866691603,-0.11933447190057844,0.0,-1.4159278293047861,-1.1292270149882544
2024-07-25,-0.5180098783279186,-0.8782898055777255,-2.200823216394543,-0.25640634390023953,-0.5291042223046771,-2.2700069651268584,0.17606037000277297,0.17952875649005495,0.3807048359709242
2024-07-29,-1.9859530152579352,3.291137309014047,0.562587357269928,1.5424124693721009,-2.3049581681065745,2.689478058030037,1.4059740168841595,1.2544833802593525,3.6662472589398254
2024-07-30,-2.07561156412156,-1.470584522894025,0.6992966885427165,-0.37975069842760556,0.18148369563149025,-1.6666594762647535,-0.5199293467830213,-0.7079639146523986,-1.2195121951219523
2024-07-31,2.6873580620741855,-0.4975143262281545,-1.9444426415878624,0.1270725633971681,2.355074545110747,-1.3317264806717022,-0.5226533863811111,-0.8912689758447612,-0.12345490632234002
2024-08-01,-0.024573043371411973,-0.12499809265136275,4.957505771519499,0.7614193539142278,-1.9469049850918574,0.12270220061236792,-0.35025736179805644,-0.17985165733073183,-1.4833183621793422
2024-08-05,-4.743763057637951,-5.632039942505496,-5.9379226218759795,-5.667506188313243,-6.859207889124519,-3.063725547486207,-3.1634499182555342,-3.603608634755995,-5.8971105749155655
2024-08-06,-1.1482389369113721,1.9893898801648824,6.169301551212203,1.0680846542931999,0.7751930820906194,4.930472197800984,1.0889334036917608,2.0560772986024656,1.333333333333342
2024-08-07,2.1404333072304826,0.0,10.000003221872644,0.5284036221988142,3.846159489197354,3.6144600462750365,1.436264319753544,4.57875454676453,2.236838089792337
2024-08-08,3.194479938665995,-0.650195045616142,2.3341470807081377,-1.4454645153444523,-3.518519516017371,-2.441860800372242,-1.9468999541966236,-2.2767095196571163,-1.0295951786152058
2024-08-12,2.847944526993551,1.3089004974185414,-2.7610989717032353,0.53333536783855,-0.19194297137458127,-0.953515142221939,0.3610053117936607,-1.9713285845592954,0.650195045616142
2024-08-13,-0.6621719239104262,0.6459948193060727,-1.2345725525951368,-0.1326239682989505,2.884617324411609,-2.6474158353767763,-0.3597067513145258,0.3656303783114545,0.12919699244147154
2024-08-14,-0.43631075021209886,-0.3851130242380707,-1.4999985694885254,-1.0624210084134056,4.112154597204953,0.123612221176983,-0.3610121975285985,1.2750487172993097,-0.12903028918850312
2024-08-15,1.1442483262324998,-1.2886598191538479,0.2538068608636479,0.1342261397598632,0.5385948302806476,0.1234478362543534,0.0,0.17986023353870895,-0.6459948193060727
2024-08-19,-2.4070285232880018,0.26110258697236155,1.7721501872853374,-0.5361950858721154,5.178570835566032,6.411843153846952,1.8115941778598321,1.2567269778618329,1.430427116117694
2024-08-20,-2.762362806757934,-0.5208352994586884,0.2487619136637642,0.2695479593836536,0.8488996921607317,-1.2746194115707987,0.1779332255579913,0.7092191985804464,-0.25640634390023953
2024-08-21,-0.10145846544070691,0.9162263537456639,-0.6203497286820348,0.13440654848146938,-1.3468000494176735,0.23473595087817323,1.4209578115480959,0.176060372958875,0.5141309521778048
2024-08-22,0.03808556557065579,0.12969970959810784,-0.249693597904721,0.1342261397598632,0.6825931901308424,0.11709869937359674,-0.5253927234279976,0.5272360750352201,1.4066574762703565
2024-08-27,3.4390862944162492,-0.7772001267349005,-0.8760913245235646,1.2064363864445982,1.6949136104436047,0.5847975394087879,2.1126774279188076,1.0489584233828841,-0.1261110966797374
2024-08-28,-1.8034596981965412,-0.3916389403906262,-0.2525250092658138,0.3973550354408051,-0.9999990463256836,-0.6976792669216803,-0.17241116227775244,-1.3840899245549765,0.0
2024-08-29,1.8865567216391765,-0.7863775616216206,3.7974646870400086,-1.319261160606,-0.3367000123544184,0.8196685613219845,-0.34542445193211924,-1.4035074804040648,1.5151573533783713
2024-09-02,-4.573881054567752,0.6605020081333235,-0.2438963970067154,0.9358247589346114,0.6756750225933583,-1.5098736309484106,1.213172883333935,0.35587155398177917,0.4975143262281545
2024-09-03,-1.747622719095343,-0.524926394362002,0.733489776331897,0.2648966201883374,1.1744995170023698,-0.8254681439022638,-0.68493410175966,-1.0638287978706695,-0.37129089161747064
2024-09-04,-2.3410933821605973,-1.05541295455035,-1.4563093312173536,-2.1136044103344576,-0.33167463069042613,-2.2592102714694695,-0.8620689655172376,-1.4336904085998858,-1.6149106233016464
2024-09-05,-0.2678451854827957,-0.666666666666671,-0.6157659044279784,-0.4048521302845276,-1.663899794698187,-1.9464700999327622,-0.347827413807722,-0.545458360151807,0.6313131556390683
2024-09-09,-2.8199274875788882,1.0738295996749248,0.4956624952375366,-0.13550961975636877,-1.8612463539303348,-0.24814462434759044,-0.34904147574597033,0.3656303783114545,0.37641538675672326
2024-09-10,-2.80502970844273,-0.13281022504992857,0.0,0.13569349749886772,-1.2068994717137849,-0.2487500520428565,0.17513536162996335,0.1821535391393958,0.2499961853027255
2024-09-11,-0.04264998578333845,-1.5957406874206326,0.0,-2.0325202411550225,-2.094238833501527,-0.24938225214576892,-3.4965034498667724,-1.4545440673828125,-1.8703242606954662
2024-09-12,4.977954771725224,0.5405426025390625,0.7398325789977012,0.41493141037425296,-0.17825719507730264,-1.1250019073486328,0.5434768712212712,1.476013331733328,1.1435852106459699
2024-09-16,0.20322449532581555,0.6720429969696795,-0.611997432900202,-0.27547789593064254,-1.6071370943467445,0.0,-1.0810783317497186,-1.4545440673828125,-1.6331601096524206
2024-09-17,0.7977285018929248,-0.5340474202002565,-0.3694548447536805,0.4143583094484482,2.54083231706157,-0.5056885287565982,-1.2750468915915913,-0.18450606533335634,1.1494174475184193
2024-09-18,-0.04024144869215762,0.6711409395973256,0.6180493175747204,0.2751094718464797,-1.061945871978609,0.12706771317982923,0.7380031467732806,0.0,1.0101049022522401
2024-09-19,1.8921095008051614,-0.2666625976562531,-0.24570585896938058,0.27434423052952184,1.7889070107855787,-0.5076137217272736,2.1978036565481585,1.2939033943755174,1.6250038146972567
2024-09-24,-0.8428816014750429,4.278070611879459,0.6157659044279784,3.5567695326854887,5.799647106985417,4.974481914004847,4.480286799609101,3.2846683889073525,3.936035458947007
2024-09-25,0.14610173993889752,-1.538457625951517,0.0,-0.39629515780350566,-0.9966767935156606,0.7290452363791333,0.8576329443279906,0.176682493841529,0.23668277898483137
2024-09-26,-3.103448275862075,-0.3906289581207867,-0.48959561174413135,-0.6631299600549645,-0.5033592217505434,-1.0856472014720397,-1.1904775034389248,-0.8818375672323575,-0.8264427077487646
2024-09-30,-0.9718039967150371,1.4379065021190796,0.9840088878222186,0.0,-3.3726781628115043,2.439022120941492,1.0327062040898616,0.533811573296239,1.666668483189171
2024-10-01,4.077401520387003,-1.5463878503069517,-1.70524168906524,1.6021320744934453,1.2216434804252607,-1.6666594762647535,-0.34071679785347975,-1.061945871978609,0.0
2024-10-02,-0.5843293492695856,0.0,0.0,0.0,0.0,0.0,0.0,0.0,0.0
2024-10-03,3.6200908362276074,0.3926641575545675,-0.9913249904750732,-2.628120946257484,-3.6206901938113045,-3.02663429869956,-1.8803392720018741,-2.325583379111973,-1.2880543963313174
2024-10-07,5.375789609385073,-3.780956990704054,-1.6270293032257133,-1.75437982339135,-1.9678019769548416,-1.997507112076613,-2.43902698373224,-2.747254474714955,-2.609732500586004
2024-10-08,-4.343038903841445,0.0,0.254452679221151,1.5109868516613112,1.2773753908346341,0.6369451126407855,-0.17856870378766265,1.5065899165373375,2.3142528150932984
2024-10-09,-1.445197595600456,0.27099856364765085,-0.3807133169118959,-1.082548085574342,-1.4414486088985323,0.0,-0.3577831081934102,-0.7421143384760076,0.4761922927129847
2024-10-10,3.1014793667272222,-0.8108087488122862,3.9490439050400283,0.1367968210785886,3.4734929526167857,2.9113926113540023,-0.3590677921005092,0.18692016934760414,-1.5402879481692944
2024-10-14,-1.2334801762114544,-1.0899223911810862,2.2058861340894076,-0.409829829057784,2.473504365671775,-0.615008487466695,0.36036173502604907,-0.7462679264300776,-1.323704565967776
2024-10-15,-6.104243659997444,0.6887052486347134,4.196635748103739,0.13717211526476092,0.0,1.1138632851200647,-0.5385982638265174,1.1278184369081234,0.0
2024-10-16,-0.04071661237785573,-0.4103904632357658,-1.6110402348519126,-0.27396842224957085,2.5862002344394064,-0.611997432900202,-0.18050954163174593,-0.37174684946251757,1.3414615538062113
2024-10-17,0.9775967413441888,-1.0989052448102776,0.0,-0.4120920867881295,-2.3529390079574775,-0.3694548447536805,-0.18082906962155754,-0.37313396321505543,-0.842354947166668
2024-10-21,-1.452198467123833,0.8333312140570648,-2.573102480947431,0.8275841022360009,0.8605884892822102,-1.4833171833483094,-0.36232021770864486,-0.5618016657510716,-0.3640813667504461
2024-10-22,3.138218037931506,-0.8264441966000402,-2.400958116409635,-0.9575881844785528,-1.0238897851962414,-0.6273489989201408,-1.9999972256747212,-1.3182706669622846,-1.4616284659499046
2024-10-23,-1.2038629448339666,0.5555576748318192,1.7220214188444771,0.0,-0.8620722256998614,-0.8838405427659124,1.1131696792865853,-0.38167904198678215,1.977748385590905
2024-10-24,-0.5490091055168844,0.414358309448426,-1.5719480924438978,0.27623887296563954,-1.3913030209748656,-1.1464926986511248,-0.917431192660545,0.5747166860948782,-1.33333148378314
2024-10-28,-3.2314528073246196,-0.27509897749316004,0.7370941451077417,0.5509663006693977,0.7054666898553386,1.159789601754957,0.18518235948350448,2.476192656017484,-1.351349451475603
2024-10-29,-1.0852928899401704,-0.1379289298221953,0.36585041059751244,0.8219157179740977,-2.2767095196571163,0.1273914522716746,-0.5545272560479653,0.0,-0.12454059740344414
2024-10-30,2.982135321423529,0.0,0.12150947069333728,-0.9510828298295637,0.8960607781093755,-0.5089053584423131,-1.8587360858383417,-0.1858778563032626,0.0
2024-10-31,0.05463734462505254,0.414358309448426,-0.9708728874782357,-0.27435469609108365,3.3747789228833147,-0.5115084523652835,-0.378789329222351,-0.5586542571791697,-0.7481278016859494
2024-11-04,2.2389078498293413,-1.1004064043260042,4.044116787706953,-0.27509897749318224,-2.920963424051193,-0.5141444423067854,-0.5703407714130027,0.0,0.0
2024-11-05,2.790759781012153,0.13907993323909462,-2.5912758455294727,0.0,-0.7079639146523986,0.0,0.7648212843480273,0.3745314673225586,-0.3768786785351641
2024-11-06,-0.5975578072226706,-0.5555576748318192,2.7811309492783653,0.0,0.0,0.3875996213888122,0.37950808357503085,0.7462679264300887,0.3783044272614777
2024-11-07,-1.0324098274960725,0.27933600823888405,-1.5294131110696219,-0.2758578596444017,-1.9607866469959268,0.0,-0.3780732649726115,1.1111100318500489,0.2512620370234586
2024-11-11,-4.6745015185527645,-0.13928426081477596,-2.150541309879095,-0.6915629030362025,-0.3636360168457031,-1.2870000627804856,-0.5692585061052191,-0.7326000288198076,-0.7518873190098474
2024-11-12,0.5125363623770696,0.27894642419732385,-0.7325942492853565,-0.6963788004849647,-1.8248157716151847,-1.5645356501360674,-0.9541984454963459,0.0,-0.2525214090259076
2024-11-13,0.41345093715545733,-1.1126606881501466,0.3690004003555236,-1.1220238674843785,-2.230481096775072,0.13244704360337867,0.38535056331832074,-1.6605193970666954,1.3924031317988472
2024-11-14,0.7274224540214203,-0.8438797285480693,-0.7352875865728303,-0.9929034726839592,-4.942969915746687,-2.3809501283202916,0.5758216133284977,-0.7504683381911459,-0.24968408495887884
2024-11-18,1.3080801199073289,-0.9929034726839592,3.9506133302941393,-0.14327521367222262,0.6000041961669922,-0.4065069016685574,-2.862595336489049,0.5671117206934806,-0.3754731489718943
2024-11-19,-0.04034969737727323,1.002860913520487,0.7125827244504279,0.43042046613084306,-0.5964256174353699,-0.4081596375570484,-0.39292879556745985,-0.5639137000061356,-2.0100483728542673
2024-11-20,0.013455328310008063,-0.8510616654199943,-0.11791598758603694,-0.14285496303013678,-2.899999618530269,-1.2295102524220836,-1.3806720954748775,-0.9451831965108348,-0.6410256410256387
2024-11-21,1.0224673752186275,-1.0014371421402046,-0.826453911353775,-0.28612957549459805,5.458287650762306,-1.6597494501038756,-2.0000000000000018,-0.7633580839735976,-2.322584582913323
2024-11-25,-1.0920229058463238,-1.445086768931425,0.0,-1.0042998262424496,-6.249994179233765,-3.234880657587269,-1.2244866818797884,-1.346148026765226,-1.0567971659367958
2024-11-26,0.390467214218404,0.0,0.11905034923782587,-0.5797123563462403,-1.6666749450892415,0.5813947847045586,-0.4132247037895498,-0.1949362311646996,0.0
2024-11-27,-0.8717811158798328,0.0,-0.9512476237520051,-0.8746333636544312,-3.601686589267483,0.4335221479832452,0.7468892212723066,0.3906246362021193,-0.9345855318772855
2024-11-28,0.013529968881087484,-0.43987600555313033,-1.0804340145521785,1.3235316557042687,0.8791200038733349,0.0,0.0,0.5836616845840803,0.5390856365640184
2024-12-02,-1.5016233766233733,-1.914584716559009,-1.5776713355815652,-1.0159717882935015,3.921564757184992,-1.8704984341216147,2.1416743645359393,-0.19342802193929032,0.6702413005724717
2024-12-03,2.7331410520532895,0.6006029054705486,-0.12329563046635794,0.2932618571647616,1.6771472542126853,1.1730193796544386,-1.5322547276482967,-0.19379365000744553,0.0
2024-12-04,-0.16042780748661833,-0.5970172028043397,0.0,0.4385897889925827,-1.1340171014454836,-0.43478564338703674,1.4742039689878528,0.0,-0.1331537631862334
2024-12-05,-1.2051419389394802,0.3003071805090629,0.1234478362543534,-0.29111638591899913,2.1897813848345216,1.310045911020663,-0.3228406839761222,1.1650474110381337,1.2000020345052098
2024-12-09,-0.06776904310110687,0.7485029598166104,0.12330738970627309,2.3357641957972186,4.081628681073313,0.5747120924395333,0.8097119409441911,0.0,-0.13175029263602367
2024-12-10,-0.12206700122067149,0.0,0.49261037459082946,0.0,1.3725524111832366,-0.28571401323590484,1.807232007363413,0.19193381902997686,1.451185263633814
2024-12-11,1.0048886474741892,-0.7429420168309164,2.941173720662249,-0.8559179560361896,0.3868468207228748,0.5730653544946174,-1.3806720954748775,0.19157527363558025,-0.2600839709599012
2024-12-12,-1.1562247916106494,-0.8982126887789654,-1.7857098255025683,-1.1510835277090847,-0.770712165934917,-0.9971534451790443,-0.40000152587887916,-1.529635246927341,-1.3037810166730668
2024-12-16,1.0609357997823698,0.30212173241199736,0.6060629179983401,0.14556929833777765,-3.5922318321111146,-0.5755390352630396,0.4016079638623715,-0.19417919799324945,-0.26419677186898527
2024-12-17,-1.534320323014804,-1.3554239536096024,-1.8072357681633844,-1.4534883076207206,-3.0211498641998347,-1.01302020795897,-0.8799972534179634,-0.5836524075963356,-0.6622516556291425
2024-12-18,1.9272826681246524,-0.45801992634780797,0.6134993015359136,-0.589972725478416,-0.8307364772103032,0.14619520207019843,-1.0492341472046696,0.5870789077760508,-1.3333333333333308
2024-12-19,-1.0996379240981513,-1.2269869015459345,-0.4878044241882984,-1.3353138063852188,-1.7801054753786794,-0.7299228407856018,-1.631319784105567,-1.167314092180416,0.8108087488122973
2024-12-23,-2.2101694915254155,0.0,0.49019562011036744,0.9022533445429914,-1.5991532022868293,2.499994039535691,0.24875399608108584,0.0,-0.13404621470036737
2024-12-24,1.9134775374376023,0.7763974971321641,-0.7317008211950138,0.0,4.658725097526895,0.1434753110883591,-0.4962813801442034,-0.7874008357040441,0.0
2024-12-30,1.0068027210884178,-1.3867511628948614,0.24569414306918613,-0.29805805184827117,-1.9668693932143433,-1.1461307089892236,2.078138034490662,0.39682502138669307,1.7449705392722281
2024-12-31,0.4579741379310498,0.31249523162841797,1.2254948938686727,0.1494745468464842,-2.1119303445160997,1.7391287521814514,1.302930381851053,0.3952565445193956,-0.2638582712195303
2025-01-02,2.091713596138378,-0.31152174104217556,-0.2421362858288867,-0.1492514539120804,1.5102414534530872,-2.136753501068167,-3.2958188202726335,-1.3779467692029312,-2.248673257346845
2025-01-06,1.484108221696867,-3.125,-0.4854364437391179,-0.7473841384093016,-2.01912416008756,-1.0189184278060925,-3.0756433397500893,-0.1996053577839385,-0.27064218336544377
2025-01-07,0.7376730943445153,0.32258187570879393,0.12195401359078595,1.054212247223174,0.0,-0.8823590872607756,-1.457976659679594,-0.2999973297119096,-0.1356831455384011
2025-01-08,-0.6038026721479905,-0.4823138800334137,-0.3654047847965969,-0.894185525730673,0.9761404553287889,-0.14836427869816537,-0.8703170564613338,-0.30090958718147487,-0.13586749482916716
2025-01-09,1.3829649735039418,0.0,0.0,0.0,0.0,0.0,0.0,0.0,0.0
2025-01-13,5.418154003059672,0.9693028422143923,0.0,0.7518796992481258,1.825984048952689,1.485882679779471,0.790159755933062,0.8048378345835605,1.7687116350446397
2025-01-14,-0.36280082234853017,0.6400024414062511,0.0,-0.2985029078241608,1.265831698606723,-0.2928254926782059,1.916378709070532,-0.6986092345364847,0.40106338251844065
2025-01-15,1.3229760893312292,-1.1128787694090203,0.24449270590736205,0.44909492314071375,0.9374916180971526,0.4405317189489555,0.25640797829271644,-0.60300971952294,-0.932086501284557
2025-01-16,-1.305701964542405,0.6430831290599848,-0.2438963970067154,0.7451564998065319,0.10320154091729705,0.4385925775139299,0.6820194416232495,0.404448538568869,0.8064495454511489
2025-01-20,-0.8617550673625352,-0.15974197533317191,0.24449270590736205,1.6272167144237404,2.5773196383076957,0.43668428396062,0.16934380506994362,2.1148039445428424,1.0666707356770777
2025-01-21,-1.3589618021547678,-0.32000122070310333,-0.2438963970067154,-0.8733602631352699,-1.6080386982834205,-1.3043500194777624,0.33812309476750624,0.0,-0.2638582712195303
2025-01-22,-0.7074593521161687,0.0,0.0,-1.9089507364046354,2.553626159082034,-0.8810564358837869,-0.5897194229073199,0.0,-0.9259219078976644
2025-01-23,-1.7249999999999988,2.5682220038721004,0.12224052364879778,1.497005919633243,0.9960197395386228,1.7777760823567634,1.1016958672847244,0.0,0.5340474202002454
2025-01-27,-1.6789620961587426,-1.0954628266416577,-0.61049132627925,-0.29499198913610636,4.142012446483956,0.2911205423533403,-0.5029372848437075,0.0,0.13280009305227658
2025-01-28,0.9184993531694774,0.0,0.0,0.0,0.0,0.0,0.0,0.0,0.0
2025-01-29,-1.2690680681963995,-1.107596130520827,1.3513470766310043,-0.5917182469050486,0.0,-1.1611019630811792,-2.358885725953852,-0.1972431665334451,-0.1326239682989505
2025-01-30,0.5193456245131234,0.4799987792968974,-0.8484811493844724,-0.29761451982837084,-2.0833357792309104,0.14684624032101912,0.517683047044537,0.9881460731281599,-0.3984104111544373
2025-02-03,-1.201239989666758,-0.31847255632041493,-0.24450436451716184,0.1492514539120693,-2.707927745060168,-1.0263954530711494,-0.6866946465715507,0.19568985877502776,-0.933329264322913
2025-02-04,0.11766243953459377,0.15974806909890837,0.12255182682396892,0.0,0.5964161375717758,-0.14815153899015998,0.25929721207276213,0.7812492724042386,0.942122368090037
2025-02-05,-2.4418908331157008,-0.6379609585512536,-0.611997432900202,0.29806942203411957,3.3596853402445115,-0.593471264263723,-0.2586266005079607,-0.5813901910527774,-0.5333353678385389
2025-02-06,-0.22754651318429575,-0.6420509086358162,-0.3694548447536805,0.8915281529179975,-0.1912089645385362,0.5970143730110733,-0.17285656540081407,0.1949269360935979,0.13404621470034517
2025-02-10,2.26723906627313,-0.3231030016305203,-1.1124864139724466,-0.14727315445344225,-0.19156613882376217,-0.593471264263723,0.25973794351326074,-0.778209394786944,-0.8032108415436778
2025-02-11,1.8627836809655074,0.48622242034190855,-0.8750021457672119,0.0,0.19193381902997686,-0.29850718650553665,-0.17270729033782573,-1.372543061434861,0.40486242636372793
2025-02-12,-2.9233741146168835,-0.9677394743888623,-0.8827200042813121,-1.769918176435259,-2.10727320112033,-0.8982027593025133,-1.038069505860606,0.19880221923609387,-0.13440654848146938
2025-02-13,0.3051207216768326,-0.32573413350023284,-0.3816820521469366,-0.15014786248073175,-1.1741671470030912,0.0,-0.5244708753771699,0.39682502138669307,-0.1345977111817498
2025-02-17,0.26451527575717115,-2.1241817334221036,0.12771684520147542,-0.45113240865836124,-1.5841662875575535,-1.6616262625200329,-1.230231475526078,-0.9881366494688071,-0.1347688385901602
2025-02-18,0.8574066745811848,0.8347245196379305,-0.25510179256708065,-0.7552870438814696,-1.9114646720737039,0.30721935826949487,-0.17793153466733047,0.0,0.0
2025-02-19,-0.15694480774259834,0.0,0.0,0.0,0.0,0.0,0.0,0.0,0.0
2025-02-20,0.7990568509300466,-0.9933812477823656,-1.790285680940218,-0.15220468609743465,-1.3333345070863367,-1.2251209490475756,-1.4260235615348948,-1.197613111289042,0.9446755628222947
2025-02-24,-2.6770630279402186,-4.849494562174517,-1.82291496894319,-0.9146318415812038,-1.143447588210167,-1.3953438513510052,0.36166329417204324,-2.8282802400022455,0.13368779417282095
2025-02-25,-2.3768193350247047,-0.1757509422435799,-0.5305034755357818,0.6153869628906294,0.9463738214701811,-1.4150967090964306,-1.5315321662307757,0.0,-1.735651569123997
2025-02-26,0.5197647380659198,-2.4647847358916675,0.13333638509114287,-2.1406750660776686,-0.5208352994587107,-2.870810668041257,-1.7383396958154052,-1.143447588210167,-4.211954535856544
2025-02-27,2.0683086134168027,-3.2491028920224485,0.13315248655014766,-3.125,-3.0366487545662735,-0.1642073666876076,-0.4655511340821761,-2.2082022407234336,-0.8510616654199943
2025-03-03,-2.87961605119319,-2.9850718650553665,-3.4574435200017684,0.9677394743888401,-4.643631690576155,-2.7960539214994307,0.561276164377067,-0.21505868122021488,-2.0028633695531317
2025-03-04,-0.7412491420727418,2.8846153846153744,-2.2038611460747926,-0.9584640395304933,-3.3975106832045077,-2.199655515400467,-0.8372107217478164,-0.7543070780003824,-1.8978146740989965
2025-03-05,-1.9222790761996955,3.738317757009346,-1.8309875519307628,-0.32258187570879393,0.820640688040819,0.0,-0.28142339024960217,-1.1943502304194942,1.3392880457600231
2025-03-06,0.2256063169768785,1.0810783317497075,0.5738944030740933,1.132687332655613,-0.8139609929479152,1.730102093471797,0.5644352332684566,-0.8791200038734015,-0.4405219222982537
2025-03-10,0.0,2.13903885129878,-1.711845342056162,0.15999755859374964,-4.337630681615545,0.6802714468455484,-1.0289958933123011,0.33259125774622866,1.6224165554703074
2025-03-11,0.6049521665728808,-0.5235588849127337,0.8708264723108927,0.47923811353101087,-2.2058802904966868,1.8581103394726073,0.0,-0.773487812411322,-0.4354180625745441
2025-03-12,1.1886449447629621,3.5087719298245723,-0.2877695176315198,0.6359263934470283,0.0,-1.3267064305086618,-0.09452012243806873,1.8930967144749733,-1.6034963536275648
2025-03-13,-2.1282476506357173,-0.5084732831534655,-0.577200041036896,0.0,5.889721667522241,-0.33613414399392694,-2.081355910182481,-0.10928170081305755,-0.44444896556713465
2025-03-17,1.5673538548432786,3.2367933330270215,2.1770696411339996,2.2116867741792667,3.9053246290517096,2.192244826376988,5.507243225272984,2.188181638431197,2.5297688316058498
2025-03-18,0.0,-2.9702958455175787,-1.136362558800319,-1.854709435615809,-2.8473804966210325,-2.4752491218445583,-2.0146544458951032,0.10706882996214251,-2.757621892309048
2025-03-19,0.013902405116072991,0.3401373563511667,0.43103064377538747,-1.5748031496062964,0.23447196236552337,-0.33840916147013234,-2.9906514068078094,-0.10695431522822485,-1.3432858595207597
2025-03-20,0.9313316652766135,0.0,0.0,0.0,0.0,0.0,0.0,0.0,0.0
2025-03-24,1.8592480374604037,1.5254263150489944,12.160234753967035,1.1200012207031262,0.4678358007099481,1.8675744653291249,-1.7341069671604203,-1.1777367082920653,0.7564296695040884
2025-03-25,-0.24337479718765653,0.8347245196379305,-2.295922215210233,-0.1582314677391672,-3.143195028725687,0.0,-0.6862715307174416,0.0,0.0
2025-03-26,1.1114123068582282,0.8278145486234401,0.2610963619440687,1.4263099011769809,4.6875042984120485,0.33333301544189453,1.283317995777633,0.7584035966438973,1.9519565788923554
2025-03-27,0.16085790884718953,1.313627614148083,2.343754026029976,-0.4687488079071045,-0.6888681900564464,1.6611279891927566,1.3645164378685015,0.6451555345359905,2.2091310254658936
2025-04-03,-2.9175588865096302,-3.079418966587988,-2.162850806695016,-1.2558857574237026,-0.5780258874628963,-0.1633946443083012,-0.9615329948400753,-1.7094001418896276,-2.7377542998618054
2025-04-07,-8.836503997794331,-4.013374150169346,-5.721717216469003,-5.246427617970884,-12.09302782045285,-4.74631678422276,-6.310685050173914,-4.347822030685711,-7.703704833984359
2025-04-08,-1.9204597005897384,-0.34843337564944843,-1.1034472235317838,1.6778523919496635,2.5132282891341173,0.34364227382495116,0.0,0.7954510603070064,1.4446252598724119
2025-04-09,3.7619488128276313,1.0489483673396194,-2.370991275941736,-0.8250825290260111,-3.096771240234375,-0.8561676271995777,-1.96890764657085,-1.2401314328800872,0.9493646627817043
2025-04-10,-2.8677563150074192,0.0,0.0,0.0,0.0,0.0,0.0,0.0,0.0
2025-04-14,2.7688542144714834,6.401385487505418,3.000000544956749,1.9966735331219398,16.91077850044813,5.354057768945619,4.96829032910735,3.7671223183081803,5.956111728059654
2025-04-15,-0.8931229532599061,0.48780363749685307,0.5547844887849429,0.0,0.11389782671953341,-0.6557370898096271,-1.6112773665143965,-0.9901006719154726,0.0
2025-04-16,2.042655452087705,-0.8090614986612454,0.0,0.652531045444249,-0.11376824715852996,0.3300326916725993,-0.10235648324754543,0.5555576748318192,-1.035498467518703
2025-04-17,2.0459228731233514,0.0,0.0,0.0,0.0,0.0,0.0,0.0,0.0
2025-04-22,-0.5769508149430114,-3.9151676036737526,-2.0689668326542288,-1.4586734436792703,-4.328019658291316,-3.782895098019845,-2.971311014879474,2.5414313523638876,-1.4947682768186032
2025-04-23,-0.9720005802988596,2.376906069461704,0.5633797519761785,0.6578972547668815,1.4285814843214784,1.0256400642336239,0.8447721378064488,1.2931022522848723,0.7587253238585223
2025-04-24,-1.113389979490187,3.1509146764816975,0.8403353487606458,1.3071882795547163,0.0,2.8764819066515734,4.18847759729204,3.723408464610678,2.259036092665423
2025-04-28,-2.0296296296296368,-1.6077170220805348,0.9722246321631767,-0.48386973719443116,-0.4694942884761688,-1.3157882353605488,-2.0100483728543006,-2.564102564102566,-4.270988896478334
2025-04-29,-3.1604415545138154,-1.6339869077347524,-1.3755145102465893,-0.48622242034191965,0.4717089349841386,-2.833334604899085,-2.0512800950270416,-1.1578911229183753,-1.2307739257812478
2025-04-30,-1.0462211118051346,0.16611042002290244,-0.6973527224940823,-0.6514682670004768,-0.8216038114733704,-1.029158551710574,-0.5235621961910741,-1.597450124815547,-0.4672826115632578
2025-05-01,-1.578033769922671,-0.49751117886611684,-0.2808986130333757,0.49180202796810235,-2.2485157949349577,0.0,-1.1578911229183753,0.43290003077767203,-0.6259804637358424
2025-05-06,0.0,4.333330790201817,-2.6760571798950084,-2.120716563197933,0.4842610259641944,-3.6395154045260836,-3.0883913871126434,2.478453691043425,-1.8897649810069916
2025-05-07,-3.302869969536626,-1.1182060148636652,-0.43414954607309264,-1.3333320617675781,4.93975708422012,-1.9784196878860683,0.0,-0.3154646259039606,0.48153971225424197
2025-05-08,3.1669706516332274,-1.2924120065220812,-0.5813947847045586,-0.675678244466027,2.985077241597245,-0.7339442798700024,-0.989012624341834,-1.793239776671196,-2.076676148159895
2025-05-12,4.918032786885251,2.2913282501502374,1.9005794547325428,2.891157797614352,-7.469342880141006,2.4029596692706656,5.993340156885241,4.403864972424887,1.794457263473026
2025-05-13,2.527573529411775,-0.4799987792968752,-0.28694378089735295,0.4958665075381008,-1.4457817204996615,-0.1805009406774971,0.9424099559202759,-1.3374497003039276,-0.8012820316881553
2025-05-14,-1.5239802779023037,0.0,0.8633154138610433,-0.49341980398855956,-0.3667565467757372,0.7233265883440865,1.8672131233495648,0.3128230708431934,0.16154841947666476
2025-05-15,-2.351691700804126,-2.0900309021139485,-0.28531322554410377,-0.3305797734536431,-0.9815942018471135,-1.9748676862534897,-2.545824926367013,-0.20789505537703867,-0.48386973719443116
2025-05-19,2.936606587942814,-2.13465191984501,-2.861227694048174,-1.6583748136855703,0.2478371563817916,-3.113554489124881,-0.10448563768428176,-1.8750031044084903,-0.6483006822248782
2025-05-20,1.0264150943396277,2.0134241504393913,-0.4418222848267095,-0.3372694190769354,-0.12361222117699411,-0.756142951634653,0.0,-0.9554156248297585,-0.6525248224470204
2025-05-21,-1.5986851934857382,-0.164471176605141,1.3313561050813716,-1.0152258707482265,-0.6188142476111547,-2.285712105887272,-1.6736484734677592,-1.500539597723216,-1.3136338780186385
2025-05-22,-1.5031885818402646,-3.1301507446420684,0.2919705285395313,0.5128192086505168,-3.1133191964670126,-0.5847993984229971,1.0638338885950116,-1.5233884226423244,-0.1663868164059168
2025-05-27,-0.8478495452443502,-0.3401373563512111,-3.2023259658867764,-4.081628813472782,-6.041134374730128,-0.9803865653465582,-1.052635594418172,0.662977510252527,-1.8333307902018259
2025-05-28,2.176616915422902,1.0238947174773916,1.654137322359328,0.35460450856621417,3.556774704747445,0.3960392113094846,0.8510630526872509,0.10977200064443693,0.3395533838047804
2025-05-29,-1.704199634814374,1.351350045186761,1.0354984090850783,-1.5901020060859805,3.0383092979905157,-0.7889538559901044,-0.3164528947235734,0.21930326770442932,0.8460237105064161
2025-06-02,3.0185758513932015,-1.6666666666666718,-1.3177182078071725,-0.7181355842010184,-0.1282080594525392,-0.7952373165350135,-0.8465600563041575,0.21881294680656804,-0.5033544374850818
2025-06-03,1.397445529676955,0.0,-0.14836427869816537,-0.7233231766729853,-2.9525034685465634,-0.8016024787124265,-1.1739557953119761,0.32750800732455065,1.517709169406567
2025-06-04,-1.1707172495554308,-1.0169465663069421,0.8915296078676915,0.5464466825545244,0.0,-0.2020152006058873,2.48379629105151,0.7617045886264995,-1.328902370302032
2025-06-11,6.897585844954279,1.0273946206238005,3.092784084341327,0.36232021770863376,-0.39682186770177985,0.40485790880266936,-2.0021031081744023,-0.10799382974792104,-0.6734032249218647
2025-06-12,-0.6312245756768142,-3.050846164509402,-1.5714304787772027,0.3610053117936385,-6.10889807875159,-3.8306462854674095,-1.2903213236343136,-2.054049517657308,-1.186441971083796
2025-06-16,5.942970073404852,1.0489483673396194,0.43541669651223636,0.3597136122810429,1.5558649788744994,-0.6289352186228392,3.0501059222549864,3.0905046357937893,1.2006874307031845
2025-06-17,4.863424383744186,-3.9792374868853564,-3.179194575191846,-0.7168417861123877,-3.8997178226392815,-2.1097027312509398,-0.3171219117359514,-0.5353339391649725,-1.3559309102721184
2025-06-18,-0.4066073697585826,1.2612626359269408,0.44776433824467166,-0.18050954163176813,-4.637683583167207,-2.3706823241906982,-0.6362716614522812,-2.798710763718615,-1.0309317542147367
2025-06-19,2.538912988007147,-1.0676197165001233,-0.7429448825134854,-1.9891473585842423,-1.3677834898393137,0.0,-0.2134418818956263,0.33223352749354174,2.430558269038685
2025-06-23,-7.502799552071671,4.85611661337757,0.2994009197675007,1.2915143045866717,-1.386743897145415,-0.4415006622562556,1.9251266754833019,0.8830013245125112,-2.0338995982024377
2025-06-24,-7.008340059187523,3.602062292109598,2.2388074572778693,-0.18215352648254246,4.999995157122683,1.5520995847393415,0.10493419897208422,1.0940856021790513,1.5570960860875394
2025-06-25,-1.0559814841602622,1.3245020146527287,0.0,-0.5474438708708229,2.976194826586309,0.6550264259409522,-1.0482220321759939,0.8658000615553663,0.6814270970745495
2025-06-26,0.24853801169588685,1.3071882795547163,4.81751720146566,0.73394775390625,-1.0115631631447353,4.772229583948739,4.237294385434165,2.7897021179756454,1.1844344856387634
2025-06-30,-0.6125127606824932,-0.06451760568926268,0.557102546091337,-0.45537339353652895,3.64963508730749,7.0393407444820255,0.7113790014099619,0.2087730472124516,1.0033483218616857
2025-07-01,-0.7630227439471948,-0.5810210065703147,9.972303157223461,0.8234161677545204,0.4225381719903387,2.9013557669994805,0.30272183080835013,1.0416606648102844,0.33112076687034087
2025-07-02,4.687268963477753,-1.6233766635889046,0.8816142463087262,1.6333966439248115,3.7868159409936375,-1.5037668789816938,-0.5030104544392677,2.061853744307318,-0.3960360887996117
2025-07-03,-0.5367231638418013,0.6600685411728646,-0.8739097335974555,1.3392857142857206,-1.89189006326147,0.19084407096647826,0.404448538568869,-0.2020152006058651,1.3916503381277812
2025-07-07,2.172678216415802,1.1803298700051146,-2.6448367334204637,-1.7621145374449365,-0.2754883902634897,-3.4285681588309136,-1.3595188794855217,-1.3157906167521771,-1.2418335404510428
2025-07-08,0.7644197359277127,-1.7498409100685675,-1.4230288905948685,0.6277999535804213,-2.624303679417894,-0.9861970225235495,-1.02093293201444,-0.5128224690755245,-0.5294502020104286
2025-07-09,-0.7172413793103405,1.2533016884564985,-0.26246694523468506,-0.17825040435111017,2.411341771028619,-1.7928317316702413,-0.6188702200209062,1.64948299544585,-0.06652877834444348
2025-07-10,-2.2228396776882597,0.8469000490940237,0.0,-0.44642857142856984,2.0775637081209553,1.2170374212723045,-0.5189433269029209,-0.5070916714148832,-0.3328907404195114
2025-07-14,0.8240977550440398,1.6795880915399186,-1.8421035295047683,-0.7174915262401993,3.2564484624427736,-3.8076069959563474,0.3651522928827866,-0.9174327088500522,-1.0020078124845622
2025-07-15,-0.9723788049605386,3.1766201224314283,-0.13405132480830417,0.09033975273042838,-1.4454682205584213,-0.20833809342630794,-0.9875287750410133,-0.8230444599618192,0.20243378720166127
2025-07-16,-0.8538494378824479,0.061577764918574474,-1.2080493698644834,-0.5415217391603888,-0.5333328247070335,-1.670144558312403,-0.3149578390830521,-0.31121043129721526,-1.0101048373827748
2025-07-17,2.3683077364719196,0.0,0.0,0.0,0.0,0.0,0.0,0.0,0.0
2025-07-21,0.8412787436904212,3.076923076923066,-2.0380447370427768,-0.9074410414636191,-1.6085775461857743,-2.3354592913693684,-5.739863958532898,-2.0811635422502084,-1.1564631190457586
2025-07-22,-3.1006674082313723,-2.6865717190415084,-2.2191379551397383,-2.014649276304392,-3.8147166755797546,-1.739128812274282,-0.6145179069672047,-1.8065895754578398,-1.582928743724732
2025-07-23,-0.746161572679005,1.2269986030718272,1.5602787759042558,0.9345794392523255,2.9745048137251873,1.3274323679807187,0.7307428559665485,0.6493552067419417,0.2797200092272911
2025-07-24,1.807141824490377,-3.3333344893021755,2.79330014475605,0.5555541427047173,-0.13754817153938115,-0.6550160146491013,1.674102878255046,2.043006198780395,1.673638553447665
2025-07-28,0.6390230048281875,-0.8777391305491933,-1.222828137978793,2.8545106055961833,0.2754818222587607,0.8791200038733793,-1.207460601786292,1.264487760308386,4.389577137666234
2025-07-29,3.301820234231667,-1.0120227504099244,-2.0632750448551618,-1.0743034745096858,1.373625024046543,-1.742917669859989,0.5555576748318192,-1.1446374672949733,0.1971073090989428
2025-07-30,1.0517688840322448,0.19169768291869005,0.5617972260667514,0.09049635667066624,2.981026921140062,1.1086410501158994,1.0497266853769505,0.8421044600637417,0.19671956046682926
2025-07-31,-0.7434441741011044,-1.1479611076051,-0.558658697003811,-1.1754027489136565,0.3947396076947607,0.21930326770442932,-2.1323197237567038,0.41753613957808966,-0.19633333439436074
2025-08-04,-5.270325480049031,-1.4838680144279248,-1.544939023107983,0.18297981944930264,-5.11140678208667,0.6564492744928208,0.16760160494333487,-2.9106001694605976,-1.5081937195824846
2025-08-05,-0.6037952846463468,3.077925993875996,3.2810204668568987,3.1050242245469484,0.6906103910986783,3.6956539090955642,2.9001698210432636,1.9271980967356495,4.327560577365341
2025-08-06,-1.6922186867225908,1.9059793441653206,1.6574636214070848,2.125776344944308,0.9602218385140304,3.7735813219785364,1.463406716802873,3.36134117055904,2.36120508890838
2025-08-07,-1.4418125643666402,-1.184541915291848,-0.6793504052694632,0.5203802760107124,-1.494567004333447,-1.2121201028581163,-1.6559801138519847,-0.4065036710645509,0.24937036094550002
2025-08-11,0.5523212419764167,-1.4511071947956422,-0.8207926573078339,-1.639345557260119,-0.8275854176488462,-3.4764842727106893,-0.9234116116401903,-3.061226376490178,-1.0572144098291991
2025-08-12,-0.8313539192399078,2.6248450966089854,-1.93103264118063,-0.43859649122807154,-0.2781638493372318,-0.4237284282951559,-1.0416696076853582,1.6842089201274613,-0.5656829255251572
2025-08-13,-0.8233532934131649,1.185268986714827,-0.9845312285075347,1.1453771381126021,-1.6736385534476539,-0.851063052687262,-1.939049800082382,0.9316786129349941,-0.6953202199696418
2025-08-14,2.822641509433965,0.7398325789977012,1.136362558800319,-0.1742200107316627,0.7092157807799149,4.077254580297329,0.5649631062755178,4.102560190054061,1.782302560733906
2025-08-18,0.08807985907222093,1.6523895669664945,7.724721904144749,3.315884033467875,0.4225381719903387,3.5051562811695414,6.0674155617795655,0.9852254702272356,0.8130148216139998
2025-08-19,-2.2880610149604075,-1.143892396603563,-1.9556726711260963,-0.25338095261108196,-0.28050463682330884,-0.3984059960658093,-0.5826202748542064,-0.9756134777534453,-0.43425309260828326
2025-08-20,1.4860402281597018,1.7052416890652289,0.0,-2.6248928993850784,-0.281293678634964,0.6000041961669922,1.2253571477202296,0.4926127351136289,0.8722822657448948
2025-08-21,1.1832569146575933,4.670651159656503,1.063828775385156,7.652176566745927,-1.2693956368257653,4.174941402593224,5.3157906783254605,3.7254913877130535,4.076589410999221
2025-08-26,-2.2218973834234657,1.4874155359879015,0.0,-0.3231030016305203,0.0,-1.5267161679471508,0.24987124681976614,4.253306356428643,-1.4243309536188242
2025-08-27,1.2856929286888974,-0.6200710922818042,-0.921048627665777,-0.40518638072718494,-1.5714304787772027,2.519382137309889,0.9970128029116676,-0.6346300681673966,0.24081280378631664
2025-08-28,1.2693726937269334,-0.7373747416613563,-1.859234255271247,-0.7323039175792023,-0.580550981540584,-3.2136120514147604,-0.5429447636172591,-0.5474490821885558,-1.3213172275970964
2025-09-01,-2.2154204926395527,0.5714307512555861,-10.55480036621611,-1.2295081967213073,-3.795616871014018,-3.3203140643309204,-4.019848542317095,-1.926605921985225,-1.704203782377911
2025-09-02,1.4905351021016644,-2.6704614233870605,-1.9667187869147562,-0.8298755186721962,-0.30348984011266955,-1.8181753377500387,-1.292657694041166,-0.7483622717147642,-0.5572764997754276
2025-09-03,-0.4846526655896577,0.9340441482752704,2.6234579597771646,1.171549394040916,-0.1522104812868963,1.2345666899427288,-0.8905189886596165,0.5655082144977897,1.2453348044225265
2025-09-04,-1.9923258559622292,-1.2724187915198581,-0.6015031771336776,-1.1579830506281974,-0.15243524591314062,-0.4065036710645509,-0.739954487758443,0.0,-1.3530092881777311
2025-09-08,-1.460623400090344,-2.226122832807198,-1.2102862646013346,-1.0041815466461768,-2.1374097594804353,-1.0204120359535218,-3.5676254089297643,-2.06185815797314,-0.3117278151822056
2025-09-09,3.8661369193154105,-0.4194109801337498,1.0719707898182884,0.08452956174256343,0.46802200503111013,0.0,0.49696382967789887,0.28707878965312794,-0.37523118699950286
2025-09-10,-0.5149330587023604,0.12032821543443983,0.9090900552502612,0.506755461476871,-0.7764004703509797,-0.824741497722925,-1.2637441755129597,-2.3854962874039654,1.6949180953621745
2025-09-11,-0.5471753918958933,-1.8629776280835064,1.2012000831672864,-0.8403361344537785,-1.2519550137338853,1.4553050414575663,-0.7790728714407669,-0.8797576045042499,0.4320968612813614
2025-09-15,0.9368029739776906,-2.878140044241617,-0.593471264263723,-0.2542398743710428,-2.6941375251274713,-0.2049227181827984,-0.7291035407900326,4.043390863217233,-0.18439266011939237
2025-09-16,2.666470241602825,1.891552315441336,1.7910502360059422,0.5947362750948537,2.117265753546782,3.490761402234188,1.2994323860025192,1.232228550622061,0.6773436693465529
2025-09-17,-0.717463050652889,1.175745890171176,1.612898151151354,0.506755461476871,2.870810668041246,-0.39682502138671527,0.11154744798247407,0.1872612688940123,0.6727749262171123
2025-09-18,-1.9656019656019597,0.48929615803998683,-0.4328965903940496,2.0168080049402626,2.325582942684168,3.984059960658093,1.7270164499515017,2.5233688091272466,2.308633592049847
2025-09-22,-1.4153029632905656,2.312837210641394,2.028983544211682,0.9884653485662254,2.424247372139554,-0.19156613882373996,0.7119340588012779,2.2789425151738207,0.6532102693280528
2025-09-24,4.142365784357693,4.10470289101188,-0.14204193322248093,2.4469820859200464,5.0295808319369195,4.0307108754199295,9.951060274293088,1.336894963996249,5.073738432409303
2025-09-25,1.2062033314187204,0.0,0.0,0.0,0.0,0.0,0.0,0.0,0.0
2025-09-29,-2.0998864926220273,-2.4000004359653992,-1.564724469864609,-1.671973327733589,2.6760571798950084,-1.6605193970666954,-1.0880282929049745,-2.1108159501653567,-4.9410397931196055
2025-09-30,-0.6956521739130528,3.8056183924691345,6.647399321898972,-0.32388787520559736,-0.5486963245862619,6.0037556518176105,1.9999980926514116,0.7187773843978285,3.189598336945232
2025-10-01,-2.699941622883817,0.0,0.0,0.0,0.0,0.0,0.0,0.0,0.0
2025-10-02,-1.8449077546122794,-0.7896186873267097,5.8265558491959135,0.0,2.4827562529465164,7.610616302311035,1.4705938726423673,3.4790396252953437,-0.5151697545808798
2025-10-06,2.5213936430317885,3.524723857342038,-0.12803779920539382,1.218521542317763,-0.26917875354763865,1.6447352942006832,-0.5314038951559019,1.8965457424115817,0.9206085298434807
2025-10-07,0.014905351020999547,-1.3728721173477232,-1.0256461357301072,-1.2841079403812405,-1.4844758291818638,-2.4271783607896613,-2.37979488823159,0.16920861489047034,-1.3112966794736725
2025-10-08,0.47690014903130074,0.16704169362371513,-0.259067117487799,-1.1382126226657796,-1.6438405378200405,-1.8242144226708112,-0.8457715077989203,-1.8581103394726073,-1.0976235272728285
2025-10-09,-0.28181548501927667,-1.334073230525934,2.4675332717779996,0.164477450778322,0.2785512730456574,1.8581103394726073,0.40140452825423445,0.516354735005331,0.23363905501130322
2025-10-13,-4.581288115424664,-1.8591544997524245,4.3092481812953,-0.41050902091318564,0.8333391834189907,-0.6633571691278095,0.19989509106039804,-0.7705492314756812,-0.5244764183460315
2025-10-14,-1.7926734216679785,0.8610770256792355,4.374248242713019,0.3297558832819458,-0.826452034781,0.500838246321833,-0.9476241094203752,-1.639348848629607,0.9958997031821237
2025-10-15,-1.0634920634920664,1.3659634336184112,8.381842307789666,0.24651031986913097,-0.4166629689710155,4.318940692784201,1.7119846029142405,1.2280732281358286,1.5081219972949755
2025-10-16,-2.0054548371570724,2.6951233238544203,-2.792698358358836,1.2295081967213184,3.068337347987371,-1.7515944241944692,-1.485154124150223,0.0,-0.45714242117745885
2025-10-20,-0.6057629338572346,-0.05467593428792883,1.9889430685950948,-1.1336044743958773,-2.0297712865692596,-1.7828222391283455,-1.105524208903208,0.34662012118937824,-0.11481318987415223
2025-10-21,0.47768077746663806,0.16410710158665243,-1.6251313756179053,-0.3276015813904354,-0.8287285176291403,-0.9900980750178201,-3.1504107196092868,-0.6908456324104528,-0.4022971055106961
2025-10-22,2.0983606557376966,-1.4745961676145947,-2.533034627410591,-1.3968750952106923,1.3927630064145324,-2.833334604899085,-3.357814310498952,-2.1739130434782594,-1.7888024657076174
2025-10-23,6.486833654463697,-0.6097594499392955,2.7118617036523407,0.5833307902018081,4.258240849524664,-0.6861057011403826,1.7372404641629258,0.4444461398654509,0.5287905415233718
2025-10-27,-1.2062726176115812,3.9598386636262806,0.5500570945604188,0.24855265894205836,-0.1317553185875231,5.872196111018235,0.32016791182063464,1.238932630843892,-2.1040362215636765
2025-10-28,-2.274114774114766,0.0,-0.4376363276862194,0.0,-2.9023719314773655,-2.7732475223526176,0.37234896283855345,0.5244792116914532,2.08955451623718
2025-10-29,1.5305325628611754,2.897000714641784,-1.6483578672154442,0.8264462809917328,0.27173886635465383,-0.33557014762590764,1.112872682210142,0.1739170240319332,1.1111142094681448
2025-10-30,0.15382248884785454,-1.459857571378398,0.44692695760304435,0.08196596239433696,0.0,-0.6734000247088368,-0.9433978296411238,0.34722187728795095,-0.23135288264456433
2025-11-03,1.0443864229765065,-0.10582252998598829,-4.338146825113098,-3.8493013980162694,4.7425460596904445,-4.915253511279261,-1.4285738794352132,-1.038069505860606,-4.173909062924597
2025-11-04,-1.1399908800729608,-0.15889184655905053,0.11627063679049421,0.08517757480526189,2.328587682981631,1.782529451918613,0.16103428876521608,-0.17482084635432882,-2.117364591233739
2025-11-05,-2.306273062730635,-1.5915179752680308,0.23229336307999393,-0.7659587454288519,-3.1605563188701113,-2.1015741638773178,-2.4651612445562354,-1.4886171204747667,-1.1124864139724466
2025-11-06,-0.2045955303745739,0.21563836750693177,-0.3476214666670918,-0.5145784579527746,1.43603310320648,0.3577814021571202,-0.2747315511710813,0.35555521647134825,-0.5625009536743164
2025-11-10,-0.630815328812484,-2.0978987974572205,1.0465022665288926,-0.4310344827586188,-0.3861030872843396,1.6042722568413215,0.0,-5.6687364524819035,0.37712394841071806
2025-11-11,1.348992223456591,1.31868000581008,0.6904536537854833,-0.2597429019548292,-1.1627865427925044,0.0,-0.27547789593068694,2.3474179244571625,0.0
2025-11-12,-3.1005324146570534,-0.7049949259769761,-1.3714272635323654,0.3472235559681902,1.5686259354656729,-0.5263111223693051,-0.9392269210556803,2.9357858687859784,-0.3130882272938451
2025-11-13,0.42016806722688926,-0.5461517443281938,3.7079917796148276,-1.5570894862652063,-2.316600113004885,0.0,-0.3904054301884896,-0.5347630854610319,-0.5653275889232368
2025-11-17,1.6414547795300827,-5.271823903007389,-4.804462130337983,-0.35149518027427495,-3.6890672487388643,-2.99823763679844,-3.695407753959301,-4.5698945865138345,-2.021476287848911
2025-11-18,2.6915769474350926,1.1014523713485103,-3.1690192870546086,1.234569230194782,0.4103995901939994,1.2727303938432133,0.9302316297383983,0.09389886610360332,1.0315915219276883
2025-11-19,-1.6651248843663202,-4.1284472399933385,0.6060629179983401,-1.132406809407227,-0.8174378955344674,0.35906607379059263,-0.8064590557306128,-0.5628467804992265,-0.3190822622298861
2025-11-20,-0.21950454687990062,-0.7176969905071773,-0.7228966052757024,-0.3524242518756937,0.8241750144279303,-1.0733442064713383,-0.058073340770004034,-0.7547162342173785,-0.7682451116406419
2025-11-24,1.869893148962909,-1.506024061776956,-3.033980666798919,-1.4146759466908354,-1.4986393900226491,-1.9891524293127794,-2.1499067493768176,-0.19011841153402376,0.7096752043693089
2025-11-25,-1.2956964368347923,-1.5902154300651117,-3.0037519148085945,-0.4484304932735439,-2.07469011025887,-2.9520266634666337,-1.5439443380401707,-3.714288984026226,-2.498394607469523
2025-11-26,1.2814502265979133,-0.5593545788339593,-0.3870994813980566,0.45045045045044585,-0.5649712187015044,-2.2813756116841444,2.4125429455422065,-0.9891140572825252,0.7884355023241252
2025-11-27,-0.972072211078534,-0.9999990463256836,-1.4248660578592531,-1.0762304468539763,-0.14204193322248093,0.778209394786944,-1.0600724972226638,-0.19980476829525307,-0.7170835023297295
2025-12-01,0.0623247117481851,-2.9040406168924005,-4.862028329891355,-0.9066182886058094,0.14224397932058874,-0.19304541266529363,-0.17856417059054497,-2.4024001663345507,-0.19697789804912214
2025-12-02,-1.323575210214889,1.1053320873146477,-2.624303679417894,-0.2744767094066347,-0.14204193322248093,-0.9671216633850732,-3.3393044603750366,-0.4102560190054061,0.06579098031129771
2025-12-03,0.5996528325706185,0.3215446310068426,0.992903445821347,0.8256894732834086,-0.28449474153087184,2.7343817666407366,-0.9870441483576076,0.6179239895054645,0.3287323511470097
2025-12-04,0.6274509803921635,-1.0897440521596358,1.825844333292559,0.0,1.8544883503448295,-0.19011841153402376,-0.8722703819522226,-1.2282582764675531,-0.32765524236513244
2025-12-08,-1.3250194855806807,-1.4257956103540081,0.8275854176488462,0.09099042104885324,-2.2408942633617035,-2.095240638369611,-1.0056558701861618,-1.5544002534698231,-1.3806708587790206
2025-12-09,-1.0742496050552885,-1.3149231345399914,3.2831771523115005,-0.9090909090909038,0.14326292288471265,0.5836616845840803,2.1587311275421683,0.21053113435443027,0.06666819254557144
2025-12-10,0.7984669434685454,-1.1325787721630842,-0.26490040293054573,-0.18348343875429496,-1.430613847024087,-0.9671216633850732,-0.24860730359228533,1.6806705852794979,-1.1325787721630842
2025-12-11,-1.980354879594426,0.9433921038338067,-1.0624222883686918,0.45955881063912685,-2.3222039261623584,-0.19530766148807555,-0.31152174104217556,2.0661136669406943,0.2695415191491968
2025-12-15,-0.5172135122030075,-1.6688919068062802,-1.3422806334599358,-2.470269443961648,-3.7147102420724387,-2.544033484232222,-0.4999995231628529,0.40485790880264716,-1.948924459829715
2025-12-16,-2.6320064987814695,-1.1541013435348635,-4.761903526175148,-1.3133222757210405,-1.2345667202249944,-2.8112422881404364,-1.1934706855971755,-2.3185533683641846,-1.0966404779902073
2025-12-17,1.1346570999499317,-1.3049486853147996,-1.5714304787772027,-0.38022234609108585,0.7812455180101763,2.2727201076311987,0.2542969910452886,-0.9287843427338127,-1.6632066508438959
2025-12-18,0.13199142055766444,0.41753945786036084,0.7256921872825339,0.6679359998648771,0.7751967785028402,-2.4242402057162327,-0.8877637238991376,-1.8750031044084903,-0.7751914019033079
2025-12-22,2.5210084033613356,2.14829840184545,1.8732004808222458,-0.6635042163433025,-2.4615361140324477,1.4492789392771988,-2.2392858535321025,0.8492560834195917,-0.9232962723390137
2025-12-23,2.3786563805850314,1.08548066415588,-0.282885154751189,0.7633543884232319,1.1040961063012888,0.204076568368472,-0.2617798596338705,0.31578666285465573,-0.3584243112437768
2025-12-24,0.0,-0.6711371164805024,-1.418445088854714,-0.6628759075349211,-1.8720731422096515,-3.665984397810007,-0.13123034376455456,-0.6295851796805474,-0.9352457865775654
2025-12-29,-0.9419152276295195,-0.6081091312703735,-2.4460374693846543,-0.9532888326539202,0.7949155967901245,0.21141124744934459,-0.06570452500910262,-3.06230151716792,-1.161952038979186
2025-12-30,-1.267828843106189,-3.806936901186053,-1.032450877510449,-1.4436958402030298,-1.8927501499705457,-1.8987274281977773,-2.958578620227015,-2.723311456308397,-0.8817038103318908
2025-12-31,-1.5248796147672494,2.968198499058139,1.9374085499531235,0.1953095168574226,3.0546634024019026,1.7204284315123886,1.6260146842582035,3.247479864977665,1.8532246422660936
2026-01-05,2.689486552567244,-1.7844837381834844,-3.2163781011842807,-2.6120861062700285,0.46802200503111013,-4.228325760225104,-1.2666638692220067,-2.9284213659863667,-1.746723254120064
2026-01-06,-1.4285714285714235,-2.655486396212825,0.4531753825825824,-0.44034709775291336,0.3105587072796734,-0.6622562564874368,-0.270087513299766,-0.8938539152060998,-1.2592598243995945
2026-01-07,-1.6425120772946888,0.5742995115106453,-0.6015031771336776,1.8295131015366728,1.7027884344402722,2.8888914320204018,1.4895010598246383,2.593015770891971,0.30007473429831677
2026-01-08,3.7000654878847516,-2.212708169537536,-2.26929035306509,0.4935834007275819,-1.6742790051798129,-1.29589506039971,-1.9346228571115898,-1.7582504876838878,-1.0471229956700912
2026-01-12,3.2522892327123465,1.4598526426976788,5.72755237421354,7.956776258643972,4.489163469667923,6.345731968487023,2.721092363228994,2.0134263268954733,5.6689344365103755
2026-01-13,3.3333333333333215,-0.5035949406135276,-0.5856509853564229,0.09099042104885324,3.851855242693869,-0.6172882507033073,1.7880761408502366,0.6578993461579419,-0.14305797384994712
2026-01-14,1.9088487718259994,0.2892260453629003,-0.4418222848267095,0.9999986128373495,2.5677578097217157,-1.0351907802793603,-1.1060512528283661,-0.32680485455531816,-1.2894004633518197
2026-01-15,-3.9349499056192894,-2.6676271709584642,-1.3313631588852348,-0.36003738197358803,-1.5299044873294254,-2.301257922304878,-1.3815792156718798,-1.4207559146049542,-1.0159607573392293
2026-01-19,1.133615477629979,-0.4444475527162872,-1.4992489278670473,-1.4453464482651834,1.1299424374030087,1.7130604368114088,-0.33355698130963507,0.22172398086899303,-1.1730263714014644
2026-01-20,1.1507995815274397,-2.0089249443388413,-1.6742790051798129,-2.0164958561058377,-0.6983200413862689,-2.526313380191203,0.7362825531534556,-0.4424774559935729,-2.6706206891867756
2026-01-21,-1.4184397163120699,-0.5315086895877785,1.3931912083038789,2.525722085783655,0.42193716466729647,0.0,-0.7309010561958762,-0.5555576748318192,0.5335342639847473
2026-01-22,-1.888489208633104,1.3740408111443836,0.30534321136057585,2.281021929567184,-0.14005255226425817,1.29589506039971,1.2048213536239194,1.1173227217972093,0.7581530299549666
2026-01-26,3.421937060800495,0.07530292984121445,0.7610306330488426,-0.08920470605018327,4.488074189172875,1.0660919677544234,-0.5291000285156167,3.8673969107064554,1.5801357317513087
2026-01-27,3.8109305760708923,0.827687411534872,2.1148088480809735,2.767855780465256,2.9530237941107984,3.586499673054666,2.39361474461659,0.6383023622513972,0.3703717832212128
2026-01-28,0.8821855435401371,-1.0447715942830227,1.923071497073936,-0.2606389455606539,-0.260755941689339,0.0,0.2597400184666254,0.7399544877584319,-0.07380242613336252
2026-01-29,0.14104372355430161,-2.0362025120903016,3.4833128099571287,-0.9581934444894524,0.13071571137277527,-0.203660944102646,-0.7772013524633858,-2.2035681430339182,-0.2954206939861148
2026-02-02,-4.619718309859156,-2.2324862737704287,-2.8050530559911135,-3.518029997679639,0.652744017374296,-2.653063508382847,-2.349867257496563,-1.6094380197627878,-0.9629638106734673
2026-02-03,3.381571175428233,0.39370229516368926,2.1645035942719826,0.9115770536181733,8.041503015453856,-0.8385736271063426,-0.8689847199827905,-0.6543120950654013,0.07479602817828113
2026-02-04,1.6283388087416029,-0.3921583587047861,-1.9773992654552486,0.903342391660189,0.3601408552936114,-0.4228325760225138,0.2697232775374703,-0.5488390663538567,1.1210733725508515
2026-02-05,-1.7990161630358381,-3.5433056379799988,0.43227280581905614,-0.6266758884214907,-0.9569369257348859,-1.9108312496595836,-2.4209795524400612,-2.4282589055124593,-1.9955617843169238
2026-02-09,1.889222842421634,5.387753856425381,-1.4347189044867759,0.18017743084881577,2.053141084256316,-0.21644485481340237,0.4135042384283194,0.7918517377369705,1.508294161485102
2026-02-10,-0.25284450063209896,-0.8520500230625228,2.7656486227873645,2.6079151128292954,-1.4201170209200087,3.9045514777762413,3.088543393033194,1.0101027399459506,2.451708192947999
2026-02-11,0.7182087029995676,-2.3828148486790823,1.1331434044538957,-0.9640652838138197,-2.0408172611160347,0.6263091867905635,-1.93076502456061,-0.6666713290744308,-0.36258296499764864
2026-02-12,-2.4049217002237167,1.6406556669358974,5.742301567451924,2.6548672566371723,-0.2450919664624518,9.95850626511572,3.5302136722586974,3.4675663777090193,2.183407538080684
2026-02-16,1.4469914040114773,4.330710228307355,-2.251656582771544,-1.2068978671369912,0.0,8.490562133408952,0.9180350381819968,-0.6486531850454003,2.5641001257505236
2026-02-17,-1.4687191074707062,-3.1698118965580724,-1.7615191385503937,-0.4363001803293298,-1.3513587925312098,-2.9565230659816533,-0.9746625656812946,-1.30576595253854,-0.6944404891978451
2026-02-18,2.8808943672065324,-0.8573628786544218,-1.6551708352976813,-0.5258531832997182,2.490657732452184,0.358422602149977,-0.4593155897343215,-0.3307578167650038,-4.895103496003273
2026-02-19,1.9364725550292672,-3.105349445530592,-3.36606232963772,-2.37885193677726,-3.0376614467576224,-4.107143267685065,-3.9551771816226933,-2.2123872799678757,-2.941180595477
2026-02-23,-1.7356840235069004,-0.6896554925954534,-1.1611019630811792,1.1732810347992562,-2.25563694120795,-3.5381761875154627,-3.1571725997385114,-2.488690760535839,-0.757571433639137
2026-02-24,-0.9596662030598169,-4.044116787706953,1.4684273931396374,-1.1596747904179416,-3.0769261805968173,-0.9652454740281646,0.0,-0.8120614356560196,0.30534321136057585
2026-02-25,-0.7302345176239289,-0.723712549810096,-0.43414954607309264,-1.0830365925857954,-0.7936500427734305,-4.873294238264281,-0.49609990451766617,-2.6900642196462488,-2.1309031912453147
2026-02-26,1.3721884283491192,1.457976659679594,5.813954777818142,-1.0948877417416458,-1.7333348592122433,-1.4344297135205464,-1.2108267575202225,0.8413539791603863,-2.02176735729942
2026-03-02,7.786770862405801,-6.08622376730541,-3.4340658350967446,-3.69003684842667,-3.9348706425526347,-5.405400314712527,-3.2444110524734837,-2.1454147533979007,-2.976190386085198
2026-03-03,7.819782496116012,0.8100824065624845,1.7069684491852088,4.214560786944266,0.847456828052251,3.29669477455663,3.874809993540329,2.923261510390107,9.938643443768157
2026-03-04,-2.065321805955811,3.9285762638462396,2.3776234129575746,-0.827207261612628,9.103642962494485,2.7659599939695356,6.3845076765653985,1.3017824004084577,6.398814264896258
2026-03-05,8.619421284943595,-2.8350508073254344,6.42076201051478,2.5023140964410606,-3.080869990929691,1.4492789392771988,-2.15778622029994,1.0513924591326607,-0.769235027163373
2026-03-09,6.5018625126989305,4.59769659413487,20.79589080220905,6.50994997917782,-4.90066692780079,6.326529321348828,5.23776855198852,4.393065100567983,16.349546984524068
2026-03-10,-4.7800741918388905,-4.480133021041944,-7.438892886461068,-3.735145510943383,-0.5571025460913259,-4.798464456229001,-4.584156790797945,-1.6611253927570013,-4.300424156899352
2026-03-11,1.2689225289403305,-1.4159278293047861,1.4925386207986113,1.4109333797107215,-3.361341395042561,-0.20161751622832513,-0.2745364632179004,-0.78828484146507,1.0126572498773356
2026-03-12,12.530226423389745,2.064627784093287,-4.298643754317966,0.6086929984714606,0.7246335247339308,-0.6060552348919224,3.2346887520052325,0.34051908674592735,0.2506263268008846
2026-03-16,-1.3088493846454274,-1.4072106334435674,1.8912511429155288,-1.2964563868320789,5.61151588526434,0.406503671064562,3.400001525878915,-0.5656130075996191,0.3749966621398926
2026-03-24,7.30403800475059,-1.8733277201815723,5.104414615999486,-0.17512868089901712,0.9536742965807532,-0.40485790880266936,-2.901352692614234,-2.2753106954846336,2.615193588173015
2026-03-25,0.6640841173215284,1.2272748080166984,1.986747717050097,1.7543859649122862,0.26990528121939583,3.252029368516429,1.1952147841045369,1.164137671933374,-2.7912566580704845
2026-03-26,3.89408099688473,4.58015463312702,5.411255545296334,1.6379323498955989,0.26917875354763865,0.9842557379092787,0.1968549022052013,1.6110512092404328,7.240947654592267
2026-03-30,7.487432754211132,3.6496283413814945,1.02669798582804,-0.9329927564756146,0.9395996436714293,1.754379605126788,2.5540234312838583,0.7927485326051809,0.814897480567911
2026-03-31,3.9465047587791346,4.639605913634237,7.012190748816538,3.25342065331915,7.712771303381749,7.0881298327150954,3.32056489674617,3.5955130585879624,3.002312164699772
2026-04-01,-5.627910648038514,0.0,-1.7093955941694383,-1.243781110264175,-2.3456854951794726,-3.9356039539097276,-1.1124864139724466,-2.277657614587536,-3.4753409973679927
2026-04-02,6.733021077283374,-1.2272346125632216,4.347824083859919,0.0,-2.52844264378298,0.0,-0.2499997615814209,0.8879014614185277,4.23926526535241
2026-04-07,8.306559047096629,3.006011932128061,-0.09259471023357335,-0.3358535104984406,-2.9831390134307245,-5.400371844194829,-0.7518789804026538,3.5203486188404076,-0.5571051655674175
2026-04-08,-11.64894001881196,5.992213861718865,-6.2094539264380355,-0.16848942997814698,9.625665619728618,1.9685020892601601,4.797981196721568,4.144530814525038,-5.322133011972696
2026-04-09,-2.5223159446400745,0.2202623584674157,4.249014921327987,1.3502096828026167,-1.9512176967531936,1.3513547100604484,0.30120021633468497,1.3265317541913957,0.5917182469050486
2026-04-13,3.5705284382088642,3.0769237218423395,3.222750203232061,-0.4163197388447393,-0.4975119657066318,0.0,-1.0810829387374543,2.5176232861714443,2.3529389325310124
2026-04-14,-3.723231667748217,0.42644222400922693,-2.2956840414912194,2.006690264630917,1.1250019073486328,0.3809520176478731,0.4857311902932926,2.3575615316646203,0.17241774312199976
2026-04-15,-3.1679164209284627,-0.6369437498865538,2.4436021317488343,-0.08196596239433696,0.6180493175747204,2.0872890685488255,-0.7854934547398273,0.09597148568729619,0.9753303116320833
2026-04-16,1.4791612285738998,-0.28490001397226683,0.4587173622452534,-1.2305168016602197,3.439800014269956,0.7434936989250351,0.7308211856018598,-0.5752676688506209,0.5113644922567717
2026-04-20,-11.343565120466426,0.49999782017300376,-2.0091348937071207,-2.4086391105697547,-3.206656238921468,-3.690042127066717,-2.2974670319304447,3.182255808561796,-1.356697365023285
2026-04-21,2.649903288201161,0.0,-1.2115486142835863,-0.6808536610704907,0.9815942018471135,-0.7662828249186293,-1.980196150035629,0.2803713411771769,-2.4641850222094086
2026-04-22,6.877708686640283,-4.122245460455942,1.5094324684347127,-0.5998260210346329,-1.2150599435906795,-1.1583000920443065,-2.335857840876554,-3.075488702558493,-1.2338483323923621
2026-04-23,-0.16748942172073455,-6.819867249098454,6.87732114662849,-1.2068978671369912,-0.7380125310222696,0.0,-2.4563678596102645,-4.711536433569686,-1.8441372741888062
2026-04-27,0.5651214128035376,4.534611474439698,20.95652041227922,6.806285476102514,0.867418229810224,14.257813191215995,6.030482691917327,4.439965094172238,15.15151515151516
2026-04-28,3.2750899991219606,0.7610306330488426,4.744786877441265,-0.5718991576064036,6.142505883432192,-0.8546959779967,-1.1874973773956299,-1.449280837449507,-2.631578947368418
2026-04-29,5.560278864138746,0.7552899033115512,1.9217617879907944,0.49302063973823973,-1.1574117765748682,2.068963476083585,0.8855116124774298,0.7843129921766057,-1.1891854775918476
2026-04-30,0.06443298969072142,3.7481258941590267,-0.13468321380400994,0.1635297982433892,-1.8735345213911736,1.1824272621976162,0.6269556676566257,1.7509757767645073,0.4923421729061461
2026-05-05,-7.8316162266580776,-0.7225461009191414,-1.550907238163024,-0.7346951231664511,-2.983293515344765,1.001676492643644,-0.24921501607521046,-2.8680706466613914,-0.8165569897990776
2026-05-06,-9.44022356126103,-2.110625667277022,-7.260276656992759,-2.46710529411599,0.3690004003555236,-4.628102495552799,-2.311054842407856,-4.0354316296229324,-4.445661341758034
2026-05-07,-1.8129218900675093,1.1895899604540183,3.3973415025329023,0.5059009121758162,-0.6127474469343364,-0.1733059285568994,0.2557542261826251,0.30768956893529875,-1.7805828182615557
2026-05-11,4.2133176193282385,1.3225592190773572,5.428573063441688,1.006715275469161,5.302100164970369,3.1249968955915364,1.4030568180656955,3.2719903602831613,0.6432672546728746
2026-05-12,4.957119969842627,-1.087741979298129,3.6585362701849755,1.74418475706557,-2.810301782086755,-0.1683540199579614,-1.6352156065746581,-0.5940635381240456,1.7431793164931042
2026-05-13,-0.9787195833707463,-0.5132012224090654,4.575162095024243,0.4897946727519198,0.24095787505740152,1.1804413775335476,-1.0230230023922982,0.1992077474070042,0.8566511511682195
2026-05-14,0.5712731229597257,-0.29476759581863465,-0.06250143051147461,-1.056048284709421,-0.24037866373717298,-0.6666660308837891,-1.4211842368227257,-1.2922476045569842,-1.0758807230989875
2026-05-18,5.247497971328108,-1.5521067427312851,1.00062445092155,-3.119871064488422,2.771078758444756,-1.5100696646282663,-2.35911274542584,-0.30212170919945436,-1.259297779057833
2026-05-19,-1.790456609269253,0.5255304061736021,0.1238418466630975,-0.5084732831534655,0.9378654889850679,0.8517920223111153,-0.5369122533839477,0.3030372505202328,-0.6376846976902217
2026-05-20,-4.980809490579197,-1.0455589225773831,0.06184433416607238,-1.0221503935604392,-1.7421559176712065,-1.8581103394726073,-0.06747149401773456,-1.007053156056803,-0.8167992685751746
2026-05-21,-2.836684109060872,0.0,-1.2978988515828127,-1.5490494575185032,-0.11820601461872693,-0.17211277354839405,-0.06752348817350429,0.7121026995677182,0.11764975155101887
2026-05-26,-2.9195011337868504,0.0,0.0,0.0,0.0,0.0,0.0,0.0,0.0
2026-05-27,-5.489051094890507,0.0,0.0,0.0,0.0,0.0,0.0,0.0,0.0
2026-05-28,-1.6888065080836179,0.0,0.0,0.0,0.0,0.0,0.0,0.0,0.0
2026-06-01,2.95380747878915,-3.0188650455114985,-4.320604399000372,-2.622377587400082,3.5502981953434265,-0.5172449796859158,-2.2972982986901425,0.4040400342860462,-4.347824625237385
2026-06-02,0.20347949944041765,1.5564187029406318,0.7853395789015893,2.2441651398175555,0.3428540910993316,3.466201211893627,0.6915655685056477,0.6036259773603003,1.289920611888662
2026-06-03,3.2490608183571856,0.0,2.532469824567274,-1.2291496989671358,-1.1389456815116494,-2.177548445099464,0.13735922742428297,-0.9000015258789018,-1.3947819613628343
2026-06-04,-2.6649621398367573,-0.9195393395034612,-4.813174355401628,-0.5333319769965317,-0.23042001221758035,-0.34246541787590346,-1.7146776495761018,-0.6054436616167003,-2.2140258627555975
2026-06-08,-1.535663770458684,-1.7014714759190142,1.1310717186575614,-0.08936414008713367,-0.9237866641529036,-2.4055041098527963,-0.13956388133870012,-0.9137070974860495,0.5031441863232455
2026-06-09,-3.3962651344141115,-1.2588500938780167,-5.921050196209077,0.7155593922416381,-1.2820472920206383,-1.2323890306294882,-0.8385802635539896,-0.40983566511257896,-0.8760913245235646
2026-06-10,1.6781731279872592,-1.5139484555377836,0.34965167879690284,-1.9538161439210056,0.23612164650346212,-0.35650589038372926,0.0,1.3374497003039387,-3.598482887205612
2026-06-11,-3.018907343570454,2.7508103724276145,-2.8571483636743666,0.18115665351263743,0.11778832922770821,-0.3577814021571091,-0.9866060168315816,-1.0152322598672603,1.8336589690724825
2026-06-15,-9.133993968117194,5.669293526315933,-5.1649880561523975,0.3616650374299146,0.7058872896082313,0.7181321475811853,1.5658381782363673,1.6410240760216244,-1.9935718058795016
2026-06-16,-4.575628259838782,-2.459015810953613,0.22692687114396204,0.18017743084881577,-1.0514036001872173,-1.782529451918624,-0.35038674934071423,-0.40363231552897894,-1.0498677809387513
2026-06-17,-0.21118012422360888,0.305576481182257,-4.1509448357348155,-1.1690606637051904,-0.47225455244358505,-0.5444683949575424,-1.758087168111122,-1.4184432112060108,-1.657824942074404
2026-06-18,-1.2199676335117648,-0.9900998728700761,-2.3622062617355555,-1.3648771421052142,-0.9489907569390832,-0.7299263086460783,0.21474396848792932,-2.5693731938505326,-0.539446555074985
2026-06-22,-3.6042848141146777,-1.153843219463646,-1.6129017372408572,-0.18450606533338965,-1.3173725188764696,-2.7573546652511105,-0.8571420397077256,-0.7383934409737947,1.2881327483613703
