Date,Brent,Advanced,Petro Rabigh,SABIC,Saudi Chemical,Saudi_Kayan,Sipchem,Tasnee,Yansab
2020-01-02,67.05,41.58333206176758,15.479846000671388,93.4000015258789,2.421999931335449,11.15999984741211,17.860000610351562,13.65999984741211,56.20000076293945
2020-01-06,70.25,39.91666412353516,14.709356307983398,91.9000015258789,2.359999895095825,10.739999771118164,17.280000686645508,12.979999542236328,54.79999923706055
2020-01-07,68.74,40.25,14.54124927520752,91.0,2.368000030517578,10.65999984741211,17.299999237060547,12.880000114440918,54.5
2020-01-08,67.31,39.75,14.37314224243164,90.5,2.3359999656677246,10.5600004196167,17.200000762939453,12.65999984741211,53.59999847412109
2020-01-09,66.58,40.41666412353516,15.087596893310549,92.0,2.374000072479248,10.880000114440918,17.760000228881836,13.279999732971191,54.5
2020-01-13,64.14,41.54166412353516,15.746014595031738,92.6999969482422,2.427999973297119,11.220000267028809,18.399999618530277,13.779999732971191,55.29999923706055
2020-01-14,64.45,42.0,15.703989028930664,93.1999969482422,2.4579999446868896,11.15999984741211,18.399999618530277,13.800000190734863,55.59999847412109
2020-01-15,63.29,41.91666412353516,15.367774963378906,92.4000015258789,2.4560000896453857,10.9399995803833,18.31999969482422,13.720000267028809,55.29999923706055
2020-01-16,64.63,42.33333206176758,15.101606369018556,92.8000030517578,2.4739999771118164,10.920000076293944,18.26000022888184,13.699999809265137,55.5
2020-01-20,64.63,42.33333206176758,15.087596893310549,92.9000015258789,2.509999990463257,10.81999969482422,18.21999931335449,13.4399995803833,55.70000076293945
2020-01-21,63.66,42.0,15.129623413085938,92.0,2.5450000762939453,10.779999732971191,18.26000022888184,13.359999656677246,55.5
2020-01-22,62.11,42.08333206176758,15.087596893310549,91.8000030517578,2.539999961853028,10.760000228881836,18.239999771118164,13.399999618530272,55.29999923706055
2020-01-23,61.26,41.58333206176758,14.82142734527588,90.9000015258789,2.505000114440918,10.619999885559082,18.059999465942383,13.15999984741211,53.70000076293945
2020-01-27,58.54,40.5,14.022918701171877,88.5,2.486000061035156,10.0600004196167,17.280000686645508,12.640000343322754,52.5
2020-01-28,59.37,40.5,13.938865661621094,88.9000015258789,2.483999967575073,10.079999923706056,17.219999313354492,12.68000030517578,52.29999923706055
2020-01-29,59.46,40.375,13.812786102294922,87.19999694824219,2.509999990463257,10.0600004196167,17.200000762939453,12.779999732971191,52.400001525878906
2020-01-30,57.72,40.16666412353516,14.0089111328125,87.5,2.515000104904175,9.949999809265137,17.280000686645508,12.81999969482422,52.70000076293945
2020-02-03,54.0,38.75,13.686705589294434,86.30000305175781,2.4660000801086426,9.68000030517578,16.81999969482422,12.4399995803833,51.5
2020-02-04,53.9,38.45833206176758,13.644679069519045,87.0,2.5,9.729999542236328,16.799999237060547,12.279999732971191,51.400001525878906
2020-02-05,55.36,38.58333206176758,13.252429008483888,86.4000015258789,2.509999990463257,9.699999809265137,16.719999313354492,12.15999984741211,50.59999847412109
2020-02-06,55.18,38.75,13.196393966674805,86.30000305175781,2.4820001125335693,9.640000343322754,16.479999542236328,12.079999923706056,50.5
2020-02-10,53.39,38.83333206176758,12.818153381347656,84.0,2.4779999256134038,9.579999923706056,16.299999237060547,12.15999984741211,51.20000076293945
2020-02-11,54.0,38.41666412353516,12.46792984008789,83.5,2.505000114440918,9.40999984741211,16.68000030517578,12.0,50.70000076293945
2020-02-12,55.54,38.70833206176758,12.49594783782959,83.5999984741211,2.490000009536743,9.350000381469728,16.5,11.9399995803833,50.79999923706055
2020-02-13,56.34,38.66666412353516,11.249155044555664,81.9000015258789,2.4820001125335693,9.119999885559082,16.239999771118164,11.739999771118164,50.5
2020-02-17,57.83,38.58333206176758,10.996994972229004,81.0,2.4760000705718994,9.0,16.200000762939453,11.859999656677246,50.29999923706055
2020-02-18,57.35,38.20833206176758,10.996994972229004,80.80000305175781,2.440000057220459,9.010000228881836,16.100000381469727,11.859999656677246,50.20000076293945
2020-02-19,59.72,38.58333206176758,11.389244079589844,82.9000015258789,2.4760000705718994,9.289999961853027,16.420000076293945,12.039999961853027,51.5
2020-02-20,59.57,38.83333206176758,11.64140510559082,84.0,2.490000009536743,9.420000076293944,16.780000686645508,12.279999732971191,51.900001525878906
2020-02-24,56.71,38.29166412353516,10.982986450195312,81.0999984741211,2.4119999408721924,9.0,15.800000190734863,11.65999984741211,50.0
2020-02-25,55.29,37.83333206176758,11.039020538330078,81.0,2.3480000495910645,8.949999809265137,15.5,11.720000267028809,50.09999847412109
2020-02-26,54.96,37.375,11.067038536071776,80.19999694824219,2.2960000038146973,8.880000114440918,15.279999732971191,11.600000381469728,50.0
2020-02-27,52.19,37.375,11.067038536071776,80.19999694824219,2.2679998874664307,8.880000114440918,15.279999732971191,11.779999732971191,50.0
2020-03-02,52.52,34.95833206176758,10.450647354125977,74.30000305175781,2.190000057220459,8.529999732971191,14.899999618530272,11.31999969482422,48.45000076293945
2020-03-03,52.24,35.58333206176758,10.688798904418944,78.19999694824219,2.25600004196167,8.760000228881836,14.979999542236328,11.65999984741211,49.20000076293945
2020-03-04,51.86,35.58333206176758,10.688798904418944,78.5,2.25600004196167,8.760000228881836,14.979999542236328,11.5,49.34999847412109
2020-03-05,51.29,36.41666412353516,10.366594314575195,78.30000305175781,2.2300000190734863,8.710000038146973,14.739999771118164,11.420000076293944,49.20000076293945
2020-03-09,35.33,32.0,8.405345916748047,64.0999984741211,1.9600000381469729,7.079999923706055,11.960000038146973,9.260000228881836,41.59999847412109
2020-03-10,35.57,34.16666412353516,8.965703010559082,69.5,2.072000026702881,7.78000020980835,12.920000076293944,10.020000457763672,44.59999847412109
2020-03-11,34.45,34.375,8.405345916748047,67.0,2.0480000972747803,7.690000057220459,12.380000114440918,9.449999809265137,44.0
2020-03-12,31.02,32.91666412353516,7.704901218414307,66.0999984741211,2.0239999294281006,7.5,12.020000457763672,9.109999656677246,42.95000076293945
2020-03-16,27.98,32.29166412353516,6.948419094085693,62.0,1.9800000190734863,7.090000152587891,11.260000228881836,8.329999923706055,39.09999847412109
2020-03-17,27.97,33.16666412353516,6.990446090698242,64.0999984741211,2.00600004196167,7.099999904632568,11.4399995803833,8.479999542236328,39.25
2020-03-18,22.79,33.375,7.046482086181641,64.0999984741211,1.9880000352859497,7.099999904632568,11.300000190734863,8.460000038146973,39.34999847412109
2020-03-19,23.98,34.625,7.256615161895752,66.5999984741211,2.0799999237060547,7.099999904632568,11.399999618530272,8.699999809265137,41.5
2020-03-23,23.75,34.08333206176758,6.948419094085693,65.0999984741211,2.052000045776367,6.800000190734863,11.220000267028809,8.399999618530273,39.54999923706055
2020-03-24,24.5,35.04166412353516,7.144544124603272,66.80000305175781,2.118000030517578,7.070000171661377,11.779999732971191,8.739999771118164,41.0
2020-03-25,25.62,35.16666412353516,7.256615161895752,67.19999694824219,2.0799999237060547,7.079999923706055,11.619999885559082,8.800000190734863,40.95000076293945
2020-03-26,23.55,36.16666412353516,7.368687152862549,69.0,2.0179998874664307,7.190000057220459,11.720000267028809,9.020000457763672,40.95000076293945
2020-03-30,19.19,35.58333206176758,7.298642158508301,68.9000015258789,2.026000022888184,7.170000076293945,12.0600004196167,9.109999656677246,41.150001525878906
2020-03-31,14.85,37.08333206176758,7.494767189025879,70.0,2.053999900817871,7.25,12.279999732971191,9.199999809265137,41.59999847412109
2020-04-01,14.97,36.91666412353516,7.77494478225708,70.5,2.0980000495910645,7.25,12.279999732971191,9.0,42.900001525878906
2020-04-02,20.24,37.45833206176758,8.545434951782227,76.0,2.088000059127808,7.679999828338623,12.979999542236328,9.31999969482422,45.650001525878906
2020-04-06,22.58,37.0,10.24051284790039,78.5,2.088000059127808,8.510000228881836,13.779999732971191,9.8100004196167,46.79999923706055
2020-04-07,22.1,37.58333206176758,10.646772384643556,79.80000305175781,2.190000057220459,8.670000076293945,14.0,10.100000381469728,47.09999847412109
2020-04-08,25.22,38.08333206176758,10.338576316833496,79.19999694824219,2.131999969482422,8.600000381469727,14.640000343322754,10.119999885559082,46.34999847412109
2020-04-09,20.23,38.08333206176758,10.422629356384276,79.5999984741211,2.135999917984009,8.550000190734863,14.119999885559082,10.039999961853027,46.84999847412109
2020-04-14,21.74,37.08333206176758,9.610112190246582,78.5999984741211,2.119999885559082,8.149999618530273,13.739999771118164,9.84000015258789,44.900001525878906
2020-04-15,19.8,36.66666412353516,9.133809089660645,78.0,2.062000036239624,8.0,13.420000076293944,9.600000381469728,44.0
2020-04-16,18.69,35.91666412353516,9.287907600402832,76.30000305175781,2.0,7.820000171661377,13.220000267028809,9.420000076293944,42.84999847412109
2020-04-20,17.36,36.0,9.680156707763672,73.69999694824219,2.007999897003174,7.889999866485596,13.600000381469728,9.4399995803833,42.34999847412109
2020-04-21,9.12,35.79166412353516,9.147817611694336,70.80000305175781,2.009999990463257,7.539999961853027,13.140000343322754,9.15999984741211,41.59999847412109
2020-04-22,13.77,36.0,9.427996635437012,70.19999694824219,2.007999897003174,7.769999980926514,13.520000457763672,9.31999969482422,42.04999923706055
2020-04-23,15.06,36.58333206176758,9.540067672729492,70.30000305175781,2.026000022888184,7.860000133514404,13.960000038146973,9.510000228881836,43.0
2020-04-27,15.17,37.0,9.680156707763672,71.4000015258789,2.1040000915527344,8.100000381469727,14.579999923706056,9.829999923706056,42.84999847412109
2020-04-28,15.6,36.66666412353516,9.44200611114502,71.30000305175781,2.109999895095825,8.15999984741211,14.640000343322754,9.770000457763672,42.900001525878906
2020-04-29,17.86,36.75,9.484031677246094,71.80000305175781,2.128000020980835,8.300000190734863,15.199999809265137,9.880000114440918,43.09999847412109
2020-04-30,18.11,37.20833206176758,9.59610366821289,74.9000015258789,2.138000011444092,8.680000305175781,15.380000114440918,10.15999984741211,45.0
2020-05-04,20.4,35.54166412353516,9.063764572143556,69.0,1.996000051498413,7.929999828338623,13.720000267028809,9.359999656677246,44.25
2020-05-05,25.46,36.75,9.41398811340332,70.9000015258789,2.049999952316284,8.100000381469727,13.899999618530272,9.56999969482422,44.650001525878906
2020-05-06,24.2,36.16666412353516,9.456013679504396,70.69999694824219,2.072000026702881,8.109999656677246,13.800000190734863,9.43000030517578,45.04999923706055
2020-05-07,24.23,35.91666412353516,9.161827087402344,70.80000305175781,2.0999999046325684,8.050000190734863,13.5,9.260000228881836,44.59999847412109
2020-05-11,25.53,37.16666412353516,9.147817611694336,73.0,2.125999927520752,7.989999771118164,13.9399995803833,9.300000190734863,46.29999923706055
2020-05-12,26.67,39.16666412353516,9.287907600402832,76.0,2.1459999084472656,8.1899995803833,14.359999656677246,9.59000015258789,47.29999923706055
2020-05-13,27.89,38.25,9.24588108062744,77.69999694824219,2.114000082015991,8.199999809265137,14.239999771118164,9.6899995803833,47.20000076293945
2020-05-14,29.87,38.875,9.231871604919434,76.0,2.072000026702881,8.140000343322754,14.0,9.609999656677246,48.0
2020-05-18,33.3,41.5,9.59610366821289,79.5,2.0820000171661377,8.420000076293945,14.5,10.079999923706056,49.79999923706055
2020-05-19,33.06,41.75,9.59610366821289,82.0,2.0999999046325684,8.5,14.5,10.0,50.5
2020-05-20,34.76,40.58333206176758,9.399978637695312,82.0,2.0899999141693115,8.5,14.380000114440918,9.970000267028809,50.59999847412109
2020-05-21,34.78,40.375,9.456013679504396,83.0,2.0739998817443848,8.300000190734863,14.399999618530272,9.84000015258789,49.900001525878906
2020-06-01,36.74,41.58333206176758,9.932316780090332,88.0,2.111999988555908,8.649999618530273,14.579999923706056,10.5,51.900001525878906
2020-06-02,37.72,41.45833206176758,9.90429973602295,89.5999984741211,2.115999937057495,8.649999618530273,14.539999961853027,10.479999542236328,51.79999923706055
2020-06-03,37.98,41.54166412353516,9.750202178955078,88.0,2.0820000171661377,8.430000305175781,14.239999771118164,10.15999984741211,51.400001525878906
2020-06-04,38.41,40.83333206176758,9.69416618347168,88.0999984741211,2.0859999656677246,8.350000381469727,14.100000381469728,10.119999885559082,51.70000076293945
2020-06-08,39.66,42.5,9.820245742797852,88.5999984741211,2.150000095367432,8.59000015258789,14.199999809265137,10.239999771118164,51.59999847412109
2020-06-09,40.45,42.5,9.72218418121338,88.69999694824219,2.138000011444092,8.600000381469727,14.15999984741211,10.119999885559082,51.70000076293945
2020-06-10,41.18,42.25,9.764209747314451,88.5999984741211,2.2300000190734863,8.649999618530273,14.100000381469728,10.15999984741211,51.59999847412109
2020-06-11,37.76,42.08333206176758,9.73619270324707,89.0,2.2679998874664307,8.630000114440918,14.199999809265137,10.140000343322754,51.70000076293945
2020-06-15,39.44,42.25,9.66614818572998,88.80000305175781,2.23799991607666,8.630000114440918,14.460000038146973,10.0600004196167,51.5
2020-06-16,40.75,43.25,9.73619270324707,89.4000015258789,2.2699999809265137,8.8100004196167,14.640000343322754,10.4399995803833,52.0
2020-06-17,40.47,43.75,9.72218418121338,89.0,2.25600004196167,8.640000343322754,14.4399995803833,10.239999771118164,52.20000076293945
2020-06-18,41.75,43.75,9.77821922302246,91.1999969482422,2.299999952316284,8.670000076293945,14.65999984741211,10.359999656677246,53.09999847412109
2020-06-22,43.2,43.75,9.456013679504396,89.5,2.263999938964844,8.420000076293945,14.300000190734863,10.15999984741211,51.5
2020-06-23,42.72,44.75,9.5260591506958,89.0,2.3239998817443848,8.430000305175781,14.300000190734863,10.260000228881836,52.09999847412109
2020-06-24,40.4,44.16666412353516,9.371960639953612,87.80000305175781,2.380000114440918,8.289999961853027,14.140000343322754,10.119999885559082,51.59999847412109
2020-06-25,41.18,43.58333206176758,9.38597011566162,87.69999694824219,2.3959999084472656,8.279999732971191,14.279999732971191,10.279999732971191,51.29999923706055
2020-06-29,41.58,44.66666412353516,9.427996635437012,88.80000305175781,2.364000082015991,8.260000228881836,14.420000076293944,10.600000381469728,51.5
2020-06-30,41.64,44.33333206176758,9.427996635437012,88.0999984741211,2.299999952316284,8.199999809265137,14.420000076293944,10.4399995803833,51.20000076293945
2020-07-01,42.18,43.33333206176758,9.427996635437012,88.0999984741211,2.313999891281128,8.260000228881836,14.399999618530272,10.460000038146973,51.400001525878906
2020-07-02,43.19,44.16666412353516,9.41398811340332,89.19999694824219,2.3540000915527344,8.390000343322754,14.520000457763672,10.520000457763672,52.59999847412109
2020-07-06,42.73,44.0,9.63813018798828,89.0,2.369999885559082,8.430000305175781,14.880000114440918,10.579999923706056,53.09999847412109
2020-07-07,43.28,43.41666412353516,9.610112190246582,89.19999694824219,2.385999917984009,8.460000038146973,15.0,10.640000343322754,52.79999923706055
2020-07-08,43.67,43.16666412353516,9.5260591506958,88.80000305175781,2.375999927520752,8.390000343322754,14.800000190734863,10.9399995803833,51.20000076293945
2020-07-09,42.35,43.08333206176758,9.5260591506958,88.69999694824219,2.380000114440918,8.359999656677246,14.899999618530272,10.880000114440918,52.20000076293945
2020-07-13,42.85,42.5,9.44200611114502,88.19999694824219,2.384000062942505,8.420000076293945,14.81999969482422,10.81999969482422,52.09999847412109
2020-07-14,42.97,42.5,9.357952117919922,88.30000305175781,2.3580000400543213,8.520000457763672,14.640000343322754,10.699999809265137,52.0
2020-07-15,43.96,43.16666412353516,9.5260591506958,88.4000015258789,2.380000114440918,8.619999885559082,14.779999732971191,10.619999885559082,51.70000076293945
2020-07-16,43.71,42.66666412353516,9.44200611114502,88.19999694824219,2.4059998989105225,8.5,14.81999969482422,10.5600004196167,51.59999847412109
2020-07-20,43.3,42.58333206176758,9.175835609436035,86.5999984741211,2.4200000762939453,8.3100004196167,14.539999961853027,10.260000228881836,51.400001525878906
2020-07-21,44.31,43.33333206176758,9.217863082885742,87.5,2.430000066757202,8.300000190734863,14.640000343322754,10.34000015258789,51.400001525878906
2020-07-22,43.98,43.66666412353516,9.203853607177734,87.5999984741211,2.436000108718872,8.25,14.640000343322754,10.359999656677246,51.5
2020-07-23,42.96,43.58333206176758,9.147817611694336,88.0,2.46399998664856,8.210000038146973,14.600000381469728,10.260000228881836,51.29999923706055
2020-07-27,43.39,43.08333206176758,9.091782569885254,88.5,2.509999990463257,8.15999984741211,14.600000381469728,10.399999618530272,51.400001525878906
2020-07-28,43.11,42.91666412353516,8.937685012817383,88.9000015258789,2.5,8.130000114440918,14.5600004196167,10.31999969482422,51.79999923706055
2020-08-05,44.92,43.08333206176758,8.965703010559082,88.0,2.525000095367432,8.100000381469727,14.5,10.4399995803833,51.79999923706055
2020-08-06,45.04,43.25,8.867639541625977,87.80000305175781,2.5199999809265137,8.130000114440918,14.600000381469728,10.420000076293944,52.20000076293945
2020-08-10,44.19,42.91666412353516,8.895657539367676,87.5999984741211,2.5999999046325684,8.329999923706055,15.100000381469728,10.68000030517578,52.20000076293945
2020-08-11,43.68,44.16666412353516,9.217863082885742,87.9000015258789,2.5899999141693115,8.579999923706055,15.5600004196167,10.84000015258789,53.20000076293945
2020-08-12,45.09,44.91666412353516,9.189845085144045,88.19999694824219,2.5799999237060547,8.529999732971191,15.359999656677246,10.81999969482422,54.0
2020-08-13,44.87,44.91666412353516,9.189845085144045,88.19999694824219,2.5799999237060547,8.529999732971191,15.359999656677246,10.81999969482422,54.0
2020-08-17,44.91,46.58333206176758,9.217863082885742,88.5999984741211,2.650000095367432,8.579999923706055,15.18000030517578,11.199999809265137,54.59999847412109
2020-08-18,45.34,47.25,9.343942642211914,88.80000305175781,2.640000104904175,8.640000343322754,15.34000015258789,11.300000190734863,54.900001525878906
2020-08-19,45.21,47.41666412353516,9.371960639953612,88.0999984741211,2.625,8.59000015258789,15.520000457763672,11.34000015258789,55.09999847412109
2020-08-20,44.56,47.58333206176758,9.315924644470217,88.4000015258789,2.5999999046325684,8.710000038146973,15.739999771118164,11.359999656677246,55.0
2020-08-24,44.43,47.5,9.456013679504396,88.5,2.634999990463257,9.119999885559082,15.779999732971191,11.699999809265137,55.0
2020-08-25,46.01,47.33333206176758,9.399978637695312,88.4000015258789,2.6050000190734863,9.079999923706056,15.640000343322754,11.5600004196167,55.29999923706055
2020-08-26,45.79,47.41666412353516,9.38597011566162,88.5,2.625,9.09000015258789,16.280000686645508,11.81999969482422,55.29999923706055
2020-08-27,44.84,46.83333206176758,9.27389907836914,88.30000305175781,2.6700000762939453,9.079999923706056,16.200000762939453,11.979999542236328,54.09999847412109
2020-09-01,45.72,46.25,10.11443328857422,87.80000305175781,2.75,9.15999984741211,15.859999656677246,12.039999961853027,54.09999847412109
2020-09-02,42.7,46.83333206176758,10.11443328857422,89.4000015258789,2.740000009536743,9.260000228881836,15.920000076293944,12.079999923706056,55.29999923706055
2020-09-03,42.72,47.16666412353516,9.97434425354004,89.80000305175781,2.740000009536743,9.329999923706056,15.899999618530272,12.039999961853027,55.29999923706055
2020-09-07,40.67,47.75,9.94632625579834,88.0,2.765000104904175,9.3100004196167,15.880000114440918,11.960000038146973,54.900001525878906
2020-09-08,38.53,49.66666412353516,9.73619270324707,88.0,2.759999990463257,9.1899995803833,15.880000114440918,12.100000381469728,55.5
2020-09-09,39.98,49.25,9.87628173828125,88.0,2.740000009536743,9.140000343322754,15.68000030517578,12.020000457763672,56.09999847412109
2020-09-10,39.27,50.91666412353516,9.80623722076416,88.0999984741211,2.759999990463257,9.279999732971191,15.9399995803833,12.220000267028809,58.0
2020-09-14,38.57,50.83333206176758,9.98835277557373,88.0999984741211,2.799999952316284,9.800000190734863,16.1200008392334,12.5,59.400001525878906
2020-09-15,39.54,51.83333206176758,9.94632625579834,89.0,3.0799999237060547,9.880000114440918,16.299999237060547,12.640000343322754,59.0
2020-09-16,41.23,52.25,9.960334777832031,89.4000015258789,3.384999990463257,9.81999969482422,16.15999984741211,12.479999542236328,59.400001525878906
2020-09-17,42.35,50.66666412353516,10.002362251281738,89.9000015258789,3.220000028610229,9.90999984741211,16.200000762939453,12.4399995803833,60.5
2020-09-21,40.37,49.91666412353516,10.002362251281738,90.0,3.1050000190734863,10.119999885559082,16.15999984741211,12.399999618530272,59.29999923706055
2020-09-22,40.84,49.08333206176758,9.97434425354004,89.5999984741211,3.1549999713897705,10.479999542236328,16.1200008392334,12.399999618530272,59.0
2020-09-24,41.24,48.25,9.97434425354004,88.80000305175781,3.140000104904175,10.380000114440918,16.079999923706055,12.4399995803833,58.79999923706055
2020-09-28,41.59,48.16666412353516,10.478665351867676,88.9000015258789,3.2149999141693115,11.140000343322754,16.31999969482422,12.960000038146973,58.400001525878906
2020-09-29,40.33,48.75,10.520691871643066,88.5999984741211,3.400000095367432,10.9399995803833,16.18000030517578,12.800000190734863,58.09999847412109
2020-09-30,40.3,49.25,10.954968452453612,88.4000015258789,3.3399999141693115,11.68000030517578,16.520000457763672,13.260000228881836,58.70000076293945
2020-10-01,39.75,49.33333206176758,11.445280075073242,88.5,3.299999952316284,11.760000228881836,16.959999084472656,13.619999885559082,58.09999847412109
2020-10-05,39.78,49.58333206176758,10.926950454711914,88.30000305175781,3.234999895095825,11.399999618530272,16.639999389648438,13.279999732971191,57.5
2020-10-06,41.27,50.0,11.053030014038086,88.80000305175781,3.2799999713897705,11.460000038146973,16.899999618530273,13.539999961853027,59.0
2020-10-07,40.62,49.41666412353516,10.954968452453612,88.80000305175781,3.2799999713897705,11.239999771118164,16.8799991607666,13.18000030517578,58.900001525878906
2020-10-08,42.0,49.83333206176758,11.179109573364258,91.9000015258789,3.289999961853028,11.5600004196167,17.079999923706055,13.460000038146973,60.0
2020-10-12,40.5,50.66666412353516,11.165102005004885,98.5,3.375,11.579999923706056,17.15999984741211,14.079999923706056,61.59999847412109
2020-10-13,41.34,50.58333206176758,11.151092529296877,98.0999984741211,3.444999933242798,11.5600004196167,17.040000915527344,14.199999809265137,61.79999923706055
2020-10-14,41.81,50.41666412353516,11.095056533813477,97.4000015258789,3.4100000858306885,11.239999771118164,16.8799991607666,14.039999961853027,61.20000076293945
2020-10-15,41.61,50.25,10.898932456970217,96.0999984741211,3.390000104904175,11.239999771118164,16.700000762939453,13.9399995803833,60.70000076293945
2020-10-19,41.29,49.41666412353516,10.870914459228516,97.0,3.555000066757202,10.800000190734863,16.6200008392334,13.720000267028809,60.5
2020-10-20,41.62,49.83333206176758,10.632762908935549,96.5,3.5899999141693115,10.640000343322754,17.31999969482422,13.539999961853027,60.0
2020-10-21,40.09,48.58333206176758,10.688798904418944,97.0999984741211,3.549999952316284,10.960000038146973,17.399999618530273,13.359999656677246,60.5
2020-10-22,41.28,49.5,10.54870891571045,97.5999984741211,3.549999952316284,10.800000190734863,17.139999389648438,13.220000267028809,60.900001525878906
2020-10-26,39.06,48.33333206176758,9.792227745056152,92.5999984741211,3.400000095367432,10.279999732971191,15.899999618530272,12.119999885559082,58.5
2020-10-27,39.72,47.75,9.329934120178224,93.5,3.3499999046325684,10.239999771118164,15.600000381469728,11.979999542236328,60.0
2020-10-28,37.86,48.0,8.965703010559082,92.8000030517578,3.265000104904175,9.899999618530272,15.100000381469728,11.739999771118164,59.29999923706055
2020-10-29,36.56,48.16666412353516,8.531426429748535,90.0,3.0999999046325684,9.479999542236328,14.579999923706056,11.300000190734863,57.5
2020-11-02,37.78,47.5,8.825613021850586,90.0,3.180000066757202,10.100000381469728,14.84000015258789,12.100000381469728,56.5
2020-11-03,38.17,48.0,8.783587455749512,89.5,3.115000009536743,10.0600004196167,14.720000267028809,11.81999969482422,56.400001525878906
2020-11-04,39.68,48.75,9.021738052368164,90.0,3.255000114440918,10.15999984741211,14.880000114440918,11.899999618530272,56.59999847412109
2020-11-05,39.47,48.75,8.895657539367676,89.9000015258789,3.559999942779541,10.039999961853027,14.84000015258789,11.84000015258789,57.0
2020-11-09,40.93,50.41666412353516,9.38597011566162,96.0,3.400000095367432,10.699999809265137,15.479999542236328,12.279999732971191,57.900001525878906
2020-11-10,42.25,51.08333206176758,9.540067672729492,95.9000015258789,3.414999961853028,10.640000343322754,15.800000190734863,12.220000267028809,58.79999923706055
2020-11-11,42.5,50.5,9.680156707763672,96.0,3.609999895095825,10.779999732971191,15.960000038146973,12.359999656677246,59.900001525878906
2020-11-12,42.16,50.83333206176758,9.652138710021973,95.1999969482422,3.619999885559082,10.68000030517578,15.81999969482422,12.359999656677246,59.5
2020-11-16,42.71,51.08333206176758,9.610112190246582,96.0,3.5999999046325684,10.779999732971191,15.760000228881836,12.739999771118164,59.0
2020-11-17,42.54,50.83333206176758,9.77821922302246,96.5,3.569999933242798,11.079999923706056,15.979999542236328,12.899999618530272,58.900001525878906
2020-11-18,42.91,50.91666412353516,9.764209747314451,97.8000030517578,3.575000047683716,11.020000457763672,15.880000114440918,12.84000015258789,59.5
2020-11-19,43.09,51.25,9.708174705505373,96.4000015258789,3.6649999618530273,10.979999542236328,15.859999656677246,12.739999771118164,58.900001525878906
2020-11-23,45.0,51.41666412353516,9.680156707763672,96.4000015258789,3.609999895095825,11.579999923706056,15.920000076293944,12.739999771118164,59.5
2020-11-24,46.63,50.83333206176758,9.708174705505373,96.5999984741211,3.684999942779541,11.5600004196167,16.3799991607666,12.800000190734863,59.400001525878906
2020-11-25,47.3,51.66666412353516,9.87628173828125,97.5999984741211,3.650000095367432,11.600000381469728,16.700000762939453,12.859999656677246,60.400001525878906
2020-11-26,46.32,51.41666412353516,9.84826374053955,96.8000030517578,3.5999999046325684,12.0,16.639999389648438,13.0,60.09999847412109
2020-11-30,46.84,51.25,9.94632625579834,96.9000015258789,3.609999895095825,11.979999542236328,16.84000015258789,13.0600004196167,61.5
2020-12-01,47.03,51.66666412353516,9.890291213989258,97.0,3.5999999046325684,12.199999809265137,16.81999969482422,13.140000343322754,61.20000076293945
2020-12-02,47.8,51.66666412353516,9.820245742797852,97.0,3.595000028610229,12.199999809265137,16.700000762939453,13.039999961853027,60.400001525878906
2020-12-03,48.37,51.83333206176758,9.792227745056152,96.6999969482422,3.640000104904175,12.039999961853027,16.6200008392334,12.979999542236328,59.900001525878906
2020-12-07,48.63,51.58333206176758,9.610112190246582,96.6999969482422,3.509999990463257,12.079999923706056,16.459999084472656,12.979999542236328,60.79999923706055
2020-12-08,48.84,51.66666412353516,9.87628173828125,96.5,3.470000028610229,12.5600004196167,16.68000030517578,13.260000228881836,61.0
2020-12-09,48.81,52.0,10.198487281799316,97.6999969482422,3.490000009536743,13.079999923706056,16.8799991607666,13.640000343322754,62.0
2020-12-10,50.33,51.58333206176758,10.15645980834961,97.0,3.684999942779541,13.420000076293944,17.139999389648438,13.800000190734863,61.79999923706055
2020-12-14,50.27,50.83333206176758,10.030380249023438,97.9000015258789,3.5899999141693115,13.859999656677246,17.3799991607666,13.899999618530272,62.5
2020-12-15,50.77,50.83333206176758,9.932316780090332,99.1999969482422,3.595000028610229,13.800000190734863,17.459999084472656,13.920000076293944,63.09999847412109
2020-12-16,50.83,52.25,9.960334777832031,101.4000015258789,3.5899999141693115,13.600000381469728,18.020000457763672,13.899999618530272,66.5999984741211
2020-12-17,51.2,57.41666412353516,9.98835277557373,101.0,3.569999933242798,13.600000381469728,17.979999542236328,13.920000076293944,67.30000305175781
2020-12-21,50.61,54.16666412353516,9.315924644470217,99.0,3.319999933242798,12.81999969482422,17.280000686645508,12.9399995803833,65.5
2020-12-22,49.88,57.08333206176758,9.66614818572998,101.0,3.400000095367432,13.579999923706056,18.18000030517578,13.420000076293944,67.0
2020-12-23,51.05,57.91666412353516,9.708174705505373,101.5999984741211,3.434999942779541,13.640000343322754,18.239999771118164,13.539999961853027,67.4000015258789
2020-12-24,50.88,57.0,9.764209747314451,101.1999969482422,3.4049999713897705,14.460000038146973,18.36000061035156,13.739999771118164,67.30000305175781
2020-12-28,50.88,56.75,9.90429973602295,101.1999969482422,3.5,14.960000038146973,17.979999542236328,14.18000030517578,66.4000015258789
2020-12-29,50.44,55.83333206176758,9.87628173828125,101.8000030517578,3.5299999713897705,14.800000190734863,17.940000534057617,14.079999923706056,66.30000305175781
2020-12-30,50.74,55.58333206176758,9.792227745056152,102.0,3.505000114440918,14.539999961853027,17.799999237060547,13.800000190734863,65.0999984741211
2020-12-31,51.22,55.83333206176758,9.680156707763672,101.4000015258789,3.494999885559082,14.300000190734863,17.31999969482422,13.68000030517578,63.900001525878906
2021-01-04,50.37,55.5,9.680156707763672,101.0,3.390000104904175,14.880000114440918,17.399999618530273,13.800000190734863,63.400001525878906
2021-01-05,53.16,55.75,9.680156707763672,102.0,3.365000009536743,14.84000015258789,17.219999313354492,13.539999961853027,64.5999984741211
2021-01-06,53.8,55.08333206176758,9.80623722076416,103.5999984741211,3.375,14.81999969482422,17.479999542236328,13.5600004196167,65.0
2021-01-07,53.7,55.58333206176758,10.058398246765137,105.0,3.3949999809265137,14.979999542236328,17.920000076293945,13.779999732971191,66.0999984741211
2021-01-11,54.84,55.91666412353516,10.450647354125977,106.0,3.4200000762939453,14.779999732971191,18.200000762939453,13.899999618530272,67.0999984741211
2021-01-12,55.98,55.75,10.422629356384276,106.1999969482422,3.4100000858306885,14.880000114440918,18.280000686645508,13.859999656677246,67.0
2021-01-13,55.52,55.58333206176758,10.40861988067627,106.0,3.400000095367432,14.779999732971191,18.959999084472656,13.9399995803833,67.69999694824219
2021-01-14,55.76,54.41666412353516,10.282540321350098,105.8000030517578,3.490000009536743,14.65999984741211,18.920000076293945,13.859999656677246,66.80000305175781
2021-01-18,54.21,55.66666412353516,10.15645980834961,104.4000015258789,3.400000095367432,14.4399995803833,18.540000915527344,13.65999984741211,66.5999984741211
2021-01-19,55.38,54.25,10.08641529083252,103.5999984741211,3.400000095367432,14.5,18.600000381469727,13.65999984741211,65.9000015258789
2021-01-20,55.66,53.41666412353516,10.100423812866213,103.8000030517578,3.390000104904175,14.359999656677246,18.5,13.5600004196167,67.0
2021-01-21,55.68,53.33333206176758,10.058398246765137,103.8000030517578,3.450000047683716,14.460000038146973,18.26000022888184,13.539999961853027,66.0
2021-01-25,55.44,52.91666412353516,9.890291213989258,102.4000015258789,3.5,14.260000228881836,18.6200008392334,13.5,63.79999923706055
2021-01-26,55.26,52.5,9.77821922302246,101.5999984741211,3.4600000381469727,14.0600004196167,18.280000686645508,13.399999618530272,62.5
2021-01-27,55.07,52.41666412353516,9.764209747314451,101.5999984741211,3.424999952316284,14.079999923706056,18.21999931335449,13.420000076293944,62.20000076293945
2021-01-28,54.87,53.33333206176758,9.83425521850586,102.5999984741211,3.434999942779541,14.4399995803833,18.399999618530277,13.479999542236328,64.0
2021-02-01,56.42,51.91666412353516,9.610112190246582,100.0,3.359999895095825,14.0,18.0,13.15999984741211,62.400001525878906
2021-02-02,57.62,53.25,9.5540771484375,98.6999969482422,3.345000028610229,13.880000114440918,18.200000762939453,13.039999961853027,63.5
2021-02-03,58.61,52.66666412353516,9.427996635437012,99.0,3.315000057220459,13.760000228881836,18.100000381469727,12.920000076293944,63.0
2021-02-04,58.98,53.33333206176758,9.343942642211914,99.4000015258789,3.25,13.859999656677246,18.18000030517578,12.9399995803833,62.29999923706055
2021-02-08,60.17,54.33333206176758,9.80623722076416,101.1999969482422,3.3499999046325684,14.260000228881836,18.57999992370605,13.399999618530272,63.09999847412109
2021-02-09,60.74,55.08333206176758,9.764209747314451,101.5999984741211,3.430000066757202,14.420000076293944,18.899999618530277,13.4399995803833,64.9000015258789
2021-02-10,61.17,55.0,9.73619270324707,101.8000030517578,3.3949999809265137,14.5,18.780000686645508,13.260000228881836,64.5
2021-02-11,61.09,55.25,9.708174705505373,102.1999969482422,3.4749999046325684,14.520000457763672,18.940000534057617,13.220000267028809,65.19999694824219
2021-02-15,63.58,55.5,9.72218418121338,102.5999984741211,3.4100000858306885,14.640000343322754,19.059999465942383,13.460000038146973,66.4000015258789
2021-02-16,63.96,56.33333206176758,9.84826374053955,103.0,3.4549999237060547,14.460000038146973,18.959999084472656,13.460000038146973,66.69999694824219
2021-02-17,65.02,56.0,10.01637077331543,102.1999969482422,3.549999952316284,14.279999732971191,18.959999084472656,13.619999885559082,67.0
2021-02-18,64.09,56.08333206176758,9.84826374053955,102.0,3.509999990463257,14.239999771118164,18.920000076293945,13.720000267028809,65.80000305175781
2021-02-22,64.73,55.83333206176758,9.764209747314451,104.0,3.5450000762939453,14.4399995803833,18.700000762939453,13.920000076293944,65.5
2021-02-23,65.16,56.58333206176758,9.83425521850586,105.0,3.509999990463257,15.0,18.979999542236328,14.039999961853027,66.5
2021-02-24,66.85,56.75,9.890291213989258,105.1999969482422,3.450000047683716,15.079999923706056,19.020000457763672,14.81999969482422,68.5
2021-02-25,66.69,56.5,10.212495803833008,106.5999984741211,3.4649999141693115,14.84000015258789,19.0,14.899999618530272,71.30000305175781
2021-03-01,64.56,56.0,10.01637077331543,104.1999969482422,3.509999990463257,14.880000114440918,19.07999992370605,14.9399995803833,69.19999694824219
2021-03-02,63.17,56.16666412353516,10.212495803833008,104.8000030517578,3.5199999809265137,14.9399995803833,19.21999931335449,15.039999961853027,69.5
2021-03-03,64.7,55.25,10.324566841125488,107.1999969482422,3.505000114440918,15.0,19.36000061035156,15.100000381469728,69.9000015258789
2021-03-04,67.32,55.41666412353516,10.15645980834961,106.1999969482422,3.5199999809265137,14.81999969482422,18.979999542236328,14.920000076293944,67.5
2021-03-08,68.0,56.25,10.534701347351074,108.1999969482422,3.5,15.779999732971191,19.5,15.18000030517578,68.4000015258789
2021-03-09,67.03,56.75,10.436637878417969,108.8000030517578,3.539999961853028,15.520000457763672,19.5,14.9399995803833,68.80000305175781
2021-03-10,67.53,57.16666412353516,10.366594314575195,110.8000030517578,3.559999942779541,15.479999542236328,19.540000915527344,14.960000038146973,70.19999694824219
2021-03-11,69.34,57.75,10.506683349609377,109.8000030517578,3.539999961853028,15.600000381469728,20.020000457763672,15.15999984741211,68.80000305175781
2021-03-15,68.78,58.58333206176758,11.011004447937012,111.0,3.799999952316284,15.5600004196167,20.63999938964844,15.539999961853027,69.69999694824219
2021-03-16,67.95,57.75,12.10369873046875,111.4000015258789,3.700000047683716,16.459999084472656,21.040000915527344,16.059999465942383,69.5999984741211
2021-03-17,67.73,58.58333206176758,12.327840805053713,110.0,3.7200000286102295,16.0,20.899999618530277,15.880000114440918,68.69999694824219
2021-03-18,62.11,56.25,11.991626739501951,109.4000015258789,3.825000047683716,15.84000015258789,20.780000686645508,15.81999969482422,66.30000305175781
2021-03-22,63.89,56.16666412353516,12.00563621520996,109.0,3.884999990463257,15.979999542236328,20.700000762939453,15.800000190734863,66.5999984741211
2021-03-23,59.96,55.83333206176758,11.86554718017578,107.5999984741211,3.859999895095825,15.5600004196167,20.57999992370605,15.380000114440918,67.0
2021-03-24,63.7,56.58333206176758,11.92158317565918,108.0,3.714999914169312,15.420000076293944,20.040000915527344,15.18000030517578,67.9000015258789
2021-03-25,61.21,55.83333206176758,11.879555702209473,107.0,3.634999990463257,15.100000381469728,20.020000457763672,15.039999961853027,67.5
2021-03-29,64.06,57.83333206176758,11.935591697692873,111.1999969482422,3.5999999046325684,15.5600004196167,21.200000762939453,15.420000076293944,70.0999984741211
2021-03-30,63.28,58.25,11.86554718017578,111.1999969482422,3.549999952316284,15.619999885559082,21.399999618530277,15.079999923706056,70.0
2021-03-31,63.52,60.83333206176758,11.837529182434082,117.4000015258789,3.555000066757202,15.9399995803833,22.100000381469727,15.15999984741211,69.19999694824219
2021-04-01,63.85,59.16666412353516,11.823519706726074,115.0,3.5350000858306885,15.800000190734863,21.979999542236328,15.18000030517578,69.0999984741211
2021-04-06,61.47,62.5,12.257797241210938,117.1999969482422,3.684999942779541,16.1200008392334,22.940000534057617,16.360000610351562,70.19999694824219
2021-04-07,61.86,62.5,12.257797241210938,117.1999969482422,3.684999942779541,16.1200008392334,22.940000534057617,16.360000610351562,70.19999694824219
2021-04-08,62.09,62.75,12.159733772277832,117.4000015258789,3.670000076293945,16.18000030517578,23.1200008392334,16.15999984741211,70.0
2021-04-12,62.38,64.5,12.38387680053711,116.1999969482422,3.6449999809265137,16.360000610351562,23.020000457763672,16.280000686645508,69.5999984741211
2021-04-13,62.83,64.83333587646484,12.24378776550293,117.0,3.609999895095825,16.399999618530273,22.84000015258789,16.479999542236328,69.0
2021-04-14,66.11,65.41666412353516,12.21576976776123,115.0,3.5999999046325684,16.34000015258789,22.799999237060547,16.219999313354492,69.5
2021-04-15,66.13,66.5,12.565993309020996,116.5999984741211,3.634999990463257,16.899999618530273,23.520000457763672,16.600000381469727,70.9000015258789
2021-04-19,66.54,67.16666412353516,12.832161903381348,119.4000015258789,3.674999952316284,17.479999542236328,24.299999237060547,16.899999618530273,73.4000015258789
2021-04-20,65.34,66.25,12.678064346313477,119.8000030517578,3.734999895095825,17.280000686645508,24.600000381469727,17.059999465942383,72.5
2021-04-21,64.02,64.33333587646484,13.084321975708008,119.4000015258789,3.744999885559082,17.020000457763672,24.700000762939453,16.899999618530273,70.0999984741211
2021-04-22,65.07,65.41666412353516,12.958242416381836,119.8000030517578,3.755000114440918,17.020000457763672,24.8799991607666,16.899999618530273,70.69999694824219
2021-04-26,65.5,66.66666412353516,13.392518043518066,120.0,3.7899999618530273,17.799999237060547,25.0,17.18000030517578,73.19999694824219
2021-04-27,66.25,65.91666412353516,13.462562561035156,120.0,3.799999952316284,18.399999618530277,24.780000686645508,17.34000015258789,73.0
2021-04-28,67.08,69.16666412353516,14.597285270690918,127.8000030517578,3.7799999713897705,18.479999542236328,25.649999618530277,18.07999992370605,72.69999694824219
2021-04-29,68.26,67.66666412353516,14.37314224243164,124.0,3.795000076293945,18.200000762939453,27.200000762939453,19.200000762939453,73.0999984741211
2021-05-04,68.91,66.16666412353516,14.56926727294922,122.0,3.849999904632568,17.18000030517578,26.25,18.68000030517578,72.0
2021-05-05,69.71,65.25,14.667328834533691,120.5999984741211,3.805000066757202,16.959999084472656,25.950000762939453,18.399999618530277,70.80000305175781
2021-05-06,68.62,66.66666412353516,14.709356307983398,121.0,3.7899999618530273,17.479999542236328,26.950000762939453,18.84000015258789,70.4000015258789
2021-05-10,68.61,66.66666412353516,14.989534378051758,122.8000030517578,3.785000085830689,17.399999618530273,27.299999237060547,19.07999992370605,71.19999694824219
2021-05-17,69.62,65.83333587646484,15.591917037963867,123.5999984741211,3.7899999618530273,17.18000030517578,27.799999237060547,18.920000076293945,70.19999694824219
2021-05-18,69.01,65.5,15.717997550964355,123.8000030517578,3.775000095367432,17.459999084472656,28.850000381469727,18.700000762939453,69.69999694824219
2021-05-19,66.88,65.75,15.675971031188965,123.1999969482422,3.740000009536743,17.65999984741211,28.149999618530277,18.700000762939453,69.30000305175781
2021-05-20,65.18,66.33333587646484,15.479846000671388,121.0,3.740000009536743,17.440000534057617,27.299999237060547,18.36000061035156,68.5
2021-05-24,68.59,67.91666412353516,15.381784439086914,120.8000030517578,3.744999885559082,17.34000015258789,27.149999618530277,18.31999969482422,69.30000305175781
2021-05-25,68.8,68.33333587646484,15.689979553222656,121.4000015258789,3.744999885559082,17.600000381469727,28.299999237060547,18.540000915527344,69.5
2021-05-26,68.93,68.33333587646484,15.942139625549316,122.1999969482422,3.775000095367432,17.559999465942383,28.549999237060547,18.57999992370605,69.80000305175781
2021-05-27,69.43,67.66666412353516,16.110246658325195,124.1999969482422,3.734999895095825,17.579999923706055,29.200000762939453,18.65999984741211,69.5
2021-06-01,70.03,68.75,15.998175621032717,124.0,3.7899999618530273,17.760000228881836,28.850000381469727,19.059999465942383,69.5999984741211
2021-06-02,70.6,69.0,16.026193618774414,125.1999969482422,3.7699999809265137,17.899999618530273,29.149999618530277,19.8799991607666,69.80000305175781
2021-06-03,70.71,68.75,15.956149101257324,126.0,3.7799999713897705,17.940000534057617,29.200000762939453,19.6200008392334,70.19999694824219
2021-06-07,70.89,68.33333587646484,15.732007026672363,126.0,3.839999914169312,17.760000228881836,28.700000762939453,19.420000076293945,71.30000305175781
2021-06-08,71.39,67.66666412353516,15.633943557739258,125.5999984741211,3.880000114440918,17.540000915527344,28.049999237060547,19.21999931335449,72.5999984741211
2021-06-09,71.31,67.25,15.409802436828612,125.0,4.03000020980835,17.5,28.5,19.100000381469727,74.19999694824219
2021-06-10,71.65,66.91666412353516,15.325748443603516,124.5999984741211,4.21999979019165,17.65999984741211,28.200000762939453,18.940000534057617,74.0
2021-06-14,72.27,65.83333587646484,15.283720970153809,124.5999984741211,4.019999980926514,17.31999969482422,28.25,18.399999618530277,73.5999984741211
2021-06-15,73.38,64.58333587646484,15.157641410827637,123.1999969482422,3.964999914169312,17.280000686645508,28.200000762939453,18.8799991607666,71.5999984741211
2021-06-16,73.88,65.16666412353516,15.381784439086914,123.0,3.9700000286102295,17.559999465942383,28.450000762939453,19.34000015258789,72.0
2021-06-17,72.92,64.41666412353516,15.43781852722168,122.1999969482422,3.934999942779541,17.5,27.850000381469727,19.34000015258789,70.0999984741211
2021-06-21,74.49,62.08333206176758,15.395792961120604,121.1999969482422,3.930000066757202,17.3799991607666,27.600000381469727,19.0,70.5999984741211
2021-06-22,74.92,61.83333206176758,15.423810958862305,122.0,4.014999866485596,17.420000076293945,27.799999237060547,18.959999084472656,72.0
2021-06-23,75.22,61.25,15.325748443603516,121.0,3.9800000190734863,17.579999923706055,27.700000762939453,19.15999984741211,71.69999694824219
2021-06-24,75.95,60.58333206176758,15.507863998413086,120.8000030517578,3.920000076293945,17.920000076293945,29.25,19.459999084472656,72.0
2021-06-28,74.78,60.83333206176758,15.703989028930664,121.1999969482422,4.079999923706055,18.0,30.200000762939453,19.299999237060547,72.30000305175781
2021-06-29,75.38,60.66666412353516,15.830068588256836,121.8000030517578,4.130000114440918,18.059999465942383,30.549999237060547,19.26000022888184,72.5999984741211
2021-06-30,76.94,60.25,16.46047019958496,121.8000030517578,4.09499979019165,18.059999465942383,30.649999618530277,19.31999969482422,72.5999984741211
2021-07-01,76.69,60.08333206176758,16.74064826965332,121.4000015258789,4.059999942779541,18.65999984741211,29.799999237060547,19.6200008392334,72.69999694824219
2021-07-05,78.34,62.0,16.8807373046875,120.5999984741211,3.984999895095825,19.26000022888184,30.0,20.040000915527344,70.0999984741211
2021-07-06,75.81,61.25,17.5811824798584,119.5999984741211,3.974999904632568,19.399999618530277,30.350000381469727,20.21999931335449,70.30000305175781
2021-07-07,74.31,61.83333206176758,18.87700653076172,119.0,3.940000057220459,19.18000030517578,30.850000381469727,20.239999771118164,70.0
2021-07-08,75.07,61.91666412353516,18.211584091186523,117.0,3.950000047683716,18.700000762939453,30.25,19.799999237060547,69.19999694824219
2021-07-12,76.77,59.75,18.386695861816406,117.8000030517578,3.910000085830689,18.63999938964844,29.850000381469727,20.700000762939453,67.9000015258789
2021-07-13,77.5,59.0,18.386695861816406,117.0,3.974999904632568,18.899999618530277,30.25,20.940000534057617,68.80000305175781
2021-07-14,75.74,59.08333206176758,18.56180763244629,118.1999969482422,3.994999885559082,18.920000076293945,30.649999618530277,21.040000915527344,67.9000015258789
2021-07-15,74.53,59.66666412353516,19.262252807617188,119.0,3.990000009536743,18.920000076293945,31.600000381469727,21.399999618530277,67.5
2021-07-26,74.79,59.91666412353516,19.33229637145996,120.0,4.099999904632568,19.559999465942383,33.900001525878906,21.63999938964844,68.30000305175781
2021-07-27,74.87,61.5,18.947052001953125,120.4000015258789,4.139999866485596,19.5,34.0,21.65999984741211,68.0
2021-07-28,75.09,62.08333206176758,18.17656135559082,120.4000015258789,4.099999904632568,19.15999984741211,33.0,21.5,68.19999694824219
2021-07-29,76.3,62.0,18.17656135559082,121.0,4.159999847412109,19.36000061035156,33.54999923706055,21.63999938964844,68.5
2021-08-02,73.91,61.5,18.106517791748047,122.4000015258789,4.114999771118164,19.31999969482422,32.75,22.100000381469727,69.30000305175781
2021-08-03,73.24,60.83333206176758,17.931406021118164,123.1999969482422,4.105000019073486,19.15999984741211,32.400001525878906,21.71999931335449,69.80000305175781
2021-08-04,70.99,60.66666412353516,17.427085876464844,124.1999969482422,4.039999961853027,18.8799991607666,31.950000762939453,21.399999618530277,70.4000015258789
2021-08-05,72.14,61.08333206176758,17.79131507873535,125.1999969482422,4.059999942779541,19.13999938964844,33.29999923706055,21.799999237060547,70.4000015258789
2021-08-09,69.65,61.66666412353516,17.546161651611328,121.8000030517578,4.269999980926514,18.68000030517578,32.650001525878906,21.13999938964844,69.5999984741211
2021-08-10,71.14,61.58333206176758,17.469112396240234,123.1999969482422,4.224999904632568,18.71999931335449,33.150001525878906,21.07999992370605,70.0
2021-08-11,71.99,61.5,17.44109344482422,122.8000030517578,4.235000133514404,18.68000030517578,33.150001525878906,20.700000762939453,70.0
2021-08-12,71.79,61.41666412353516,17.146907806396484,122.8000030517578,4.28000020980835,18.86000061035156,33.099998474121094,20.780000686645508,69.69999694824219
2021-08-16,70.07,61.58333206176758,17.20294189453125,123.0,4.110000133514404,19.0,34.099998474121094,21.399999618530277,69.5
2021-08-17,69.4,61.5,17.30100440979004,125.0,4.199999809265137,19.040000915527344,34.0,21.57999992370605,69.9000015258789
2021-08-18,68.61,61.25,17.006816864013672,123.8000030517578,4.179999828338623,19.0,34.349998474121094,21.479999542236328,69.0
2021-08-19,66.8,60.41666412353516,16.390424728393555,121.5999984741211,4.135000228881836,18.559999465942383,33.599998474121094,20.86000061035156,68.0999984741211
2021-08-23,69.07,59.5,16.152273178100586,120.1999969482422,4.070000171661377,18.07999992370605,32.70000076293945,19.899999618530277,67.0
2021-08-24,71.21,59.83333206176758,16.83871078491211,120.8000030517578,4.099999904632568,18.420000076293945,33.04999923706055,20.36000061035156,66.5
2021-08-25,72.12,60.16666412353516,17.11888885498047,121.0,4.159999847412109,18.299999237060547,32.849998474121094,20.65999984741211,66.5999984741211
2021-08-26,70.42,60.33333206176758,17.16091537475586,120.4000015258789,4.150000095367432,18.26000022888184,33.0,20.739999771118164,66.5
2021-08-31,73.45,59.66666412353516,17.24496841430664,123.0,4.210000038146973,18.6200008392334,33.29999923706055,20.8799991607666,67.80000305175781
2021-09-01,71.99,59.91666412353516,17.686250686645508,122.4000015258789,4.199999809265137,19.0,33.79999923706055,21.0,67.69999694824219
2021-09-02,73.56,60.08333206176758,17.79131507873535,122.1999969482422,4.210000038146973,19.020000457763672,34.5,20.899999618530277,67.69999694824219
2021-09-06,72.43,60.91666412353516,18.59682846069336,122.8000030517578,4.295000076293945,19.020000457763672,34.599998474121094,20.86000061035156,68.30000305175781
2021-09-07,71.52,61.41666412353516,18.806962966918945,123.1999969482422,4.239999771118164,18.940000534057617,34.5,20.86000061035156,68.4000015258789
2021-09-08,72.36,60.83333206176758,18.84198570251465,124.0,4.215000152587891,18.739999771118164,34.400001525878906,20.65999984741211,68.30000305175781
2021-09-09,71.32,60.5,18.42171669006348,123.8000030517578,4.199999809265137,18.540000915527344,34.29999923706055,20.479999542236328,68.0999984741211
2021-09-13,72.97,60.33333206176758,18.87700653076172,123.4000015258789,4.159999847412109,18.399999618530277,34.0,20.399999618530277,67.80000305175781
2021-09-14,73.05,59.91666412353516,19.0170955657959,122.5999984741211,4.190000057220459,18.780000686645508,34.900001525878906,21.020000457763672,67.69999694824219
2021-09-15,74.84,60.58333206176758,18.947052001953125,125.0,4.199999809265137,18.86000061035156,35.45000076293945,21.239999771118164,68.19999694824219
2021-09-16,75.14,60.33333206176758,18.59682846069336,123.8000030517578,4.195000171661377,18.71999931335449,35.79999923706055,21.059999465942383,68.9000015258789
2021-09-20,73.59,59.83333206176758,18.806962966918945,123.4000015258789,4.159999847412109,18.76000022888184,37.900001525878906,21.13999938964844,67.69999694824219
2021-09-21,73.65,59.83333206176758,18.77194023132324,123.1999969482422,4.184999942779541,19.540000915527344,37.45000076293945,21.299999237060547,68.0
2021-09-22,75.5,60.75,18.73691749572754,122.1999969482422,4.135000228881836,19.34000015258789,38.650001525878906,21.299999237060547,67.9000015258789
2021-09-27,78.85,62.91666412353516,19.71754264831543,128.0,4.15500020980835,20.920000076293945,42.54999923706055,23.239999771118164,70.0
2021-09-28,78.3,62.91666412353516,19.367319107055664,128.8000030517578,4.099999904632568,20.5,42.79999923706055,22.959999084472656,71.30000305175781
2021-09-29,77.86,62.75,19.227230072021484,127.0,4.099999904632568,20.280000686645508,43.45000076293945,23.0,71.19999694824219
2021-09-30,77.81,62.5,19.61247444152832,127.4000015258789,4.099999904632568,20.520000457763672,43.79999923706055,23.5,71.19999694824219
2021-10-04,81.44,60.41666412353516,19.262252807617188,124.5999984741211,4.0,19.600000381469727,40.79999923706055,22.979999542236328,70.4000015258789
2021-10-05,82.72,60.25,19.682519912719727,126.0,3.9800000190734863,19.899999618530277,42.45000076293945,23.5,71.4000015258789
2021-10-06,81.39,60.08333206176758,19.647497177124023,125.1999969482422,3.900000095367432,19.739999771118164,43.95000076293945,23.26000022888184,72.0
2021-10-07,82.34,60.33333206176758,19.542430877685547,126.1999969482422,3.8949999809265137,19.5,43.04999923706055,22.959999084472656,72.0
2021-10-11,83.75,60.41666412353516,19.15718460083008,127.8000030517578,3.8949999809265137,19.07999992370605,43.29999923706055,22.520000457763672,73.5
2021-10-12,83.53,60.08333206176758,18.56180763244629,128.60000610351562,3.859999895095825,19.399999618530277,43.400001525878906,22.700000762939453,75.9000015258789
2021-10-13,83.53,62.16666412353516,19.15718460083008,132.1999969482422,3.9049999713897705,19.600000381469727,44.09999847412109,23.059999465942383,79.30000305175781
2021-10-14,83.86,64.08333587646484,20.31291961669922,133.60000610351562,3.954999923706055,19.899999618530277,44.84999847412109,23.799999237060547,84.9000015258789
2021-10-18,84.13,62.5,21.678789138793945,132.39999389648438,3.8949999809265137,20.100000381469727,43.54999923706055,23.65999984741211,80.0
2021-10-19,85.02,61.58333206176758,21.01336669921875,131.0,3.884999990463257,19.81999969482422,42.70000076293945,23.26000022888184,77.19999694824219
2021-10-20,85.76,62.5,22.72945785522461,133.60000610351562,3.869999885559082,20.34000015258789,46.95000076293945,24.059999465942383,79.69999694824219
2021-10-21,84.58,62.0,22.58936882019043,134.1999969482422,3.869999885559082,20.520000457763672,47.25,24.940000534057617,78.4000015258789
2021-10-25,84.85,61.75,23.74510383605957,135.1999969482422,3.805000066757202,20.920000076293945,47.400001525878906,26.0,77.69999694824219
2021-10-26,85.11,62.0,23.32483673095703,134.60000610351562,3.819999933242798,20.84000015258789,46.70000076293945,26.0,77.0999984741211
2021-10-27,84.12,62.16666412353516,21.01336669921875,133.0,3.785000085830689,20.5,45.75,25.350000381469727,75.9000015258789
2021-10-28,83.4,62.0,19.96269798278809,129.0,3.795000076293945,20.36000061035156,43.900001525878906,24.899999618530277,76.0999984741211
2021-11-01,84.51,61.66666412353516,18.84198570251465,127.8000030517578,3.765000104904175,19.920000076293945,43.09999847412109,24.86000061035156,74.5
2021-11-02,84.42,62.0,18.77194023132324,127.8000030517578,3.7200000286102295,19.799999237060547,43.0,24.899999618530277,74.69999694824219
2021-11-03,81.1,61.83333206176758,18.351673126220703,126.8000030517578,3.680000066757202,19.059999465942383,42.45000076293945,24.0,74.0
2021-11-04,80.15,61.91666412353516,18.59682846069336,127.1999969482422,3.5799999237060547,19.15999984741211,44.04999923706055,24.34000015258789,74.4000015258789
2021-11-08,83.22,61.5,18.912029266357425,128.39999389648438,3.484999895095825,19.18000030517578,44.400001525878906,24.299999237060547,73.9000015258789
2021-11-09,84.52,60.0,19.0521183013916,127.5999984741211,3.4200000762939453,19.18000030517578,43.84999847412109,24.299999237060547,72.5999984741211
2021-11-10,82.91,60.0,18.912029266357425,128.1999969482422,3.440000057220459,19.239999771118164,43.70000076293945,24.600000381469727,72.80000305175781
2021-11-11,83.4,60.25,18.87700653076172,128.39999389648438,3.4600000381469727,19.13999938964844,43.09999847412109,24.3799991607666,73.0999984741211
2021-11-15,81.94,59.66666412353516,18.071495056152344,128.39999389648438,3.565000057220459,18.86000061035156,44.900001525878906,24.15999984741211,71.0
2021-11-16,82.85,59.33333206176758,17.651227951049805,128.60000610351562,3.525000095367432,18.440000534057617,44.75,23.36000061035156,70.0999984741211
2021-11-17,80.67,58.91666412353516,17.721271514892578,127.4000015258789,3.559999942779541,18.420000076293945,44.900001525878906,23.239999771118164,69.5
2021-11-18,82.45,58.91666412353516,17.721271514892578,127.4000015258789,3.559999942779541,18.420000076293945,44.900001525878906,23.239999771118164,69.5
2021-11-22,80.97,58.5,16.082229614257812,120.0,3.4749999046325684,17.200000762939453,40.79999923706055,21.63999938964844,67.19999694824219
2021-11-23,83.43,58.91666412353516,16.51650619506836,119.5999984741211,3.4049999713897705,17.700000762939453,41.5,22.100000381469727,68.5
2021-11-24,82.37,59.25,16.866727828979492,120.0,3.4200000762939453,17.799999237060547,41.70000076293945,22.65999984741211,68.4000015258789
2021-11-25,82.05,58.66666412353516,16.47447967529297,119.4000015258789,3.400000095367432,17.5,42.0,22.239999771118164,67.0
2021-11-29,73.34,59.58333206176758,15.017552375793455,111.1999969482422,3.150000095367432,16.479999542236328,40.09999847412109,19.76000022888184,64.80000305175781
2021-11-30,70.86,57.08333206176758,15.409802436828612,108.1999969482422,3.164999961853028,16.68000030517578,38.45000076293945,20.100000381469727,63.70000076293945
2021-12-01,69.53,58.16666412353516,15.241695404052734,109.1999969482422,3.190000057220459,17.040000915527344,39.0,20.07999992370605,64.0
2021-12-02,70.56,57.66666412353516,14.989534378051758,108.4000015258789,3.3399999141693115,17.040000915527344,39.0,19.799999237060547,64.30000305175781
2021-12-06,73.38,57.5,16.8247013092041,110.4000015258789,3.414999961853028,17.81999969482422,41.45000076293945,21.059999465942383,65.0
2021-12-07,75.54,57.91666412353516,15.633943557739258,111.5999984741211,3.490000009536743,17.84000015258789,42.150001525878906,21.26000022888184,64.5
2021-12-08,75.94,57.75,15.241695404052734,109.8000030517578,3.4649999141693115,17.280000686645508,41.900001525878906,20.940000534057617,64.0
2021-12-09,74.1,56.66666412353516,15.087596893310549,108.4000015258789,3.3949999809265137,17.0,40.59999847412109,20.479999542236328,64.0
2021-12-13,74.12,56.41666412353516,15.325748443603516,111.1999969482422,3.450000047683716,17.520000457763672,42.54999923706055,20.920000076293945,65.5999984741211
2021-12-14,73.37,56.75,15.171649932861328,112.1999969482422,3.555000066757202,17.739999771118164,42.70000076293945,20.6200008392334,66.4000015258789
2021-12-15,73.71,57.16666412353516,15.339756965637209,114.4000015258789,3.5799999237060547,17.760000228881836,44.34999847412109,20.799999237060547,67.30000305175781
2021-12-16,74.64,56.66666412353516,15.507863998413086,116.8000030517578,3.5850000381469727,17.899999618530273,45.25,21.059999465942383,66.5
2021-12-20,70.51,56.58333206176758,14.51323127746582,114.8000030517578,3.4549999237060547,17.360000610351562,43.650001525878906,20.200000762939453,67.80000305175781
2021-12-21,72.85,57.0,14.905481338500977,116.0,3.5450000762939453,17.459999084472656,43.5,20.420000076293945,70.0
2021-12-22,74.69,56.75,14.751382827758787,114.0,3.484999895095825,17.280000686645508,42.0,20.040000915527344,68.80000305175781
2021-12-23,76.26,57.08333206176758,14.709356307983398,115.5999984741211,3.450000047683716,17.280000686645508,42.59999847412109,20.1200008392334,69.5
2021-12-29,78.63,58.08333206176758,14.42917823791504,115.0,3.4100000858306885,16.940000534057617,42.29999923706055,19.940000534057617,68.4000015258789
2021-12-30,78.61,58.66666412353516,14.499221801757812,116.0,3.390000104904175,17.020000457763672,42.0,19.959999084472656,68.69999694824219
2022-01-03,78.25,56.83333206176758,14.37314224243164,116.8000030517578,3.380000114440918,17.040000915527344,40.5,19.81999969482422,69.0
2022-01-04,79.39,57.0,14.387150764465332,117.4000015258789,3.359999895095825,17.1200008392334,41.20000076293945,19.959999084472656,69.0
2022-01-05,80.6,57.66666412353516,14.48521327972412,119.0,3.440000057220459,17.219999313354492,42.25,20.020000457763672,69.19999694824219
2022-01-06,81.99,57.75,14.877463340759276,118.0,3.424999952316284,17.219999313354492,42.04999923706055,20.040000915527344,68.69999694824219
2022-01-10,81.56,58.25,15.886104583740234,119.0,3.5,18.059999465942383,44.29999923706055,21.1200008392334,71.30000305175781
2022-01-11,84.98,59.16666412353516,16.068220138549805,120.1999969482422,3.5,18.34000015258789,44.150001525878906,21.1200008392334,72.30000305175781
2022-01-12,85.83,59.58333206176758,16.292362213134766,121.0,3.5,18.440000534057617,44.79999923706055,21.5,73.19999694824219
2022-01-13,85.8,60.08333206176758,16.222318649291992,122.0,3.515000104904175,18.600000381469727,45.20000076293945,21.86000061035156,74.0999984741211
2022-01-17,87.82,60.16666412353516,16.530515670776367,123.8000030517578,3.575000047683716,18.76000022888184,45.20000076293945,22.34000015258789,73.9000015258789
2022-01-18,88.83,59.58333206176758,17.216951370239258,124.4000015258789,3.5899999141693115,19.0,44.84999847412109,22.540000915527344,72.5999984741211
2022-01-19,89.64,59.91666412353516,17.230960845947266,126.5999984741211,3.5899999141693115,18.899999618530277,45.34999847412109,22.5,71.9000015258789
2022-01-20,89.75,60.25,17.090871810913086,126.4000015258789,3.555000066757202,18.57999992370605,45.04999923706055,22.18000030517578,70.0
2022-01-24,87.74,59.91666412353516,16.726638793945312,125.0,3.490000009536743,18.020000457763672,44.0,22.13999938964844,68.30000305175781
2022-01-25,89.49,60.0,16.810693740844727,124.0,3.4600000381469727,18.200000762939453,44.0,22.15999984741211,69.5999984741211
2022-01-26,91.22,60.0,16.852718353271484,124.0,3.4600000381469727,18.200000762939453,44.0,22.15999984741211,69.5999984741211
2022-01-27,90.7,60.0,16.852718353271484,124.0,3.4600000381469727,18.200000762939453,44.0,22.15999984741211,69.5999984741211
2022-01-31,92.35,62.41666412353516,16.97879981994629,124.5999984741211,3.4800000190734863,19.600000381469727,43.0,22.68000030517578,67.80000305175781
2022-02-01,90.24,62.58333206176758,16.8247013092041,124.0,3.470000028610229,19.399999618530277,42.400001525878906,22.280000686645508,68.0
2022-02-02,91.43,62.33333206176758,16.83871078491211,123.4000015258789,3.450000047683716,19.5,42.0,22.07999992370605,67.5
2022-02-03,92.99,62.41666412353516,16.810693740844727,121.4000015258789,3.414999961853028,19.420000076293945,42.34999847412109,21.81999969482422,67.0999984741211
2022-02-07,97.28,62.83333206176758,17.090871810913086,121.0,3.490000009536743,20.059999465942383,44.84999847412109,22.68000030517578,69.0
2022-02-08,96.07,62.91666412353516,16.810693740844727,121.5999984741211,3.509999990463257,19.700000762939453,44.400001525878906,22.520000457763672,68.30000305175781
2022-02-09,94.95,63.25,16.8807373046875,121.4000015258789,3.505000114440918,19.57999992370605,43.79999923706055,22.3799991607666,67.5999984741211
2022-02-10,96.37,63.41666412353516,16.8807373046875,122.0,3.5450000762939453,19.76000022888184,44.29999923706055,22.3799991607666,68.0
2022-02-14,101.66,62.83333206176758,16.47447967529297,120.5999984741211,3.390000104904175,19.5,43.79999923706055,21.739999771118164,67.0999984741211
2022-02-15,98.43,62.58333206176758,16.69862174987793,121.0,3.375,19.780000686645508,42.84999847412109,22.100000381469727,66.80000305175781
2022-02-16,97.44,62.83333206176758,16.69862174987793,122.4000015258789,3.430000066757202,19.700000762939453,42.95000076293945,22.34000015258789,67.4000015258789
2022-02-17,95.28,62.83333206176758,16.41844367980957,121.1999969482422,3.400000095367432,19.700000762939453,43.09999847412109,22.15999984741211,66.69999694824219
2022-02-21,98.95,62.25,16.026193618774414,121.0,3.4200000762939453,19.26000022888184,42.25,21.559999465942383,66.9000015258789
2022-02-23,99.29,62.66666412353516,16.124256134033203,122.0,3.390000104904175,19.68000030517578,43.0,21.6200008392334,67.0999984741211
2022-02-24,101.29,62.0,16.026193618774414,120.4000015258789,3.3299999237060547,19.71999931335449,42.75,21.13999938964844,66.5999984741211
2022-02-28,103.08,62.5,17.16091537475586,124.5999984741211,3.444999933242798,20.34000015258789,46.59999847412109,22.559999465942383,68.5999984741211
2022-03-01,110.93,64.5,17.826339721679688,129.0,3.494999885559082,20.8799991607666,48.29999923706055,23.07999992370605,69.80000305175781
2022-03-02,118.94,65.75,17.315013885498047,133.8000030517578,3.470000028610229,21.13999938964844,49.0,23.239999771118164,69.80000305175781
2022-03-03,115.36,66.16666412353516,17.371049880981445,135.0,3.5199999809265137,22.13999938964844,49.84999847412109,23.8799991607666,70.69999694824219
2022-03-07,129.02,66.33333587646484,18.491762161254883,139.0,3.5899999141693115,23.100000381469727,52.29999923706055,25.049999237060547,72.0
2022-03-08,133.18,65.66666412353516,20.242876052856445,138.0,3.6649999618530273,22.920000076293945,52.0,25.100000381469727,72.0999984741211
2022-03-09,116.58,64.83333587646484,19.087141036987305,134.1999969482422,3.690000057220459,22.0,50.20000076293945,23.799999237060547,71.0
2022-03-10,114.54,65.0,18.87700653076172,132.0,3.5,21.76000022888184,49.0,23.200000762939453,70.0
2022-03-14,110.39,64.16666412353516,17.79131507873535,129.1999969482422,3.450000047683716,22.31999969482422,49.5,23.440000534057617,68.80000305175781
2022-03-15,105.14,64.91666412353516,17.931406021118164,126.4000015258789,3.440000057220459,21.959999084472656,48.20000076293945,22.86000061035156,67.5
2022-03-16,104.61,67.0,18.351673126220703,128.8000030517578,3.450000047683716,22.1200008392334,50.59999847412109,23.15999984741211,67.5999984741211
2022-03-17,113.5,69.16666412353516,18.87700653076172,127.4000015258789,3.450000047683716,22.3799991607666,51.20000076293945,23.239999771118164,66.69999694824219
2022-03-21,122.29,71.0,18.806962966918945,128.0,3.5,22.36000061035156,50.09999847412109,23.059999465942383,67.80000305175781
2022-03-22,121.53,71.30000305175781,19.33229637145996,129.8000030517578,3.434999942779541,22.479999542236328,50.70000076293945,23.299999237060547,68.0
2022-03-23,127.52,70.0,19.787586212158203,129.60000610351562,3.444999933242798,22.559999465942383,51.29999923706055,23.559999465942383,68.0
2022-03-24,123.98,70.0,20.62812042236328,129.8000030517578,3.4600000381469727,22.600000381469727,53.5,23.700000762939453,67.0
2022-03-28,114.5,70.9000015258789,20.558076858520508,131.60000610351562,3.440000057220459,23.84000015258789,55.5,24.100000381469727,67.5
2022-03-29,112.79,70.5,20.242876052856445,131.0,3.4649999141693115,23.700000762939453,54.79999923706055,23.520000457763672,67.69999694824219
2022-03-30,115.59,70.30000305175781,20.523054122924805,130.0,3.470000028610229,23.100000381469727,53.70000076293945,23.18000030517578,67.0999984741211
2022-03-31,107.29,70.5,19.787586212158203,131.0,3.4649999141693115,22.600000381469727,53.70000076293945,23.100000381469727,66.9000015258789
2022-04-04,108.15,72.5,20.34794235229492,131.0,3.484999895095825,22.520000457763672,52.900001525878906,23.07999992370605,67.0999984741211
2022-04-05,106.6,73.0,20.943321228027344,132.1999969482422,3.470000028610229,21.76000022888184,53.900001525878906,22.479999542236328,67.69999694824219
2022-04-06,100.81,73.5,20.698165893554688,133.0,3.5,21.799999237060547,52.5,22.239999771118164,67.5999984741211
2022-04-07,99.83,73.5,20.523054122924805,134.39999389648438,3.494999885559082,22.18000030517578,53.5,22.3799991607666,67.4000015258789
2022-04-11,97.92,73.0,20.382965087890625,132.39999389648438,3.5299999713897705,21.65999984741211,57.29999923706055,22.5,66.9000015258789
2022-04-12,104.42,73.69999694824219,20.34794235229492,129.39999389648438,3.444999933242798,21.18000030517578,57.59999847412109,22.63999938964844,66.0
2022-04-13,108.49,73.5,20.417987823486328,129.1999969482422,3.444999933242798,20.700000762939453,57.400001525878906,22.440000534057617,65.19999694824219
2022-04-14,110.83,74.19999694824219,21.118432998657227,129.0,3.450000047683716,21.36000061035156,57.5,23.0,65.0
2022-04-19,105.49,72.30000305175781,21.083410263061523,126.5999984741211,3.4600000381469727,21.020000457763672,58.400001525878906,23.100000381469727,63.0
2022-04-20,105.05,72.30000305175781,21.15345573425293,125.0,3.4549999237060547,21.280000686645508,58.0,22.6200008392334,61.5
2022-04-21,107.2,70.4000015258789,20.59309959411621,125.5999984741211,3.444999933242798,20.65999984741211,57.0,22.15999984741211,60.09999847412109
2022-04-25,99.27,69.9000015258789,18.73691749572754,121.0,3.400000095367432,18.3799991607666,56.29999923706055,20.479999542236328,60.70000076293945
2022-04-26,102.89,67.5,18.982074737548828,125.1999969482422,3.414999961853028,18.420000076293945,55.400001525878906,20.71999931335449,60.900001525878906
2022-04-27,103.3,67.30000305175781,19.507408142089844,129.0,3.444999933242798,18.979999542236328,57.400001525878906,20.81999969482422,61.5
2022-04-28,105.78,67.0999984741211,20.17283058166504,131.0,3.450000047683716,18.8799991607666,57.29999923706055,20.63999938964844,61.09999847412109
2022-05-09,106.67,66.19999694824219,21.04838752746582,126.8000030517578,3.5,18.440000534057617,55.5,20.299999237060547,59.0
2022-05-10,102.61,66.0999984741211,21.01336669921875,126.1999969482422,3.5,17.860000610351562,54.5,20.559999465942383,58.20000076293945
2022-05-11,107.7,66.0,20.978343963623047,123.0,3.555000066757202,17.739999771118164,54.70000076293945,20.21999931335449,57.400001525878906
2022-05-12,108.06,64.5,19.85763168334961,121.0,3.470000028610229,17.079999923706055,52.900001525878906,19.8799991607666,57.0
2022-05-16,114.86,62.20000076293945,18.947052001953125,120.0,3.3499999046325684,16.8799991607666,51.59999847412109,19.239999771118164,56.29999923706055
2022-05-17,112.89,60.79999923706055,19.47238540649414,120.8000030517578,3.4600000381469727,16.920000076293945,52.400001525878906,19.200000762939453,56.0
2022-05-18,110.04,60.79999923706055,19.47238540649414,120.8000030517578,3.4600000381469727,16.920000076293945,52.400001525878906,19.200000762939453,56.0
2022-05-19,113.22,62.0,16.74064826965332,119.4000015258789,3.400000095367432,16.579999923706055,50.400001525878906,18.31999969482422,54.400001525878906
2022-05-23,115.13,58.900001525878906,15.844078063964844,115.0,3.2950000762939453,16.760000228881836,52.29999923706055,18.239999771118164,54.59999847412109
2022-05-24,115.77,59.5,16.026193618774414,112.4000015258789,3.259999990463257,16.940000534057617,51.5,17.979999542236328,53.70000076293945
2022-05-25,116.41,60.0,16.65659523010254,113.0,3.2950000762939453,17.360000610351562,53.900001525878906,18.420000076293945,54.20000076293945
2022-05-26,119.81,59.5,16.50249671936035,112.4000015258789,3.299999952316284,17.799999237060547,53.5,18.899999618530277,54.0
2022-05-30,123.01,60.0,17.721271514892578,114.1999969482422,3.3499999046325684,17.860000610351562,54.09999847412109,18.899999618530277,55.0
2022-05-31,125.53,58.5,19.0521183013916,114.5999984741211,3.299999952316284,17.34000015258789,53.59999847412109,18.34000015258789,54.400001525878906
2022-06-01,122.2,57.5,18.84198570251465,113.5999984741211,3.359999895095825,17.399999618530273,53.09999847412109,18.559999465942383,54.5
2022-06-06,124.99,58.400001525878906,18.03647232055664,115.4000015258789,3.309999942779541,17.059999465942383,54.59999847412109,19.26000022888184,57.29999923706055
2022-06-07,126.89,57.400001525878906,17.721271514892578,113.5999984741211,3.309999942779541,16.8799991607666,53.5,19.040000915527344,56.0
2022-06-08,129.2,57.29999923706055,18.912029266357425,112.8000030517578,3.319999933242798,16.920000076293945,53.0,19.059999465942383,56.900001525878906
2022-06-09,128.47,56.5,20.799999237060547,113.0,3.234999895095825,16.84000015258789,53.09999847412109,19.020000457763672,56.29999923706055
2022-06-13,128.44,55.0,20.100000381469727,108.4000015258789,3.130000114440918,16.0,49.04999923706055,17.459999084472656,53.70000076293945
2022-06-14,127.02,54.20000076293945,19.57999992370605,107.5999984741211,3.049999952316284,16.100000381469727,51.0,17.299999237060547,53.79999923706055
2022-06-15,124.96,53.09999847412109,18.420000076293945,107.0,3.005000114440918,16.0,50.70000076293945,17.18000030517578,54.0
2022-06-16,125.78,51.900001525878906,17.84000015258789,103.1999969482422,2.8399999141693115,15.960000038146973,51.0,17.0,51.5
2022-06-20,118.25,51.0,15.68000030517578,102.1999969482422,2.7149999141693115,15.31999969482422,49.20000076293945,16.34000015258789,49.95000076293945
2022-06-21,118.51,52.5,17.239999771118164,104.5999984741211,2.984999895095825,15.640000343322754,50.79999923706055,16.559999465942383,50.59999847412109
2022-06-22,115.54,49.95000076293945,18.0,101.5999984741211,2.930000066757202,15.100000381469728,47.5,15.699999809265137,48.79999923706055
2022-06-23,114.5,50.400001525878906,17.34000015258789,100.4000015258789,2.950000047683716,15.239999771118164,46.0,15.779999732971191,49.70000076293945
2022-06-27,119.69,50.400001525878906,17.31999969482422,101.1999969482422,3.009999990463257,15.619999885559082,47.0,16.079999923706055,49.84999847412109
2022-06-28,122.21,51.5,17.260000228881836,104.5999984741211,3.009999990463257,15.81999969482422,48.900001525878906,16.3799991607666,50.900001525878906
2022-06-29,120.8,52.59999847412109,17.600000381469727,105.1999969482422,3.009999990463257,15.68000030517578,49.0,16.239999771118164,51.59999847412109
2022-06-30,119.78,51.400001525878906,17.059999465942383,101.5999984741211,3.039999961853028,15.779999732971191,50.20000076293945,16.1200008392334,50.5
2022-07-04,121.8,50.59999847412109,17.079999923706055,100.0,3.075000047683716,15.300000190734863,48.95000076293945,15.520000457763672,49.5
2022-07-05,110.49,49.400001525878906,17.299999237060547,98.8000030517578,3.0,15.0600004196167,46.70000076293945,15.359999656677246,48.95000076293945
2022-07-06,108.54,47.59999847412109,17.700000762939453,97.5999984741211,2.944999933242798,14.68000030517578,47.34999847412109,15.020000457763672,47.95000076293945
2022-07-13,107.17,45.04999923706055,18.100000381469727,96.0,2.9649999141693115,14.4399995803833,42.70000076293945,14.920000076293944,46.400001525878906
2022-07-14,107.74,42.84999847412109,17.440000534057617,94.5999984741211,2.875,14.140000343322754,39.29999923706055,14.31999969482422,45.400001525878906
2022-07-18,117.27,44.79999923706055,17.799999237060547,99.0,2.9049999713897705,14.0,43.75,14.859999656677246,45.84999847412109
2022-07-19,114.96,45.75,17.799999237060547,99.5999984741211,3.0199999809265137,14.260000228881836,44.79999923706055,15.020000457763672,47.0
2022-07-20,115.86,45.59999847412109,17.6200008392334,98.1999969482422,3.0,14.260000228881836,44.0,15.100000381469728,48.0
2022-07-21,112.81,45.84999847412109,17.799999237060547,98.0,3.0299999713897705,14.859999656677246,45.75,15.5,49.150001525878906
2022-07-25,108.23,46.150001525878906,17.799999237060547,97.5999984741211,2.950000047683716,15.0,45.09999847412109,15.199999809265137,48.09999847412109
2022-07-26,107.32,46.400001525878906,18.5,97.5999984741211,2.9049999713897705,15.100000381469728,46.34999847412109,15.399999618530272,47.70000076293945
2022-07-27,109.64,48.95000076293945,18.520000457763672,96.5999984741211,2.9100000858306885,14.979999542236328,46.84999847412109,15.399999618530272,48.59999847412109
2022-07-28,109.68,48.95000076293945,18.299999237060547,99.0,2.950000047683716,15.0,47.04999923706055,16.3799991607666,49.5
2022-08-01,106.09,51.900001525878906,18.780000686645508,102.0,3.009999990463257,16.239999771118164,49.09999847412109,17.100000381469727,52.59999847412109
2022-08-02,106.51,52.79999923706055,18.600000381469727,101.5999984741211,2.990000009536743,16.34000015258789,49.29999923706055,16.739999771118164,52.09999847412109
2022-08-03,101.82,53.70000076293945,18.239999771118164,101.5999984741211,2.984999895095825,16.260000228881836,49.45000076293945,16.719999313354492,52.900001525878906
2022-08-04,97.99,55.20000076293945,18.36000061035156,100.0,3.0,16.0,49.70000076293945,16.579999923706055,52.79999923706055
2022-08-08,103.46,55.29999923706055,18.65999984741211,101.1999969482422,3.0450000762939453,15.960000038146973,48.0,16.299999237060547,52.59999847412109
2022-08-09,103.81,55.0,18.68000030517578,102.8000030517578,3.0199999809265137,16.100000381469727,48.400001525878906,16.920000076293945,52.29999923706055
2022-08-10,105.06,54.0,18.700000762939453,103.5999984741211,3.0999999046325684,16.0,49.45000076293945,16.959999084472656,52.5
2022-08-11,107.19,54.400001525878906,18.71999931335449,103.8000030517578,3.069999933242798,16.139999389648438,50.70000076293945,17.139999389648438,53.09999847412109
2022-08-15,98.25,54.20000076293945,18.65999984741211,105.0,3.059999942779541,16.079999923706055,51.400001525878906,17.1200008392334,53.20000076293945
2022-08-16,95.36,54.29999923706055,18.36000061035156,105.5999984741211,3.059999942779541,16.079999923706055,51.900001525878906,17.100000381469727,53.0
2022-08-17,97.22,54.5,18.420000076293945,107.0,3.0299999713897705,16.360000610351562,51.29999923706055,17.15999984741211,53.09999847412109
2022-08-18,96.35,53.70000076293945,18.36000061035156,106.1999969482422,3.025000095367432,16.299999237060547,50.5,17.0,52.59999847412109
2022-08-22,95.06,52.79999923706055,18.3799991607666,103.4000015258789,2.9800000190734863,15.960000038146973,50.20000076293945,16.639999389648438,51.400001525878906
2022-08-23,99.49,51.5,17.899999618530273,101.0,2.940000057220459,15.399999618530272,49.20000076293945,16.31999969482422,50.5
2022-08-24,99.87,51.400001525878906,17.8799991607666,101.8000030517578,2.8949999809265137,15.399999618530272,50.29999923706055,16.81999969482422,50.59999847412109
2022-08-25,98.81,53.0,18.059999465942383,103.8000030517578,2.930000066757202,15.699999809265137,50.900001525878906,16.81999969482422,51.900001525878906
2022-08-30,99.34,51.5,18.07999992370605,102.0,2.970000028610229,15.199999809265137,49.84999847412109,16.559999465942383,51.5
2022-08-31,96.55,50.0,17.31999969482422,100.1999969482422,2.924999952316284,14.699999809265137,47.75,15.9399995803833,50.09999847412109
2022-09-01,92.24,49.0,17.260000228881836,99.0,2.930000066757202,14.5,49.0,15.739999771118164,49.900001525878906
2022-09-05,94.22,49.54999923706055,16.799999237060547,100.0,2.9200000762939453,14.479999542236328,49.150001525878906,15.420000076293944,50.70000076293945
2022-09-06,91.43,48.29999923706055,16.280000686645508,99.9000015258789,2.9049999713897705,14.239999771118164,48.04999923706055,15.15999984741211,50.400001525878906
2022-09-07,86.83,46.95000076293945,16.0,98.1999969482422,2.884999990463257,14.0,46.20000076293945,14.880000114440918,49.150001525878906
2022-09-08,87.99,46.900001525878906,15.779999732971191,97.8000030517578,2.875,14.0,46.400001525878906,14.880000114440918,49.0
2022-09-12,93.45,47.59999847412109,15.579999923706056,96.8000030517578,3.0899999141693115,14.220000267028809,46.45000076293945,15.020000457763672,49.79999923706055
2022-09-13,92.04,49.0,16.100000381469727,97.5,3.130000114440918,14.5600004196167,48.29999923706055,15.460000038146973,50.29999923706055
2022-09-14,92.83,47.59999847412109,15.739999771118164,95.5,3.0899999141693115,14.300000190734863,47.5,15.199999809265137,49.25
2022-09-15,89.28,47.09999847412109,15.4399995803833,93.6999969482422,3.0799999237060547,14.020000457763672,48.0,15.0,48.59999847412109
2022-09-20,89.62,46.29999923706055,14.359999656677246,90.0,2.970000028610229,12.859999656677246,45.75,14.300000190734863,47.59999847412109
2022-09-21,89.86,46.0,13.960000038146973,90.1999969482422,2.8949999809265137,13.079999923706056,45.5,14.140000343322754,47.59999847412109
2022-09-26,82.55,43.0,13.380000114440918,86.5,2.880000114440918,12.779999732971191,40.20000076293945,13.380000114440918,44.0
2022-09-27,85.97,44.04999923706055,13.4399995803833,87.0,2.900000095367432,13.119999885559082,40.84999847412109,13.479999542236328,45.20000076293945
2022-09-28,89.55,44.25,13.880000114440918,87.5999984741211,3.0,13.579999923706056,41.79999923706055,13.699999809265137,45.95000076293945
2022-09-29,89.41,44.650001525878906,13.720000267028809,88.80000305175781,3.025000095367432,13.739999771118164,41.84999847412109,13.640000343322754,46.29999923706055
2022-10-03,90.68,46.400001525878906,14.279999732971191,90.0999984741211,3.025000095367432,13.81999969482422,42.75,14.0600004196167,47.0
2022-10-04,93.74,46.400001525878906,14.279999732971191,90.0999984741211,3.025000095367432,13.81999969482422,42.75,14.0600004196167,47.0
2022-10-05,94.35,46.34999847412109,14.920000076293944,92.4000015258789,3.015000104904175,14.279999732971191,42.400001525878906,14.140000343322754,47.70000076293945
2022-10-06,95.65,46.70000076293945,15.100000381469728,94.6999969482422,3.049999952316284,14.199999809265137,44.0,14.220000267028809,47.900001525878906
2022-10-10,97.13,45.79999923706055,14.699999809265137,92.0,3.049999952316284,13.800000190734863,42.59999847412109,13.880000114440918,46.79999923706055
2022-10-11,95.17,45.5,14.640000343322754,91.4000015258789,3.009999990463257,13.739999771118164,42.59999847412109,13.760000228881836,46.75
2022-10-12,93.44,45.79999923706055,14.5,91.1999969482422,3.049999952316284,13.600000381469728,42.79999923706055,13.800000190734863,46.70000076293945
2022-10-13,95.16,45.20000076293945,14.31999969482422,90.0,3.0450000762939453,13.300000190734863,42.45000076293945,13.739999771118164,46.0
2022-10-17,91.04,44.95000076293945,14.399999618530272,90.5999984741211,3.069999933242798,13.460000038146973,42.20000076293945,13.760000228881836,46.650001525878906
2022-10-18,89.46,45.75,14.420000076293944,92.0,3.009999990463257,13.81999969482422,41.59999847412109,13.739999771118164,47.400001525878906
2022-10-19,91.34,45.70000076293945,14.420000076293944,92.1999969482422,3.049999952316284,13.979999542236328,42.95000076293945,13.859999656677246,47.34999847412109
2022-10-20,91.52,46.0,14.460000038146973,92.5,3.069999933242798,14.15999984741211,42.95000076293945,14.100000381469728,47.79999923706055
2022-10-24,91.57,45.09999847412109,14.31999969482422,94.0,3.075000047683716,13.800000190734863,42.900001525878906,13.800000190734863,46.54999923706055
2022-10-25,91.76,44.45000076293945,14.100000381469728,93.0999984741211,3.0299999713897705,13.68000030517578,42.29999923706055,13.699999809265137,46.70000076293945
2022-10-26,92.93,44.5,13.779999732971191,90.5999984741211,3.0,13.420000076293944,41.0,13.479999542236328,44.54999923706055
2022-10-27,94.17,43.09999847412109,13.420000076293944,89.80000305175781,2.994999885559082,12.9399995803833,40.5,13.119999885559082,44.650001525878906
2022-10-31,93.3,44.0,13.640000343322754,88.0,2.940000057220459,12.979999542236328,40.54999923706055,13.15999984741211,45.0
2022-11-01,95.12,43.75,12.279999732971191,87.0,2.875,12.739999771118164,38.79999923706055,12.960000038146973,44.34999847412109
2022-11-02,96.07,43.400001525878906,12.220000267028809,86.4000015258789,2.8299999237060547,12.460000038146973,38.04999923706055,12.65999984741211,43.95000076293945
2022-11-03,95.29,43.70000076293945,12.140000343322754,85.5999984741211,2.799999952316284,12.100000381469728,38.900001525878906,12.579999923706056,43.95000076293945
2022-11-07,99.87,44.75,12.039999961853027,85.9000015258789,2.825000047683716,12.300000190734863,38.75,12.65999984741211,44.25
2022-11-08,96.85,44.45000076293945,11.739999771118164,85.19999694824219,2.809999942779541,12.18000030517578,39.150001525878906,12.199999809265137,44.0
2022-11-09,93.05,44.0,11.460000038146973,84.30000305175781,2.799999952316284,11.760000228881836,39.04999923706055,12.220000267028809,43.75
2022-11-10,94.25,43.150001525878906,11.0,83.9000015258789,2.7850000858306885,11.199999809265137,38.400001525878906,11.760000228881836,42.79999923706055
2022-11-14,93.59,43.0,11.279999732971191,84.80000305175781,2.799999952316284,11.399999618530272,37.54999923706055,11.979999542236328,42.900001525878906
2022-11-15,94.3,43.0,11.479999542236328,84.5999984741211,2.8299999237060547,11.920000076293944,37.5,12.100000381469728,42.900001525878906
2022-11-16,92.61,42.84999847412109,11.359999656677246,84.0,2.805000066757202,11.9399995803833,37.70000076293945,12.079999923706056,43.0
2022-11-17,91.0,42.5,11.5600004196167,84.9000015258789,2.8499999046325684,11.84000015258789,38.0,12.239999771118164,42.70000076293945
2022-11-21,88.44,41.09999847412109,11.199999809265137,82.0,2.8350000381469727,11.420000076293944,36.75,11.84000015258789,41.95000076293945
2022-11-22,88.65,40.5,11.31999969482422,82.9000015258789,2.799999952316284,11.399999618530272,35.900001525878906,11.859999656677246,41.650001525878906
2022-11-24,85.59,41.25,11.079999923706056,84.4000015258789,2.7850000858306885,11.079999923706056,36.29999923706055,11.260000228881836,40.900001525878906
2022-11-28,83.5,41.75,10.760000228881836,82.5,2.734999895095825,11.260000228881836,35.849998474121094,11.119999885559082,40.650001525878906
2022-11-29,83.22,41.09999847412109,10.359999656677246,83.4000015258789,2.690000057220459,11.18000030517578,35.150001525878906,11.0,40.54999923706055
2022-11-30,85.61,41.54999923706055,10.239999771118164,83.0,2.674999952316284,11.640000343322754,35.150001525878906,11.039999961853027,40.54999923706055
2022-12-01,86.28,41.54999923706055,10.579999923706056,84.0,2.700000047683716,11.640000343322754,35.150001525878906,11.34000015258789,40.54999923706055
2022-12-05,83.36,41.09999847412109,10.539999961853027,81.5999984741211,2.619999885559082,11.619999885559082,36.75,11.300000190734863,40.0
2022-12-06,79.92,41.20000076293945,10.899999618530272,82.0,2.6600000858306885,12.079999923706056,35.900001525878906,12.0,40.04999923706055
2022-12-07,77.11,40.59999847412109,10.68000030517578,80.0,2.619999885559082,11.65999984741211,34.599998474121094,11.539999961853027,39.70000076293945
2022-12-08,76.02,41.04999923706055,10.739999771118164,81.5,2.6050000190734863,11.800000190734863,34.95000076293945,11.899999618530272,40.04999923706055
2022-12-12,78.0,39.29999923706055,10.260000228881836,79.9000015258789,2.4800000190734863,11.979999542236328,31.899999618530277,11.34000015258789,39.34999847412109
2022-12-13,80.14,40.20000076293945,10.579999923706056,81.0,2.5,12.199999809265137,33.20000076293945,11.619999885559082,39.29999923706055
2022-12-14,83.33,39.95000076293945,10.779999732971191,81.0,2.565000057220459,13.0,32.150001525878906,11.960000038146973,39.34999847412109
2022-12-15,82.34,40.84999847412109,10.81999969482422,81.5,2.625,13.359999656677246,32.70000076293945,12.380000114440918,39.70000076293945
2022-12-19,81.66,39.900001525878906,10.579999923706056,83.5999984741211,2.625,13.34000015258789,32.25,11.979999542236328,39.400001525878906
2022-12-20,79.45,40.34999847412109,10.760000228881836,86.0,2.5999999046325684,13.699999809265137,32.900001525878906,12.34000015258789,39.75
2022-12-21,80.25,39.95000076293945,10.760000228881836,84.80000305175781,2.650000095367432,13.920000076293944,33.20000076293945,12.520000457763672,39.95000076293945
2022-12-22,79.58,39.95000076293945,10.699999809265137,84.80000305175781,2.690000057220459,13.5600004196167,33.099998474121094,12.34000015258789,39.75
2022-12-28,81.7,41.75,10.760000228881836,89.5,2.650000095367432,13.5,34.099998474121094,12.380000114440918,41.5
2022-12-29,80.96,42.5,10.68000030517578,89.4000015258789,2.650000095367432,13.65999984741211,33.95000076293945,12.359999656677246,41.59999847412109
2023-01-03,80.36,42.79999923706055,11.100000381469728,90.0,2.690000057220459,13.899999618530272,34.04999923706055,12.359999656677246,41.5
2023-01-04,75.31,43.25,11.039999961853027,90.0,2.6600000858306885,13.859999656677246,33.70000076293945,12.399999618530272,40.84999847412109
2023-01-05,76.73,43.0,10.960000038146973,90.1999969482422,2.680000066757202,14.039999961853027,33.45000076293945,12.640000343322754,40.84999847412109
2023-01-09,77.5,44.20000076293945,11.119999885559082,93.0,2.700000047683716,13.859999656677246,33.20000076293945,12.699999809265137,41.45000076293945
2023-01-10,78.4,44.0,11.039999961853027,93.5,2.7100000381469727,13.699999809265137,34.5,12.65999984741211,41.5
2023-01-11,81.11,44.34999847412109,11.220000267028809,93.5,2.734999895095825,13.479999542236328,36.25,12.880000114440918,42.400001525878906
2023-01-12,82.59,43.75,11.15999984741211,94.6999969482422,2.7100000381469727,13.600000381469728,36.650001525878906,12.880000114440918,43.0
2023-01-16,82.65,43.0,11.0,95.3000030517578,2.7100000381469727,13.640000343322754,36.0,12.5600004196167,42.5
2023-01-17,84.38,44.5,10.9399995803833,95.3000030517578,2.664999961853028,13.5,36.09999847412109,12.600000381469728,42.0
2023-01-18,83.78,44.5,10.9399995803833,95.3000030517578,2.664999961853028,13.5,36.09999847412109,12.600000381469728,42.0
2023-01-19,85.08,46.59999847412109,10.960000038146973,94.5,2.640000104904175,13.18000030517578,37.5,12.760000228881836,42.400001525878906
2023-01-23,87.54,46.5,11.079999923706056,95.0,2.650000095367432,13.31999969482422,37.09999847412109,12.84000015258789,44.29999923706055
2023-01-24,85.25,47.29999923706055,11.18000030517578,95.8000030517578,2.640000104904175,13.479999542236328,37.900001525878906,12.9399995803833,44.45000076293945
2023-01-25,85.08,48.04999923706055,11.199999809265137,97.4000015258789,2.650000095367432,13.420000076293944,38.0,13.0600004196167,44.75
2023-01-26,86.29,47.95000076293945,11.279999732971191,95.4000015258789,2.680000066757202,13.4399995803833,38.20000076293945,12.979999542236328,45.45000076293945
2023-01-30,84.9,46.650001525878906,11.100000381469728,94.4000015258789,2.700000047683716,13.380000114440918,37.34999847412109,12.65999984741211,44.54999923706055
2023-01-31,83.42,47.09999847412109,11.140000343322754,92.6999969482422,2.690000057220459,13.300000190734863,37.0,12.31999969482422,44.29999923706055
2023-02-01,81.61,45.79999923706055,11.34000015258789,92.9000015258789,2.7950000762939453,13.079999923706056,36.900001525878906,12.359999656677246,44.04999923706055
2023-02-02,80.57,45.79999923706055,11.5600004196167,91.4000015258789,2.7300000190734863,12.800000190734863,36.0,12.279999732971191,43.650001525878906
2023-02-06,80.48,45.59999847412109,11.34000015258789,91.3000030517578,2.819999933242798,12.5,36.0,12.300000190734863,43.04999923706055
2023-02-07,82.92,45.79999923706055,11.220000267028809,91.0999984741211,2.7699999809265137,12.979999542236328,35.650001525878906,12.239999771118164,42.79999923706055
2023-02-08,84.17,47.09999847412109,11.31999969482422,92.8000030517578,2.7850000858306885,13.0,36.75,12.420000076293944,43.54999923706055
2023-02-09,83.46,45.79999923706055,11.260000228881836,92.3000030517578,2.7850000858306885,12.800000190734863,35.599998474121094,12.380000114440918,42.70000076293945
2023-02-13,85.98,47.25,11.199999809265137,93.0999984741211,2.809999942779541,12.800000190734863,35.25,12.399999618530272,42.84999847412109
2023-02-14,84.96,47.5,11.18000030517578,94.5,2.789999961853028,12.899999618530272,34.95000076293945,12.380000114440918,43.150001525878906
2023-02-15,84.11,47.59999847412109,11.15999984741211,94.5999984741211,2.789999961853028,13.0,35.650001525878906,12.300000190734863,43.0
2023-02-16,83.84,47.650001525878906,11.239999771118164,95.5999984741211,2.765000104904175,13.100000381469728,36.25,12.239999771118164,44.400001525878906
2023-02-20,82.79,45.95000076293945,10.960000038146973,94.1999969482422,2.7249999046325684,12.84000015258789,34.70000076293945,12.020000457763672,43.04999923706055
2023-02-21,82.14,44.84999847412109,10.899999618530272,92.6999969482422,2.720000028610229,12.539999961853027,34.25,11.880000114440918,42.29999923706055
2023-02-23,82.08,44.29999923706055,10.640000343322754,90.9000015258789,2.75,12.300000190734863,34.20000076293945,11.5600004196167,41.34999847412109
2023-02-27,81.24,45.95000076293945,10.199999809265137,91.9000015258789,2.765000104904175,12.31999969482422,33.95000076293945,11.739999771118164,41.84999847412109
2023-02-28,83.21,48.29999923706055,10.15999984741211,88.5,2.7850000858306885,12.699999809265137,35.400001525878906,12.0600004196167,42.0
2023-03-01,83.68,47.0,10.199999809265137,89.0999984741211,2.815000057220459,12.699999809265137,34.849998474121094,12.0,42.04999923706055
2023-03-02,84.15,48.04999923706055,10.220000267028809,90.4000015258789,2.799999952316284,12.720000267028809,35.04999923706055,12.0600004196167,41.79999923706055
2023-03-06,85.86,50.0,10.300000190734863,91.0999984741211,2.914999961853028,12.579999923706056,36.34999847412109,12.300000190734863,42.650001525878906
2023-03-07,83.03,50.0,10.300000190734863,91.0999984741211,2.914999961853028,12.579999923706056,36.34999847412109,12.300000190734863,42.650001525878906
2023-03-08,82.1,49.59999847412109,10.199999809265137,90.8000030517578,2.8499999046325684,12.619999885559082,36.150001525878906,11.960000038146973,42.0
2023-03-09,81.0,49.59999847412109,10.199999809265137,90.8000030517578,2.8499999046325684,12.619999885559082,36.150001525878906,11.960000038146973,42.0
2023-03-13,79.67,48.34999847412109,10.18000030517578,91.0,2.8499999046325684,12.380000114440918,36.09999847412109,11.960000038146973,41.79999923706055
2023-03-14,76.77,48.650001525878906,10.18000030517578,91.5,2.8499999046325684,12.140000343322754,36.0,11.880000114440918,40.900001525878906
2023-03-15,74.3,47.95000076293945,9.640000343322754,86.69999694824219,2.875,11.859999656677246,36.20000076293945,11.399999618530272,40.34999847412109
2023-03-16,73.12,46.5,9.470000267028809,85.5,2.8399999141693115,11.539999961853027,35.0,11.199999809265137,40.34999847412109
2023-03-20,72.42,46.5,9.670000076293944,87.0999984741211,2.884999990463257,11.279999732971191,34.95000076293945,11.5,40.95000076293945
2023-03-21,74.78,47.84999847412109,9.81999969482422,89.5,2.900000095367432,11.699999809265137,35.70000076293945,11.5600004196167,41.5
2023-03-22,76.08,47.150001525878906,9.90999984741211,88.4000015258789,2.8399999141693115,11.640000343322754,35.54999923706055,11.739999771118164,40.95000076293945
2023-03-23,74.31,46.95000076293945,9.899999618530272,90.3000030517578,2.8499999046325684,11.579999923706056,36.0,11.859999656677246,41.150001525878906
2023-03-27,76.8,46.95000076293945,9.899999618530272,90.3000030517578,2.8499999046325684,11.579999923706056,36.0,11.859999656677246,41.150001525878906
2023-03-28,78.07,46.95000076293945,9.899999618530272,90.3000030517578,2.8499999046325684,11.579999923706056,36.0,11.859999656677246,41.150001525878906
2023-03-29,77.51,46.79999923706055,10.0,89.80000305175781,2.900000095367432,11.899999618530272,37.59999847412109,12.220000267028809,41.70000076293945
2023-03-30,78.45,47.79999923706055,10.079999923706056,90.3000030517578,2.900000095367432,12.100000381469728,37.84999847412109,12.220000267028809,42.150001525878906
2023-04-03,85.81,46.79999923706055,10.420000076293944,93.0,3.0,12.579999923706056,39.20000076293945,12.920000076293944,43.59999847412109
2023-04-04,85.7,47.5,11.020000457763672,94.9000015258789,3.065000057220459,13.0,39.5,13.239999771118164,44.45000076293945
2023-04-05,85.89,47.900001525878906,11.039999961853027,93.6999969482422,2.9800000190734863,13.100000381469728,39.54999923706055,13.140000343322754,43.84999847412109
2023-04-06,86.56,47.900001525878906,11.100000381469728,92.5999984741211,3.0,13.020000457763672,39.84999847412109,13.0,43.09999847412109
2023-04-11,87.32,46.75,10.720000267028809,91.0999984741211,3.0299999713897705,12.619999885559082,38.95000076293945,12.859999656677246,43.150001525878906
2023-04-12,88.31,46.900001525878906,10.880000114440918,91.5,3.039999961853028,12.640000343322754,39.20000076293945,12.960000038146973,42.84999847412109
2023-04-13,86.51,48.0,11.0,91.1999969482422,3.009999990463257,12.760000228881836,40.79999923706055,13.0,42.900001525878906
2023-04-17,85.63,47.95000076293945,11.020000457763672,92.0,2.994999885559082,12.899999618530272,39.900001525878906,13.239999771118164,43.45000076293945
2023-04-25,82.13,48.5,11.100000381469728,94.0,2.9600000381469727,13.079999923706056,39.20000076293945,13.600000381469728,45.34999847412109
2023-04-26,79.19,48.5,11.31999969482422,93.8000030517578,3.0199999809265137,13.039999961853027,39.150001525878906,13.760000228881836,45.29999923706055
2023-04-27,80.11,47.59999847412109,11.15999984741211,92.3000030517578,3.015000104904175,12.65999984741211,38.70000076293945,13.640000343322754,44.70000076293945
2023-05-02,76.71,47.20000076293945,11.0600004196167,90.5,2.9800000190734863,12.4399995803833,37.95000076293945,13.279999732971191,43.150001525878906
2023-05-03,72.91,46.5,10.9399995803833,89.9000015258789,3.0350000858306885,12.18000030517578,36.75,12.800000190734863,42.54999923706055
2023-05-04,73.0,47.34999847412109,10.9399995803833,89.0,3.005000114440918,12.68000030517578,37.20000076293945,13.239999771118164,42.45000076293945
2023-05-09,77.76,47.79999923706055,11.0600004196167,91.5999984741211,3.164999961853028,12.739999771118164,37.400001525878906,13.979999542236328,42.70000076293945
2023-05-10,76.7,47.400001525878906,11.039999961853027,92.1999969482422,3.115000009536743,12.920000076293944,38.04999923706055,14.460000038146973,43.0
2023-05-11,75.32,47.0,11.020000457763672,93.0,3.194999933242798,12.960000038146973,39.0,14.31999969482422,43.20000076293945
2023-05-15,75.46,46.79999923706055,10.9399995803833,91.0,3.2149999141693115,12.960000038146973,37.75,14.300000190734863,42.70000076293945
2023-05-16,75.15,46.900001525878906,11.140000343322754,91.0,3.220000028610229,13.199999809265137,38.25,14.739999771118164,42.54999923706055
2023-05-17,76.98,46.79999923706055,11.279999732971191,91.0,3.234999895095825,13.579999923706056,38.5,15.039999961853027,42.79999923706055
2023-05-18,75.75,46.25,11.220000267028809,91.1999969482422,3.2850000858306885,13.68000030517578,39.0,15.0,42.84999847412109
2023-05-22,75.77,45.5,11.279999732971191,90.0999984741211,3.4049999713897705,13.619999885559082,37.5,15.119999885559082,42.79999923706055
2023-05-23,76.66,45.54999923706055,11.18000030517578,90.0999984741211,3.3499999046325684,13.760000228881836,37.5,15.199999809265137,42.900001525878906
2023-05-24,77.99,45.75,11.140000343322754,90.8000030517578,3.3399999141693115,13.619999885559082,36.95000076293945,15.18000030517578,43.150001525878906
2023-05-25,75.66,45.25,11.100000381469728,90.0999984741211,3.375,13.420000076293944,36.59999847412109,15.100000381469728,42.84999847412109
2023-05-30,73.38,43.75,11.100000381469728,90.0999984741211,3.509999990463257,13.199999809265137,36.25,15.039999961853027,42.95000076293945
2023-05-31,71.98,43.70000076293945,11.0,88.19999694824219,3.515000104904175,12.760000228881836,35.599998474121094,14.68000030517578,42.45000076293945
2023-06-01,74.18,44.5,11.119999885559082,88.30000305175781,3.575000047683716,13.140000343322754,35.79999923706055,15.18000030517578,42.5
2023-06-05,76.61,45.45000076293945,11.380000114440918,89.69999694824219,3.5899999141693115,13.579999923706056,36.95000076293945,15.140000343322754,44.20000076293945
2023-06-06,76.22,45.400001525878906,11.300000190734863,89.69999694824219,3.5899999141693115,13.479999542236328,37.0,15.039999961853027,45.5
2023-06-07,76.85,46.0,11.279999732971191,89.19999694824219,3.5899999141693115,13.359999656677246,36.900001525878906,15.0,46.75
2023-06-08,75.88,44.5,11.119999885559082,88.30000305175781,3.575000047683716,13.140000343322754,35.79999923706055,15.18000030517578,42.5
2023-06-12,71.8,44.95000076293945,12.220000267028809,89.30000305175781,3.8450000286102295,13.779999732971191,36.95000076293945,15.220000267028809,46.900001525878906
2023-06-13,74.24,43.79999923706055,11.539999961853027,88.69999694824219,3.890000104904175,13.899999618530272,36.400001525878906,14.859999656677246,46.45000076293945
2023-06-14,73.39,44.34999847412109,11.4399995803833,88.5999984741211,3.910000085830689,13.779999732971191,36.45000076293945,15.15999984741211,46.54999923706055
2023-06-15,75.75,44.29999923706055,11.640000343322754,88.30000305175781,3.8550000190734863,13.979999542236328,36.59999847412109,15.380000114440918,46.75
2023-06-19,76.09,44.0,11.5,88.0999984741211,3.759999990463257,13.899999618530272,36.25,15.079999923706056,47.09999847412109
2023-06-20,75.79,44.25,11.779999732971191,88.0,3.799999952316284,13.84000015258789,36.34999847412109,15.260000228881836,47.20000076293945
2023-06-21,76.92,44.400001525878906,11.640000343322754,88.30000305175781,3.765000104904175,13.899999618530272,36.0,15.039999961853027,46.79999923706055
2023-06-22,73.93,44.09999847412109,11.5,88.19999694824219,3.7799999713897705,13.81999969482422,36.84999847412109,14.920000076293944,47.45000076293945
2023-07-03,74.52,43.900001525878906,11.279999732971191,89.19999694824219,3.5899999141693115,13.739999771118164,38.0,14.720000267028809,48.29999923706055
2023-07-04,76.23,44.150001525878906,11.359999656677246,89.30000305175781,3.940000057220459,13.5600004196167,38.400001525878906,14.720000267028809,47.84999847412109
2023-07-05,76.74,44.09999847412109,11.220000267028809,88.69999694824219,4.170000076293945,13.4399995803833,38.25,14.68000030517578,46.54999923706055
2023-07-06,76.72,44.75,11.380000114440918,88.5999984741211,4.230000019073486,13.34000015258789,38.20000076293945,14.979999542236328,47.5
2023-07-10,77.83,46.150001525878906,11.260000228881836,88.80000305175781,4.199999809265137,13.199999809265137,36.650001525878906,15.039999961853027,48.150001525878906
2023-07-11,79.54,46.900001525878906,11.34000015258789,88.5,4.369999885559082,13.140000343322754,36.650001525878906,14.84000015258789,47.70000076293945
2023-07-12,80.35,46.75,11.279999732971191,88.5,4.46999979019165,13.18000030517578,36.5,14.899999618530272,47.34999847412109
2023-07-13,81.31,47.0,11.100000381469728,88.4000015258789,4.380000114440918,13.140000343322754,36.75,14.84000015258789,47.0
2023-07-17,77.8,46.45000076293945,11.119999885559082,87.0,4.400000095367432,12.84000015258789,36.70000076293945,14.779999732971191,47.34999847412109
2023-07-18,79.54,46.70000076293945,10.979999542236328,86.0999984741211,4.429999828338623,12.520000457763672,36.59999847412109,14.859999656677246,47.0
2023-07-19,79.38,46.20000076293945,10.65999984741211,85.5,4.550000190734863,12.5,36.09999847412109,14.600000381469728,45.900001525878906
2023-07-20,79.62,46.0,10.520000457763672,84.19999694824219,4.670000076293945,12.380000114440918,36.34999847412109,14.399999618530272,45.150001525878906
2023-07-24,82.53,46.59999847412109,10.600000381469728,85.19999694824219,4.5,12.640000343322754,36.900001525878906,14.5,46.70000076293945
2023-07-25,83.46,46.29999923706055,10.5600004196167,86.0,4.570000171661377,12.5,37.09999847412109,14.300000190734863,46.25
2023-07-26,82.98,46.900001525878906,10.579999923706056,86.0,4.550000190734863,12.300000190734863,38.150001525878906,14.300000190734863,46.75
2023-07-27,84.28,46.29999923706055,10.520000457763672,86.5,4.53000020980835,12.420000076293944,38.59999847412109,14.4399995803833,46.900001525878906
2023-07-31,85.22,45.5,10.399999618530272,85.69999694824219,4.650000095367432,12.260000228881836,37.79999923706055,14.119999885559082,45.79999923706055
2023-08-01,85.34,45.59999847412109,10.380000114440918,85.0999984741211,4.599999904632568,12.039999961853027,38.45000076293945,14.020000457763672,45.25
2023-08-02,84.01,45.20000076293945,10.260000228881836,85.4000015258789,4.579999923706055,12.199999809265137,38.400001525878906,14.140000343322754,45.79999923706055
2023-08-03,86.19,44.79999923706055,10.4399995803833,85.0,4.579999923706055,12.260000228881836,37.70000076293945,13.899999618530272,45.400001525878906
2023-08-07,86.47,44.0,10.18000030517578,85.0,4.5,11.880000114440918,36.34999847412109,13.260000228881836,44.0
2023-08-08,88.0,44.0,10.15999984741211,84.0999984741211,4.5,11.68000030517578,36.54999923706055,13.079999923706056,42.79999923706055
2023-08-09,89.31,43.79999923706055,10.260000228881836,86.0999984741211,4.510000228881836,11.739999771118164,37.150001525878906,13.460000038146973,43.79999923706055
2023-08-10,87.44,43.70000076293945,10.380000114440918,87.30000305175781,4.519999980926514,12.100000381469728,37.09999847412109,13.699999809265137,44.09999847412109
2023-08-14,87.4,44.0,10.380000114440918,86.69999694824219,4.5,12.279999732971191,36.84999847412109,13.460000038146973,44.04999923706055
2023-08-15,86.28,42.95000076293945,10.220000267028809,86.0999984741211,4.510000228881836,12.300000190734863,36.650001525878906,13.15999984741211,43.650001525878906
2023-08-16,84.49,42.34999847412109,10.4399995803833,86.4000015258789,4.510000228881836,12.18000030517578,36.75,13.300000190734863,43.650001525878906
2023-08-17,85.24,41.95000076293945,10.34000015258789,86.5,4.489999771118164,12.300000190734863,36.5,13.140000343322754,43.59999847412109
2023-08-21,85.44,41.900001525878906,10.359999656677246,87.30000305175781,4.389999866485596,12.279999732971191,36.650001525878906,12.84000015258789,43.5
2023-08-22,84.7,41.95000076293945,10.399999618530272,88.0,4.53000020980835,12.18000030517578,36.59999847412109,12.760000228881836,42.79999923706055
2023-08-23,83.94,41.79999923706055,10.359999656677246,88.0,4.5,12.15999984741211,36.25,12.539999961853027,43.0
2023-08-24,84.07,41.95000076293945,10.479999542236328,87.80000305175781,4.480000019073486,12.199999809265137,36.150001525878906,12.640000343322754,42.75
2023-08-29,86.37,43.5,10.479999542236328,89.0,4.389999866485596,12.199999809265137,36.59999847412109,12.739999771118164,42.79999923706055
2023-08-30,86.62,43.54999923706055,10.5600004196167,89.5999984741211,4.480000019073486,12.359999656677246,36.70000076293945,12.880000114440918,43.09999847412109
2023-08-31,87.29,42.54999923706055,10.31999969482422,88.4000015258789,4.46999979019165,12.18000030517578,36.45000076293945,12.739999771118164,42.29999923706055
2023-09-04,90.42,42.04999923706055,10.399999618530272,89.9000015258789,4.53000020980835,12.520000457763672,36.59999847412109,12.84000015258789,43.29999923706055
2023-09-05,91.25,42.0,10.31999969482422,89.80000305175781,4.599999904632568,12.579999923706056,36.5,12.65999984741211,42.59999847412109
2023-09-06,91.79,41.0,10.300000190734863,89.9000015258789,5.010000228881836,12.479999542236328,36.34999847412109,12.619999885559082,42.150001525878906
2023-09-07,91.16,40.900001525878906,10.239999771118164,88.9000015258789,4.989999771118164,12.31999969482422,35.95000076293945,12.720000267028809,42.04999923706055
2023-09-11,91.97,41.0,10.399999618530272,90.0,5.03000020980835,13.0,36.400001525878906,13.199999809265137,42.79999923706055
2023-09-12,93.58,41.0,10.619999885559082,88.80000305175781,4.949999809265137,13.020000457763672,36.150001525878906,13.100000381469728,42.34999847412109
2023-09-13,93.04,40.75,10.539999961853027,85.69999694824219,4.820000171661377,12.899999618530272,36.150001525878906,12.880000114440918,42.400001525878906
2023-09-14,95.2,40.79999923706055,10.619999885559082,85.5,4.670000076293945,12.5600004196167,36.59999847412109,12.739999771118164,41.900001525878906
2023-09-18,95.95,40.34999847412109,10.5,84.0999984741211,4.849999904632568,12.539999961853027,36.0,12.720000267028809,41.650001525878906
2023-09-19,96.11,40.400001525878906,10.4399995803833,84.5,4.809999942779541,12.539999961853027,36.09999847412109,12.720000267028809,41.75
2023-09-20,94.56,40.59999847412109,10.68000030517578,84.0,4.769999980926514,12.899999618530272,36.09999847412109,12.859999656677246,41.95000076293945
2023-09-21,93.7,40.29999923706055,10.699999809265137,83.0,4.710000038146973,12.539999961853027,35.849998474121094,12.880000114440918,41.75
2023-09-25,94.01,40.150001525878906,10.800000190734863,83.0999984741211,4.599999904632568,12.5600004196167,36.5,12.619999885559082,41.20000076293945
2023-09-26,94.46,40.70000076293945,10.779999732971191,82.30000305175781,4.550000190734863,12.600000381469728,36.70000076293945,12.65999984741211,41.25
2023-09-27,97.1,40.20000076293945,10.760000228881836,82.5,4.650000095367432,12.600000381469728,37.79999923706055,12.579999923706056,41.59999847412109
2023-09-28,96.64,40.09999847412109,10.84000015258789,82.5,4.579999923706055,12.5,37.79999923706055,12.699999809265137,41.59999847412109
2023-10-02,91.21,39.54999923706055,10.5600004196167,82.0,4.53000020980835,12.4399995803833,37.29999923706055,12.31999969482422,41.20000076293945
2023-10-03,94.46,39.400001525878906,10.479999542236328,82.0999984741211,4.460000038146973,12.260000228881836,36.70000076293945,12.31999969482422,40.5
2023-10-04,89.83,38.900001525878906,10.420000076293944,81.0999984741211,4.429999828338623,12.020000457763672,36.59999847412109,12.079999923706056,40.75
2023-10-05,88.28,38.79999923706055,10.539999961853027,82.9000015258789,4.400000095367432,12.079999923706056,36.400001525878906,12.199999809265137,40.400001525878906
2023-10-09,91.37,38.29999923706055,10.260000228881836,80.5,4.320000171661377,11.979999542236328,35.650001525878906,12.18000030517578,39.54999923706055
2023-10-10,90.7,38.54999923706055,10.199999809265137,80.80000305175781,4.309999942779541,12.0,35.0,12.119999885559082,39.5
2023-10-11,87.58,38.09999847412109,10.300000190734863,79.0999984741211,4.070000171661377,12.079999923706056,34.79999923706055,11.979999542236328,39.0
2023-10-12,88.4,38.20000076293945,10.31999969482422,80.0999984741211,4.21999979019165,11.9399995803833,35.400001525878906,12.119999885559082,38.900001525878906
2023-10-16,90.99,37.79999923706055,10.15999984741211,78.80000305175781,4.090000152587891,12.079999923706056,35.349998474121094,12.079999923706056,39.400001525878906
2023-10-17,92.52,37.900001525878906,10.239999771118164,79.5,4.159999847412109,12.119999885559082,35.599998474121094,12.119999885559082,39.900001525878906
2023-10-18,91.99,37.25,10.100000381469728,78.9000015258789,4.079999923706055,11.880000114440918,33.20000076293945,12.100000381469728,39.0
2023-10-19,93.12,37.5,10.15999984741211,79.0999984741211,4.079999923706055,11.779999732971191,32.849998474121094,11.920000076293944,39.09999847412109
2023-10-23,91.88,36.09999847412109,9.979999542236328,75.80000305175781,3.759999990463257,11.020000457763672,31.700000762939453,11.260000228881836,37.650001525878906
2023-10-24,88.0,36.5,9.81999969482422,76.0,3.950000047683716,10.81999969482422,31.600000381469727,11.199999809265137,36.70000076293945
2023-10-25,90.14,37.84999847412109,10.020000457763672,77.80000305175781,3.990000009536743,10.81999969482422,32.25,11.420000076293944,37.25
2023-10-26,88.45,37.34999847412109,9.949999809265137,76.69999694824219,3.869999885559082,10.699999809265137,31.899999618530277,11.239999771118164,37.25
2023-10-30,90.73,37.09999847412109,9.90999984741211,76.0999984741211,4.019999980926514,10.5600004196167,32.099998474121094,11.619999885559082,37.5
2023-10-31,86.82,37.29999923706055,10.079999923706056,77.0,4.0,10.579999923706056,32.25,11.619999885559082,37.84999847412109
2023-11-01,86.92,37.400001525878906,9.979999542236328,75.69999694824219,3.9600000381469727,10.460000038146973,32.54999923706055,11.5600004196167,37.5
2023-11-02,89.02,37.650001525878906,10.0,78.30000305175781,4.039999961853027,10.960000038146973,32.900001525878906,11.84000015258789,38.09999847412109
2023-11-06,87.31,38.400001525878906,10.0,79.4000015258789,3.9800000190734863,11.140000343322754,33.099998474121094,12.0,38.150001525878906
2023-11-07,83.43,38.150001525878906,10.140000343322754,79.0,3.950000047683716,11.020000457763672,32.95000076293945,11.81999969482422,38.09999847412109
2023-11-08,81.46,37.900001525878906,9.960000038146973,77.80000305175781,3.950000047683716,10.68000030517578,32.20000076293945,11.68000030517578,37.70000076293945
2023-11-09,81.74,37.54999923706055,9.75,77.80000305175781,3.950000047683716,10.720000267028809,32.099998474121094,11.899999618530272,37.70000076293945
2023-11-13,84.09,37.20000076293945,9.539999961853027,78.0999984741211,3.920000076293945,10.539999961853027,32.900001525878906,11.800000190734863,37.5
2023-11-14,84.2,37.25,9.5600004196167,78.0,3.9600000381469727,10.579999923706056,32.5,11.739999771118164,37.34999847412109
2023-11-15,82.4,37.95000076293945,9.800000190734863,81.30000305175781,4.0,10.739999771118164,33.20000076293945,11.960000038146973,37.900001525878906
2023-11-16,77.73,38.650001525878906,9.899999618530272,82.0999984741211,4.03000020980835,10.979999542236328,33.75,11.979999542236328,37.75
2023-11-20,83.25,38.09999847412109,10.15999984741211,81.5999984741211,4.110000133514404,11.380000114440918,34.25,12.18000030517578,38.29999923706055
2023-11-21,82.42,37.900001525878906,10.220000267028809,80.5,4.130000114440918,11.100000381469728,33.349998474121094,12.0600004196167,37.900001525878906
2023-11-22,81.76,37.54999923706055,10.300000190734863,81.30000305175781,4.119999885559082,11.0600004196167,32.900001525878906,12.039999961853027,37.75
2023-11-23,80.85,37.54999923706055,10.300000190734863,81.30000305175781,4.119999885559082,11.0600004196167,32.900001525878906,12.039999961853027,37.75
2023-11-27,79.49,37.25,10.619999885559082,79.5,4.099999904632568,11.039999961853027,32.29999923706055,11.979999542236328,37.59999847412109
2023-11-28,81.66,36.95000076293945,10.720000267028809,79.0,4.010000228881836,11.0600004196167,32.45000076293945,11.960000038146973,37.45000076293945
2023-11-29,82.98,36.95000076293945,10.699999809265137,79.30000305175781,4.010000228881836,11.18000030517578,32.25,12.039999961853027,37.54999923706055
2023-11-30,81.72,37.400001525878906,10.899999618530272,79.19999694824219,4.119999885559082,11.31999969482422,32.349998474121094,12.199999809265137,37.650001525878906
2023-12-04,78.16,37.400001525878906,10.920000076293944,79.80000305175781,4.03000020980835,11.279999732971191,32.75,12.140000343322754,38.0
2023-12-05,77.27,37.09999847412109,11.0,80.0999984741211,4.0,11.239999771118164,32.599998474121094,12.0600004196167,37.75
2023-12-06,74.33,37.0,11.0,80.0,4.019999980926514,11.100000381469728,32.70000076293945,12.0600004196167,37.25
2023-12-07,74.21,37.20000076293945,11.0600004196167,80.0,4.050000190734863,11.0600004196167,32.849998474121094,11.979999542236328,37.29999923706055
2023-12-11,75.75,37.04999923706055,10.65999984741211,80.4000015258789,4.0,10.960000038146973,33.25,12.15999984741211,37.650001525878906
2023-12-12,74.11,37.0,10.739999771118164,78.9000015258789,3.950000047683716,10.880000114440918,32.95000076293945,12.020000457763672,37.400001525878906
2023-12-13,74.14,36.79999923706055,10.800000190734863,79.0999984741211,3.9800000190734863,10.68000030517578,32.900001525878906,11.81999969482422,37.25
2023-12-14,77.05,36.59999847412109,10.899999618530272,79.19999694824219,4.0,10.68000030517578,32.5,11.760000228881836,36.95000076293945
2023-12-18,78.89,37.150001525878906,10.699999809265137,81.30000305175781,4.070000171661377,10.920000076293944,32.79999923706055,12.0,37.650001525878906
2023-12-19,79.82,37.900001525878906,10.579999923706056,82.80000305175781,4.039999961853027,10.779999732971191,32.95000076293945,12.0600004196167,38.09999847412109
2023-12-20,81.1,38.20000076293945,10.640000343322754,81.19999694824219,4.039999961853027,10.68000030517578,33.0,12.020000457763672,38.09999847412109
2023-12-21,80.73,38.150001525878906,10.619999885559082,81.19999694824219,4.0,10.739999771118164,33.0,11.9399995803833,37.95000076293945
2023-12-27,80.97,39.400001525878906,10.31999969482422,82.9000015258789,4.289999961853027,10.84000015258789,34.29999923706055,12.420000076293944,38.09999847412109
2023-12-28,79.04,39.45000076293945,10.420000076293944,83.30000305175781,4.28000020980835,10.859999656677246,34.04999923706055,12.300000190734863,38.0
2024-01-02,76.24,39.70000076293945,10.5,83.30000305175781,4.440000057220459,11.199999809265137,34.95000076293945,12.640000343322754,39.400001525878906
2024-01-03,77.18,39.400001525878906,10.34000015258789,82.0,4.429999828338623,11.079999923706056,34.04999923706055,12.84000015258789,38.84999847412109
2024-01-04,75.79,39.84999847412109,10.34000015258789,80.5999984741211,4.429999828338623,10.859999656677246,33.54999923706055,12.600000381469728,39.04999923706055
2024-01-08,75.47,40.04999923706055,10.31999969482422,81.69999694824219,4.550000190734863,10.899999618530272,33.400001525878906,12.600000381469728,40.29999923706055
2024-01-09,77.97,39.5,10.239999771118164,81.0999984741211,4.400000095367432,10.84000015258789,33.349998474121094,12.359999656677246,39.900001525878906
2024-01-10,78.46,38.79999923706055,10.0600004196167,80.0,4.349999904632568,10.699999809265137,32.849998474121094,12.119999885559082,38.95000076293945
2024-01-11,80.21,38.25,10.020000457763672,79.9000015258789,4.420000076293945,10.539999961853027,32.54999923706055,12.119999885559082,38.34999847412109
2024-01-15,79.76,38.09999847412109,10.039999961853027,79.9000015258789,4.460000038146973,10.380000114440918,32.0,12.119999885559082,37.84999847412109
2024-01-16,80.15,37.5,10.0,79.0,4.630000114440918,10.039999961853027,31.850000381469727,11.9399995803833,37.75
2024-01-17,78.88,37.59999847412109,9.56999969482422,78.0,4.710000038146973,9.800000190734863,31.100000381469727,11.920000076293944,37.650001525878906
2024-01-18,81.04,37.79999923706055,9.449999809265137,77.0,4.570000171661377,9.850000381469728,30.950000762939453,11.739999771118164,37.650001525878906
2024-01-22,81.7,37.650001525878906,9.31999969482422,77.80000305175781,4.760000228881836,9.800000190734863,30.450000762939453,11.699999809265137,37.59999847412109
2024-01-23,82.04,37.95000076293945,9.210000038146973,78.80000305175781,4.659999847412109,9.710000038146973,30.799999237060547,11.520000457763672,38.04999923706055
2024-01-24,82.15,37.650001525878906,9.220000267028809,79.30000305175781,4.789999961853027,9.670000076293944,30.75,11.699999809265137,37.95000076293945
2024-01-25,82.33,37.79999923706055,9.109999656677246,78.80000305175781,4.760000228881836,9.699999809265137,30.950000762939453,11.699999809265137,38.34999847412109
2024-01-29,83.99,39.150001525878906,9.380000114440918,79.69999694824219,4.579999923706055,9.6899995803833,32.349998474121094,12.199999809265137,38.79999923706055
2024-01-30,84.14,37.900001525878906,9.06999969482422,78.0999984741211,4.46999979019165,9.300000190734863,31.350000381469727,11.760000228881836,38.0
2024-01-31,82.98,38.04999923706055,9.140000343322754,77.9000015258789,4.639999866485596,9.18000030517578,31.5,11.699999809265137,38.400001525878906
2024-02-01,82.2,38.70000076293945,9.09000015258789,78.4000015258789,4.510000228881836,9.119999885559082,31.899999618530277,11.720000267028809,37.95000076293945
2024-02-05,79.3,39.0,9.06999969482422,78.4000015258789,5.139999866485596,9.15999984741211,32.099998474121094,11.779999732971191,38.0
2024-02-06,80.46,39.150001525878906,9.079999923706056,79.19999694824219,5.179999828338623,9.0600004196167,31.75,11.779999732971191,38.0
2024-02-07,81.18,38.59999847412109,9.020000457763672,79.4000015258789,5.429999828338623,9.010000228881836,31.5,11.859999656677246,38.0
2024-02-08,83.01,38.59999847412109,9.020000457763672,79.4000015258789,5.429999828338623,9.010000228881836,31.5,11.859999656677246,38.0
2024-02-12,83.88,38.29999923706055,8.960000038146973,80.0,5.46999979019165,8.960000038146973,32.20000076293945,12.300000190734863,38.0
2024-02-13,84.72,38.54999923706055,8.880000114440918,78.4000015258789,5.449999809265137,9.020000457763672,31.700000762939453,12.399999618530272,38.04999923706055
2024-02-14,84.41,38.5,8.84000015258789,78.5999984741211,5.449999809265137,9.140000343322754,31.299999237060547,12.399999618530272,37.84999847412109
2024-02-15,84.33,38.95000076293945,8.930000305175781,79.0,5.340000152587891,9.510000228881836,31.350000381469727,12.34000015258789,38.20000076293945
2024-02-19,85.52,38.79999923706055,8.949999809265137,79.19999694824219,5.239999771118164,9.68000030517578,31.549999237060547,12.9399995803833,39.20000076293945
2024-02-20,84.78,38.29999923706055,8.84000015258789,79.4000015258789,5.230000019073486,9.699999809265137,31.549999237060547,13.0,38.95000076293945
2024-02-21,84.77,38.400001525878906,8.8100004196167,79.0999984741211,5.159999847412109,9.649999618530272,31.600000381469727,12.9399995803833,39.25
2024-02-26,84.01,38.34999847412109,8.619999885559082,78.80000305175781,5.090000152587891,9.5600004196167,31.100000381469727,12.880000114440918,38.0
2024-02-27,83.8,38.5,8.699999809265137,79.9000015258789,5.150000095367432,9.800000190734863,31.149999618530277,13.18000030517578,38.150001525878906
2024-02-28,84.08,38.45000076293945,8.989999771118164,79.0,5.480000019073486,9.800000190734863,31.149999618530277,13.279999732971191,38.150001525878906
2024-02-29,84.57,38.25,8.270000457763672,78.80000305175781,5.340000152587891,9.649999618530272,30.649999618530277,13.18000030517578,37.45000076293945
2024-03-04,86.58,38.20000076293945,7.900000095367432,77.69999694824219,5.190000057220459,9.449999809265137,30.5,12.800000190734863,37.45000076293945
2024-03-05,85.82,38.20000076293945,7.900000095367432,77.69999694824219,5.190000057220459,9.449999809265137,30.5,12.800000190734863,37.45000076293945
2024-03-06,86.59,38.0,8.010000228881836,78.9000015258789,5.400000095367432,9.609999656677246,30.450000762939453,13.279999732971191,37.59999847412109
2024-03-07,84.88,38.20000076293945,7.920000076293945,78.19999694824219,5.429999828338623,9.449999809265137,30.799999237060547,13.479999542236328,37.54999923706055
2024-03-11,83.44,38.400001525878906,7.900000095367432,78.69999694824219,6.329999923706055,9.539999961853027,30.899999618530277,13.84000015258789,37.650001525878906
2024-03-12,83.66,39.25,8.0,78.5999984741211,6.400000095367432,9.6899995803833,31.600000381469727,14.420000076293944,37.95000076293945
2024-03-13,83.95,39.45000076293945,7.960000038146973,77.9000015258789,7.039999961853027,9.520000457763672,31.25,14.420000076293944,37.900001525878906
2024-03-14,86.16,39.09999847412109,7.96999979019165,77.4000015258789,7.400000095367432,9.68000030517578,31.5,13.800000190734863,38.0
2024-03-18,86.47,39.04999923706055,7.989999771118164,76.9000015258789,7.800000190734863,9.399999618530272,31.299999237060547,14.100000381469728,38.25
2024-03-19,87.36,39.150001525878906,7.960000038146973,76.80000305175781,7.449999809265137,9.300000190734863,31.299999237060547,13.800000190734863,37.900001525878906
2024-03-20,85.77,39.20000076293945,7.980000019073486,78.80000305175781,7.619999885559082,9.350000381469728,31.600000381469727,14.0,37.70000076293945
2024-03-21,84.92,39.09999847412109,7.920000076293945,77.5999984741211,7.139999866485596,9.300000190734863,31.350000381469727,13.600000381469728,37.79999923706055
2024-03-25,86.18,39.04999923706055,7.670000076293945,77.0999984741211,6.820000171661377,9.119999885559082,30.75,13.199999809265137,37.5
2024-03-26,85.91,38.5,7.5,77.0,6.579999923706055,8.930000305175781,30.799999237060547,13.300000190734863,36.84999847412109
2024-03-27,84.94,39.0,7.550000190734863,77.0,6.880000114440918,8.84000015258789,30.850000381469727,13.15999984741211,37.0
2024-03-28,86.17,39.20000076293945,7.400000095367432,78.0999984741211,7.0,9.020000457763672,30.950000762939453,13.239999771118164,37.25
2024-04-02,87.63,42.29999923706055,7.53000020980835,83.0,7.199999809265137,9.90999984741211,34.0,14.380000114440918,39.34999847412109
2024-04-03,90.6,44.84999847412109,7.829999923706055,86.0999984741211,7.239999771118164,10.100000381469728,34.849998474121094,14.880000114440918,40.5
2024-04-04,90.32,45.5,7.690000057220459,88.4000015258789,7.309999942779541,10.0600004196167,36.04999923706055,14.84000015258789,40.54999923706055
2024-04-15,90.84,45.29999923706055,7.739999771118164,85.69999694824219,8.1899995803833,9.800000190734863,34.150001525878906,14.699999809265137,39.70000076293945
2024-04-16,91.29,42.900001525878906,7.559999942779541,82.0999984741211,8.119999885559082,9.390000343322754,32.70000076293945,14.31999969482422,38.09999847412109
2024-04-17,89.54,43.29999923706055,7.53000020980835,81.9000015258789,7.869999885559082,9.229999542236328,32.29999923706055,14.4399995803833,37.25
2024-04-18,88.34,43.400001525878906,7.690000057220459,80.9000015258789,7.809999942779541,9.31999969482422,32.29999923706055,14.460000038146973,37.45000076293945
2024-04-22,87.3,41.5,7.440000057220459,78.9000015258789,8.100000381469727,9.199999809265137,32.0,13.920000076293944,37.150001525878906
2024-04-23,88.29,41.29999923706055,7.440000057220459,79.80000305175781,8.119999885559082,9.260000228881836,32.25,14.0,37.04999923706055
2024-04-24,89.02,40.34999847412109,7.360000133514404,78.9000015258789,7.949999809265137,9.050000190734863,31.200000762939453,13.31999969482422,36.59999847412109
2024-04-25,88.1,40.79999923706055,7.349999904632568,78.80000305175781,7.739999771118164,9.020000457763672,31.200000762939453,13.359999656677246,36.70000076293945
2024-04-29,88.44,42.59999847412109,7.519999980926514,85.5,7.809999942779541,9.539999961853027,33.650001525878906,14.18000030517578,39.0
2024-04-30,88.23,42.70000076293945,7.539999961853027,84.5,8.050000190734863,9.369999885559082,34.29999923706055,14.0,38.75
2024-05-01,83.55,41.95000076293945,7.559999942779541,83.80000305175781,8.210000038146973,9.279999732971191,33.70000076293945,14.0,38.650001525878906
2024-05-02,84.81,42.5,7.519999980926514,82.5,7.769999980926514,9.25,34.099998474121094,13.84000015258789,39.150001525878906
2024-05-07,82.69,41.29999923706055,7.400000095367432,80.69999694824219,8.460000038146973,9.220000267028809,33.75,13.5,37.900001525878906
2024-05-08,82.44,41.25,7.360000133514404,81.4000015258789,8.75,9.18000030517578,33.650001525878906,13.220000267028809,38.09999847412109
2024-05-09,83.27,40.04999923706055,7.360000133514404,80.0,8.84000015258789,9.06999969482422,33.0,12.899999618530272,37.650001525878906
2024-05-13,83.18,40.20000076293945,7.349999904632568,80.80000305175781,9.56999969482422,9.010000228881836,33.04999923706055,12.899999618530272,37.900001525878906
2024-05-14,81.0,39.79999923706055,7.039999961853027,79.80000305175781,9.59000015258789,8.869999885559082,32.349998474121094,12.579999923706056,37.29999923706055
2024-05-15,79.98,40.150001525878906,7.010000228881836,79.5999984741211,9.479999542236328,8.789999961853027,31.850000381469727,12.380000114440918,37.20000076293945
2024-05-16,81.65,40.04999923706055,7.090000152587891,80.9000015258789,9.029999732971191,8.84000015258789,32.099998474121094,12.300000190734863,37.84999847412109
2024-05-20,81.91,40.34999847412109,7.0,78.0999984741211,9.520000457763672,8.600000381469727,32.0,12.199999809265137,37.09999847412109
2024-05-21,81.22,39.79999923706055,6.980000019073486,78.5,9.5,8.510000228881836,32.20000076293945,12.140000343322754,37.29999923706055
2024-05-22,79.9,39.29999923706055,6.929999828338623,78.0,9.25,8.5,31.549999237060547,12.0600004196167,37.04999923706055
2024-05-23,79.25,39.25,6.96999979019165,76.80000305175781,9.050000190734863,8.460000038146973,31.549999237060547,12.140000343322754,37.09999847412109
2024-05-28,81.34,39.25,6.880000114440918,75.0999984741211,8.609999656677246,7.940000057220459,30.399999618530277,11.399999618530272,35.900001525878906
2024-05-29,81.5,39.900001525878906,6.900000095367432,75.5,8.949999809265137,8.0,30.100000381469727,11.760000228881836,36.54999923706055
2024-05-30,81.42,39.900001525878906,6.900000095367432,75.5,8.949999809265137,8.0,30.100000381469727,11.760000228881836,36.54999923706055
2024-06-03,76.45,40.400001525878906,6.880000114440918,77.69999694824219,9.720000267028809,8.470000267028809,30.25,11.81999969482422,37.5
2024-06-04,75.33,40.150001525878906,6.820000171661377,76.0,9.5,8.149999618530273,29.850000381469727,11.4399995803833,36.95000076293945
2024-06-05,75.41,39.5,6.820000171661377,75.0999984741211,9.350000381469728,8.149999618530273,29.549999237060547,11.34000015258789,36.650001525878906
2024-06-06,77.62,39.20000076293945,6.78000020980835,74.5,9.550000190734863,8.09000015258789,29.600000381469727,11.34000015258789,36.09999847412109
2024-06-10,79.59,39.04999923706055,6.920000076293945,76.19999694824219,10.199999809265137,8.289999961853027,30.649999618530277,11.539999961853027,37.09999847412109
2024-06-11,80.15,38.79999923706055,6.889999866485596,75.30000305175781,11.079999923706056,8.239999771118164,30.450000762939453,11.880000114440918,37.150001525878906
2024-06-12,80.52,38.34999847412109,6.809999942779541,74.0,10.979999542236328,8.09000015258789,30.299999237060547,11.520000457763672,36.70000076293945
2024-06-13,81.44,38.09999847412109,6.78000020980835,73.5,11.020000457763672,8.010000228881836,29.200000762939453,11.460000038146973,36.34999847412109
2024-06-24,86.75,37.84999847412109,6.599999904632568,74.5,10.619999885559082,8.100000381469727,29.100000381469727,11.4399995803833,36.84999847412109
2024-06-25,86.81,38.0,6.619999885559082,74.0999984741211,10.9399995803833,8.0600004196167,29.350000381469727,11.4399995803833,36.95000076293945
2024-06-26,85.76,38.29999923706055,6.679999828338623,73.5999984741211,11.020000457763672,8.079999923706055,29.0,11.380000114440918,36.54999923706055
2024-06-27,87.0,38.54999923706055,6.730000019073486,73.5,11.279999732971191,8.109999656677246,29.200000762939453,11.420000076293944,36.650001525878906
2024-07-01,86.57,38.70000076293945,6.730000019073486,74.0,11.0,8.050000190734863,28.850000381469727,11.359999656677246,37.09999847412109
2024-07-02,88.28,38.95000076293945,6.699999809265137,74.0,10.84000015258789,8.069999694824219,29.049999237060547,11.380000114440918,37.70000076293945
2024-07-03,88.25,39.04999923706055,6.650000095367432,74.0999984741211,11.0,8.020000457763672,29.0,11.34000015258789,37.900001525878906
2024-07-04,88.34,39.09999847412109,6.630000114440918,74.0,10.9399995803833,7.96999979019165,28.850000381469727,11.300000190734863,37.84999847412109
2024-07-08,87.15,39.25,6.630000114440918,74.69999694824219,10.979999542236328,7.929999828338623,28.25,11.34000015258789,39.29999923706055
2024-07-09,86.48,39.20000076293945,6.590000152587891,73.80000305175781,10.899999618530272,7.949999809265137,27.799999237060547,11.31999969482422,39.20000076293945
2024-07-10,86.55,39.04999923706055,6.590000152587891,74.0,11.15999984741211,8.0,28.100000381469727,11.399999618530272,39.20000076293945
2024-07-11,86.49,39.04999923706055,6.579999923706055,75.0,11.020000457763672,7.960000038146973,28.200000762939453,11.31999969482422,38.95000076293945
2024-07-15,86.42,40.0,6.699999809265137,77.5,10.779999732971191,8.199999809265137,29.399999618530277,11.600000381469728,39.900001525878906
2024-07-16,86.6,40.0,6.710000038146973,78.0999984741211,11.100000381469728,8.1899995803833,29.100000381469727,11.640000343322754,40.0
2024-07-17,85.76,39.95000076293945,6.760000228881836,78.80000305175781,11.100000381469728,8.220000267028809,29.299999237060547,11.520000457763672,39.900001525878906
2024-07-18,86.26,41.04999923706055,6.78000020980835,79.0999984741211,11.140000343322754,8.369999885559082,29.299999237060547,11.579999923706056,40.34999847412109
2024-07-22,83.44,40.70000076293945,7.130000114440918,78.5,11.5,8.489999771118164,28.75,11.380000114440918,39.75
2024-07-23,82.2,40.900001525878906,7.03000020980835,77.80000305175781,11.199999809265137,8.380000114440918,28.399999618530277,11.300000190734863,39.84999847412109
2024-07-24,83.01,39.84999847412109,7.269999980926514,78.0,11.34000015258789,8.369999885559082,28.399999618530277,11.140000343322754,39.400001525878906
2024-07-25,82.58,39.5,7.110000133514404,77.80000305175781,11.279999732971191,8.180000305175781,28.450000762939453,11.15999984741211,39.54999923706055
2024-07-29,80.94,40.79999923706055,7.150000095367432,79.0,11.020000457763672,8.399999618530273,28.850000381469727,11.300000190734863,41.0
2024-07-30,79.26,40.20000076293945,7.199999809265137,78.69999694824219,11.039999961853027,8.260000228881836,28.700000762939453,11.220000267028809,40.5
2024-07-31,81.39,40.0,7.059999942779541,78.80000305175781,11.300000190734863,8.149999618530273,28.549999237060547,11.119999885559082,40.45000076293945
2024-08-01,81.37,39.95000076293945,7.409999847412109,79.4000015258789,11.079999923706056,8.15999984741211,28.450000762939453,11.100000381469728,39.84999847412109
2024-08-05,77.51,37.70000076293945,6.96999979019165,74.9000015258789,10.31999969482422,7.909999847412109,27.549999237060547,10.699999809265137,37.5
2024-08-06,76.62,38.45000076293945,7.400000095367432,75.69999694824219,10.399999618530272,8.300000190734863,27.850000381469727,10.920000076293944,38.0
2024-08-07,78.26,38.45000076293945,8.140000343322754,76.0999984741211,10.800000190734863,8.600000381469727,28.25,11.420000076293944,38.84999847412109
2024-08-08,80.76,38.20000076293945,8.329999923706055,75.0,10.420000076293944,8.390000343322754,27.700000762939453,11.15999984741211,38.45000076293945
2024-08-12,83.06,38.70000076293945,8.100000381469727,75.4000015258789,10.399999618530272,8.3100004196167,27.799999237060547,10.9399995803833,38.70000076293945
2024-08-13,82.51,38.95000076293945,8.0,75.30000305175781,10.699999809265137,8.09000015258789,27.700000762939453,10.979999542236328,38.75
2024-08-14,82.15,38.79999923706055,7.880000114440918,74.5,11.140000343322754,8.100000381469727,27.600000381469727,11.119999885559082,38.70000076293945
2024-08-15,83.09,38.29999923706055,7.900000095367432,74.5999984741211,11.199999809265137,8.109999656677246,27.600000381469727,11.140000343322754,38.45000076293945
2024-08-19,81.09,38.400001525878906,8.039999961853027,74.19999694824219,11.779999732971191,8.630000114440918,28.100000381469727,11.279999732971191,39.0
2024-08-20,78.85,38.20000076293945,8.0600004196167,74.4000015258789,11.880000114440918,8.520000457763672,28.149999618530277,11.359999656677246,38.900001525878906
2024-08-21,78.77,38.54999923706055,8.010000228881836,74.5,11.720000267028809,8.539999961853027,28.549999237060547,11.380000114440918,39.09999847412109
2024-08-22,78.8,38.59999847412109,7.989999771118164,74.5999984741211,11.800000190734863,8.550000190734863,28.399999618530277,11.4399995803833,39.650001525878906
2024-08-27,81.51,38.29999923706055,7.920000076293945,75.5,12.0,8.600000381469727,29.0,11.5600004196167,39.59999847412109
2024-08-28,80.04,38.150001525878906,7.900000095367432,75.80000305175781,11.880000114440918,8.539999961853027,28.950000762939453,11.399999618530272,39.59999847412109
2024-08-29,81.55,37.84999847412109,8.199999809265137,74.80000305175781,11.84000015258789,8.609999656677246,28.850000381469727,11.239999771118164,40.20000076293945
2024-09-02,77.82,38.09999847412109,8.180000305175781,75.5,11.920000076293944,8.479999542236328,29.200000762939453,11.279999732971191,40.400001525878906
2024-09-03,76.46,37.900001525878906,8.239999771118164,75.69999694824219,12.0600004196167,8.40999984741211,29.0,11.15999984741211,40.25
2024-09-04,74.67,37.5,8.119999885559082,74.0999984741211,12.020000457763672,8.220000267028809,28.75,11.0,39.59999847412109
2024-09-05,74.47,37.25,8.069999694824219,73.80000305175781,11.81999969482422,8.0600004196167,28.649999618530277,10.9399995803833,39.84999847412109
2024-09-09,72.37,37.650001525878906,8.109999656677246,73.69999694824219,11.600000381469728,8.039999961853027,28.549999237060547,10.979999542236328,40.0
2024-09-10,70.34,37.59999847412109,8.109999656677246,73.80000305175781,11.460000038146973,8.020000457763672,28.600000381469727,11.0,40.09999847412109
2024-09-11,70.31,37.0,8.109999656677246,72.30000305175781,11.220000267028809,8.0,27.600000381469727,10.84000015258789,39.34999847412109
2024-09-12,73.81,37.20000076293945,8.170000076293945,72.5999984741211,11.199999809265137,7.909999847412109,27.75,11.0,39.79999923706055
2024-09-16,73.96,37.45000076293945,8.119999885559082,72.4000015258789,11.020000457763672,7.909999847412109,27.450000762939453,10.84000015258789,39.150001525878906
2024-09-17,74.55,37.25,8.09000015258789,72.69999694824219,11.300000190734863,7.869999885559082,27.100000381469727,10.81999969482422,39.59999847412109
2024-09-18,74.52,37.5,8.140000343322754,72.9000015258789,11.18000030517578,7.880000114440918,27.299999237060547,10.81999969482422,40.0
2024-09-19,75.93,37.400001525878906,8.119999885559082,73.0999984741211,11.380000114440918,7.840000152587891,27.899999618530277,10.960000038146973,40.650001525878906
2024-09-24,75.29,39.0,8.170000076293945,75.69999694824219,12.039999961853027,8.229999542236328,29.149999618530277,11.31999969482422,42.25
2024-09-25,75.4,38.400001525878906,8.170000076293945,75.4000015258789,11.920000076293944,8.289999961853027,29.399999618530277,11.34000015258789,42.34999847412109
2024-09-26,73.06,38.25,8.130000114440918,74.9000015258789,11.859999656677246,8.199999809265137,29.049999237060547,11.239999771118164,42.0
2024-09-30,72.35,38.79999923706055,8.210000038146973,74.9000015258789,11.460000038146973,8.399999618530273,29.350000381469727,11.300000190734863,42.70000076293945
2024-10-01,75.3,38.20000076293945,8.069999694824219,76.0999984741211,11.600000381469728,8.260000228881836,29.25,11.18000030517578,42.70000076293945
2024-10-02,74.86,38.20000076293945,8.069999694824219,76.0999984741211,11.600000381469728,8.260000228881836,29.25,11.18000030517578,42.70000076293945
2024-10-03,77.57,38.34999847412109,7.989999771118164,74.0999984741211,11.18000030517578,8.010000228881836,28.700000762939453,10.920000076293944,42.150001525878906
2024-10-07,81.74,36.900001525878906,7.860000133514404,72.80000305175781,10.960000038146973,7.849999904632568,28.0,10.619999885559082,41.04999923706055
2024-10-08,78.19,36.900001525878906,7.880000114440918,73.9000015258789,11.100000381469728,7.900000095367432,27.950000762939453,10.779999732971191,42.0
2024-10-09,77.06,37.0,7.849999904632568,73.0999984741211,10.9399995803833,7.900000095367432,27.850000381469727,10.699999809265137,42.20000076293945
2024-10-10,79.45,36.70000076293945,8.15999984741211,73.19999694824219,11.31999969482422,8.130000114440918,27.75,10.720000267028809,41.54999923706055
2024-10-14,78.47,36.29999923706055,8.34000015258789,72.9000015258789,11.600000381469728,8.079999923706055,27.850000381469727,10.640000343322754,41.0
2024-10-15,73.68,36.54999923706055,8.6899995803833,73.0,11.600000381469728,8.170000076293945,27.700000762939453,10.760000228881836,41.0
2024-10-16,73.65,36.400001525878906,8.550000190734863,72.80000305175781,11.899999618530272,8.119999885559082,27.649999618530277,10.720000267028809,41.54999923706055
2024-10-17,74.37,36.0,8.550000190734863,72.5,11.619999885559082,8.09000015258789,27.600000381469727,10.68000030517578,41.20000076293945
2024-10-21,73.29,36.29999923706055,8.329999923706055,73.0999984741211,11.720000267028809,7.96999979019165,27.5,10.619999885559082,41.04999923706055
2024-10-22,75.59,36.0,8.130000114440918,72.4000015258789,11.600000381469728,7.920000076293945,26.950000762939453,10.479999542236328,40.45000076293945
2024-10-23,74.68,36.20000076293945,8.270000457763672,72.4000015258789,11.5,7.849999904632568,27.25,10.4399995803833,41.25
2024-10-24,74.27,36.34999847412109,8.140000343322754,72.5999984741211,11.34000015258789,7.760000228881836,27.0,10.5,40.70000076293945
2024-10-28,71.87,36.25,8.199999809265137,73.0,11.420000076293944,7.849999904632568,27.049999237060547,10.760000228881836,40.150001525878906
2024-10-29,71.09,36.20000076293945,8.229999542236328,73.5999984741211,11.15999984741211,7.860000133514404,26.899999618530277,10.760000228881836,40.09999847412109
2024-10-30,73.21,36.20000076293945,8.239999771118164,72.9000015258789,11.260000228881836,7.820000171661377,26.399999618530277,10.739999771118164,40.09999847412109
2024-10-31,73.25,36.34999847412109,8.15999984741211,72.69999694824219,11.640000343322754,7.78000020980835,26.299999237060547,10.68000030517578,39.79999923706055
2024-11-04,74.89,35.95000076293945,8.489999771118164,72.5,11.300000190734863,7.739999771118164,26.149999618530277,10.68000030517578,39.79999923706055
2024-11-05,76.98,36.0,8.270000457763672,72.5,11.220000267028809,7.739999771118164,26.350000381469727,10.720000267028809,39.650001525878906
2024-11-06,76.52,35.79999923706055,8.5,72.5,11.220000267028809,7.769999980926514,26.450000762939453,10.800000190734863,39.79999923706055
2024-11-07,75.73,35.900001525878906,8.369999885559082,72.30000305175781,11.0,7.769999980926514,26.350000381469727,10.920000076293944,39.900001525878906
2024-11-11,72.19,35.849998474121094,8.1899995803833,71.80000305175781,10.960000038146973,7.670000076293945,26.200000762939453,10.84000015258789,39.59999847412109
2024-11-12,72.56,35.95000076293945,8.130000114440918,71.30000305175781,10.760000228881836,7.550000190734863,25.950000762939453,10.84000015258789,39.5
2024-11-13,72.86,35.54999923706055,8.15999984741211,70.5,10.520000457763672,7.559999942779541,26.049999237060547,10.65999984741211,40.04999923706055
2024-11-14,73.39,35.25,8.100000381469727,69.80000305175781,10.0,7.380000114440918,26.200000762939453,10.579999923706056,39.95000076293945
2024-11-18,74.35,34.900001525878906,8.420000076293945,69.69999694824219,10.0600004196167,7.349999904632568,25.450000762939453,10.640000343322754,39.79999923706055
2024-11-19,74.32,35.25,8.479999542236328,70.0,10.0,7.320000171661377,25.350000381469727,10.579999923706056,39.0
2024-11-20,74.33,34.95000076293945,8.470000267028809,69.9000015258789,9.710000038146973,7.230000019073486,25.0,10.479999542236328,38.75
2024-11-21,75.09,34.599998474121094,8.399999618530273,69.69999694824219,10.239999771118164,7.110000133514404,24.5,10.399999618530272,37.84999847412109
2024-11-25,74.27,34.099998474121094,8.399999618530273,69.0,9.600000381469728,6.880000114440918,24.200000762939453,10.260000228881836,37.45000076293945
2024-11-26,74.56,34.099998474121094,8.40999984741211,68.5999984741211,9.4399995803833,6.920000076293945,24.100000381469727,10.239999771118164,37.45000076293945
2024-11-27,73.91,34.099998474121094,8.329999923706055,68.0,9.100000381469728,6.949999809265137,24.280000686645508,10.279999732971191,37.09999847412109
2024-11-28,73.92,33.95000076293945,8.239999771118164,68.9000015258789,9.18000030517578,6.949999809265137,24.280000686645508,10.34000015258789,37.29999923706055
2024-12-02,72.81,33.29999923706055,8.109999656677246,68.19999694824219,9.539999961853027,6.820000171661377,24.799999237060547,10.31999969482422,37.54999923706055
2024-12-03,74.8,33.5,8.100000381469727,68.4000015258789,9.699999809265137,6.900000095367432,24.420000076293945,10.300000190734863,37.54999923706055
2024-12-04,74.68,33.29999923706055,8.100000381469727,68.69999694824219,9.59000015258789,6.869999885559082,24.780000686645508,10.300000190734863,37.5
2024-12-05,73.78,33.400001525878906,8.109999656677246,68.5,9.800000190734863,6.960000038146973,24.700000762939453,10.420000076293944,37.95000076293945
2024-12-09,73.73,33.650001525878906,8.119999885559082,70.0999984741211,10.199999809265137,7.0,24.899999618530277,10.420000076293944,37.900001525878906
2024-12-10,73.64,33.650001525878906,8.15999984741211,70.0999984741211,10.34000015258789,6.980000019073486,25.350000381469727,10.4399995803833,38.45000076293945
2024-12-11,74.38,33.400001525878906,8.399999618530273,69.5,10.380000114440918,7.019999980926514,25.0,10.460000038146973,38.34999847412109
2024-12-12,73.52,33.099998474121094,8.25,68.69999694824219,10.300000190734863,6.949999809265137,24.899999618530277,10.300000190734863,37.84999847412109
2024-12-16,74.3,33.20000076293945,8.300000190734863,68.80000305175781,9.93000030517578,6.909999847412109,25.0,10.279999732971191,37.75
2024-12-17,73.16,32.75,8.149999618530273,67.80000305175781,9.630000114440918,6.840000152587891,24.780000686645508,10.220000267028809,37.5
2024-12-18,74.57,32.599998474121094,8.199999809265137,67.4000015258789,9.550000190734863,6.849999904632568,24.520000457763672,10.279999732971191,37.0
2024-12-19,73.75,32.20000076293945,8.15999984741211,66.5,9.380000114440918,6.800000190734863,24.1200008392334,10.15999984741211,37.29999923706055
2024-12-23,72.12,32.20000076293945,8.199999809265137,67.0999984741211,9.229999542236328,6.96999979019165,24.18000030517578,10.15999984741211,37.25
2024-12-24,73.5,32.45000076293945,8.140000343322754,67.0999984741211,9.65999984741211,6.980000019073486,24.059999465942383,10.079999923706056,37.25
2024-12-30,74.24,32.0,8.15999984741211,66.9000015258789,9.470000267028809,6.900000095367432,24.559999465942383,10.119999885559082,37.900001525878906
2024-12-31,74.58,32.099998474121094,8.260000228881836,67.0,9.270000457763672,7.019999980926514,24.8799991607666,10.15999984741211,37.79999923706055
2025-01-02,76.14,32.0,8.239999771118164,66.9000015258789,9.40999984741211,6.869999885559082,24.059999465942383,10.020000457763672,36.95000076293945
2025-01-06,77.27,31.0,8.199999809265137,66.4000015258789,9.220000267028809,6.800000190734863,23.31999969482422,10.0,36.84999847412109
2025-01-07,77.84,31.100000381469727,8.210000038146973,67.0999984741211,9.220000267028809,6.739999771118164,22.979999542236328,9.970000267028809,36.79999923706055
2025-01-08,77.37,30.950000762939453,8.180000305175781,66.5,9.3100004196167,6.730000019073486,22.780000686645508,9.9399995803833,36.75
2025-01-09,78.44,30.950000762939453,8.180000305175781,66.5,9.3100004196167,6.730000019073486,22.780000686645508,9.9399995803833,36.75
2025-01-13,82.69,31.25,8.180000305175781,67.0,9.479999542236328,6.829999923706055,22.959999084472656,10.020000457763672,37.400001525878906
2025-01-14,82.39,31.450000762939453,8.180000305175781,66.80000305175781,9.600000381469728,6.809999942779541,23.399999618530277,9.949999809265137,37.54999923706055
2025-01-15,83.48,31.100000381469727,8.199999809265137,67.0999984741211,9.6899995803833,6.840000152587891,23.459999084472656,9.890000343322754,37.20000076293945
2025-01-16,82.39,31.299999237060547,8.180000305175781,67.5999984741211,9.699999809265137,6.869999885559082,23.6200008392334,9.93000030517578,37.5
2025-01-20,81.68,31.25,8.199999809265137,68.69999694824219,9.949999809265137,6.900000095367432,23.65999984741211,10.140000343322754,37.900001525878906
2025-01-21,80.57,31.149999618530277,8.180000305175781,68.0999984741211,9.789999961853027,6.809999942779541,23.739999771118164,10.140000343322754,37.79999923706055
2025-01-22,80.0,31.149999618530277,8.180000305175781,66.80000305175781,10.039999961853027,6.75,23.600000381469727,10.140000343322754,37.45000076293945
2025-01-23,78.62,31.950000762939453,8.1899995803833,67.80000305175781,10.140000343322754,6.869999885559082,23.86000061035156,10.140000343322754,37.650001525878906
2025-01-27,77.3,31.600000381469727,8.140000343322754,67.5999984741211,10.5600004196167,6.889999866485596,23.739999771118164,10.140000343322754,37.70000076293945
2025-01-28,78.01,31.600000381469727,8.140000343322754,67.5999984741211,10.5600004196167,6.889999866485596,23.739999771118164,10.140000343322754,37.70000076293945
2025-01-29,77.02,31.25,8.25,67.19999694824219,10.5600004196167,6.809999942779541,23.18000030517578,10.119999885559082,37.650001525878906
2025-01-30,77.42,31.399999618530277,8.180000305175781,67.0,10.34000015258789,6.820000171661377,23.299999237060547,10.220000267028809,37.5
2025-02-03,76.49,31.299999237060547,8.15999984741211,67.0999984741211,10.0600004196167,6.75,23.13999938964844,10.239999771118164,37.150001525878906
2025-02-04,76.58,31.350000381469727,8.170000076293945,67.0999984741211,10.119999885559082,6.739999771118164,23.200000762939453,10.31999969482422,37.5
2025-02-05,74.71,31.149999618530277,8.119999885559082,67.30000305175781,10.460000038146973,6.699999809265137,23.13999938964844,10.260000228881836,37.29999923706055
2025-02-06,74.54,30.950000762939453,8.09000015258789,67.9000015258789,10.4399995803833,6.739999771118164,23.100000381469727,10.279999732971191,37.34999847412109
2025-02-10,76.23,30.850000381469727,8.0,67.80000305175781,10.420000076293944,6.699999809265137,23.15999984741211,10.199999809265137,37.04999923706055
2025-02-11,77.65,31.0,7.929999828338623,67.80000305175781,10.4399995803833,6.679999828338623,23.1200008392334,10.0600004196167,37.20000076293945
2025-02-12,75.38,30.700000762939453,7.860000133514404,66.5999984741211,10.220000267028809,6.619999885559082,22.8799991607666,10.079999923706056,37.150001525878906
2025-02-13,75.61,30.600000381469727,7.829999923706055,66.5,10.100000381469728,6.619999885559082,22.76000022888184,10.119999885559082,37.09999847412109
2025-02-17,75.81,29.950000762939453,7.840000152587891,66.19999694824219,9.9399995803833,6.510000228881836,22.479999542236328,10.020000457763672,37.04999923706055
2025-02-18,76.46,30.200000762939453,7.820000171661377,65.69999694824219,9.75,6.53000020980835,22.440000534057617,10.020000457763672,37.04999923706055
2025-02-19,76.34,30.200000762939453,7.820000171661377,65.69999694824219,9.75,6.53000020980835,22.440000534057617,10.020000457763672,37.04999923706055
2025-02-20,76.95,29.899999618530277,7.679999828338623,65.5999984741211,9.619999885559082,6.449999809265137,22.1200008392334,9.899999618530272,37.400001525878906
2025-02-24,74.89,28.450000762939453,7.539999961853027,65.0,9.510000228881836,6.360000133514404,22.200000762939453,9.619999885559082,37.45000076293945
2025-02-25,73.11,28.399999618530277,7.5,65.4000015258789,9.600000381469728,6.269999980926514,21.86000061035156,9.619999885559082,36.79999923706055
2025-02-26,73.49,27.700000762939453,7.510000228881836,64.0,9.550000190734863,6.090000152587891,21.479999542236328,9.510000228881836,35.25
2025-02-27,75.01,26.799999237060547,7.519999980926514,62.0,9.260000228881836,6.079999923706055,21.3799991607666,9.300000190734863,34.95000076293945
2025-03-03,72.85,26.0,7.260000228881836,62.59999847412109,8.829999923706055,5.909999847412109,21.5,9.279999732971191,34.25
2025-03-04,72.31,26.75,7.099999904632568,62.0,8.529999732971191,5.78000020980835,21.31999969482422,9.210000038146973,33.599998474121094
2025-03-05,70.92,27.75,6.96999979019165,61.79999923706055,8.600000381469727,5.78000020980835,21.26000022888184,9.100000381469728,34.04999923706055
2025-03-06,71.08,28.049999237060547,7.010000228881836,62.5,8.529999732971191,5.880000114440918,21.3799991607666,9.020000457763672,33.900001525878906
2025-03-10,71.08,28.649999618530277,6.889999866485596,62.59999847412109,8.15999984741211,5.920000076293945,21.15999984741211,9.050000190734863,34.45000076293945
2025-03-11,71.51,28.5,6.949999809265137,62.900001525878906,7.980000019073486,6.03000020980835,21.15999984741211,8.979999542236328,34.29999923706055
2025-03-12,72.36,29.5,6.929999828338623,63.29999923706055,7.980000019073486,5.949999809265137,21.13999938964844,9.149999618530272,33.75
2025-03-13,70.82,29.350000381469727,6.889999866485596,63.29999923706055,8.449999809265137,5.929999828338623,20.700000762939453,9.140000343322754,33.599998474121094
2025-03-17,71.93,30.299999237060547,7.039999961853027,64.69999694824219,8.779999732971191,6.059999942779541,21.84000015258789,9.34000015258789,34.45000076293945
2025-03-18,71.93,29.399999618530277,6.960000038146973,63.5,8.529999732971191,5.909999847412109,21.399999618530277,9.350000381469728,33.5
2025-03-19,71.94,29.5,6.989999771118164,62.5,8.550000190734863,5.889999866485596,20.76000022888184,9.34000015258789,33.04999923706055
2025-03-20,72.61,29.5,6.989999771118164,62.5,8.550000190734863,5.889999866485596,20.76000022888184,9.34000015258789,33.04999923706055
2025-03-24,73.96,29.950000762939453,7.840000152587891,63.20000076293945,8.59000015258789,6.0,20.399999618530277,9.229999542236328,33.29999923706055
2025-03-25,73.78,30.200000762939453,7.659999847412109,63.09999847412109,8.319999694824219,6.0,20.26000022888184,9.229999542236328,33.29999923706055
2025-03-26,74.6,30.450000762939453,7.679999828338623,64.0,8.710000038146973,6.019999980926514,20.520000457763672,9.300000190734863,33.95000076293945
2025-03-27,74.72,30.850000381469727,7.860000133514404,63.70000076293945,8.649999618530273,6.119999885559082,20.799999237060547,9.359999656677246,34.70000076293945
2025-04-03,72.54,29.899999618530277,7.690000057220459,62.900001525878906,8.600000381469727,6.110000133514404,20.600000381469727,9.199999809265137,33.75
2025-04-07,66.13,28.700000762939453,7.25,59.59999847412109,7.559999942779541,5.820000171661377,19.299999237060547,8.800000190734863,31.149999618530277
2025-04-08,64.86,28.600000381469727,7.170000076293945,60.59999847412109,7.75,5.840000152587891,19.299999237060547,8.869999885559082,31.600000381469727
2025-04-09,67.3,28.899999618530277,7.0,60.09999847412109,7.510000228881836,5.789999961853027,18.920000076293945,8.760000228881836,31.899999618530277
2025-04-10,65.37,28.899999618530277,7.0,60.09999847412109,7.510000228881836,5.789999961853027,18.920000076293945,8.760000228881836,31.899999618530277
2025-04-14,67.18,30.75,7.210000038146973,61.29999923706055,8.779999732971191,6.099999904632568,19.86000061035156,9.09000015258789,33.79999923706055
2025-04-15,66.58,30.899999618530277,7.25,61.29999923706055,8.789999961853027,6.059999942779541,19.540000915527344,9.0,33.79999923706055
2025-04-16,67.94,30.649999618530277,7.25,61.70000076293945,8.779999732971191,6.079999923706055,19.520000457763672,9.050000190734863,33.45000076293945
2025-04-17,69.33,30.649999618530277,7.25,61.70000076293945,8.779999732971191,6.079999923706055,19.520000457763672,9.050000190734863,33.45000076293945
2025-04-22,68.93,29.450000762939453,7.099999904632568,60.79999923706055,8.399999618530273,5.849999904632568,18.940000534057617,9.279999732971191,32.95000076293945
2025-04-23,68.26,30.149999618530277,7.139999866485596,61.20000076293945,8.520000457763672,5.909999847412109,19.100000381469727,9.399999618530272,33.20000076293945
2025-04-24,67.5,31.100000381469727,7.199999809265137,62.0,8.520000457763672,6.079999923706055,19.899999618530277,9.75,33.95000076293945
2025-04-28,66.13,30.600000381469727,7.269999980926514,61.70000076293945,8.479999542236328,6.0,19.5,9.5,32.5
2025-04-29,64.04,30.100000381469727,7.170000076293945,61.400001525878906,8.520000457763672,5.829999923706055,19.100000381469727,9.390000343322754,32.099998474121094
2025-04-30,63.37,30.149999618530277,7.119999885559082,61.0,8.449999809265137,5.769999980926514,19.0,9.239999771118164,31.950000762939453
2025-05-01,62.37,30.0,7.099999904632568,61.29999923706055,8.260000228881836,5.769999980926514,18.780000686645508,9.279999732971191,31.75
2025-05-06,62.37,31.299999237060547,6.909999847412109,60.0,8.300000190734863,5.559999942779541,18.200000762939453,9.510000228881836,31.149999618530277
2025-05-07,60.31,30.950000762939453,6.880000114440918,59.20000076293945,8.710000038146973,5.449999809265137,18.200000762939453,9.479999542236328,31.299999237060547
2025-05-08,62.22,30.549999237060547,6.840000152587891,58.79999923706055,8.970000267028809,5.409999847412109,18.020000457763672,9.3100004196167,30.649999618530277
2025-05-12,65.28,31.25,6.96999979019165,60.5,8.300000190734863,5.539999961853027,19.100000381469727,9.720000267028809,31.200000762939453
2025-05-13,66.93,31.100000381469727,6.949999809265137,60.79999923706055,8.180000305175781,5.53000020980835,19.280000686645508,9.59000015258789,30.950000762939453
2025-05-14,65.91,31.100000381469727,7.010000228881836,60.5,8.149999618530273,5.570000171661377,19.63999938964844,9.619999885559082,31.0
2025-05-15,64.36,30.450000762939453,6.989999771118164,60.29999923706055,8.069999694824219,5.460000038146973,19.13999938964844,9.600000381469728,30.850000381469727
2025-05-19,66.25,29.799999237060547,6.789999961853027,59.29999923706055,8.09000015258789,5.289999961853027,19.1200008392334,9.420000076293944,30.649999618530277
2025-05-20,66.93,30.399999618530277,6.760000228881836,59.09999847412109,8.079999923706055,5.25,19.1200008392334,9.329999923706056,30.450000762939453
2025-05-21,65.86,30.350000381469727,6.849999904632568,58.5,8.029999732971191,5.130000114440918,18.799999237060547,9.1899995803833,30.049999237060547
2025-05-22,64.87,29.399999618530277,6.869999885559082,58.79999923706055,7.78000020980835,5.099999904632568,19.0,9.050000190734863,30.0
2025-05-27,64.32,29.299999237060547,6.650000095367432,56.400001525878906,7.309999942779541,5.050000190734863,18.799999237060547,9.109999656677246,29.450000762939453
2025-05-28,65.72,29.600000381469727,6.760000228881836,56.59999847412109,7.570000171661377,5.070000171661377,18.959999084472656,9.119999885559082,29.549999237060547
2025-05-29,64.6,30.0,6.829999923706055,55.70000076293945,7.800000190734863,5.03000020980835,18.899999618530277,9.140000343322754,29.799999237060547
2025-06-02,66.55,29.5,6.739999771118164,55.29999923706055,7.789999961853027,4.989999771118164,18.739999771118164,9.15999984741211,29.649999618530277
2025-06-03,67.48,29.5,6.730000019073486,54.900001525878906,7.559999942779541,4.949999809265137,18.520000457763672,9.1899995803833,30.100000381469727
2025-06-04,66.69,29.200000762939453,6.789999961853027,55.20000076293945,7.559999942779541,4.940000057220459,18.979999542236328,9.260000228881836,29.700000762939453
2025-06-11,71.29,29.5,7.0,55.400001525878906,7.53000020980835,4.960000038146973,18.600000381469727,9.25,29.5
2025-06-12,70.84,28.600000381469727,6.889999866485596,55.59999847412109,7.070000171661377,4.769999980926514,18.36000061035156,9.0600004196167,29.149999618530277
2025-06-16,75.05,28.899999618530277,6.920000076293945,55.79999923706055,7.179999828338623,4.739999771118164,18.920000076293945,9.34000015258789,29.5
2025-06-17,78.7,27.75,6.699999809265137,55.400001525878906,6.900000095367432,4.639999866485596,18.86000061035156,9.289999961853027,29.100000381469727
2025-06-18,78.38,28.100000381469727,6.730000019073486,55.29999923706055,6.579999923706055,4.53000020980835,18.739999771118164,9.029999732971191,28.799999237060547
2025-06-19,80.37,27.799999237060547,6.679999828338623,54.20000076293945,6.489999771118164,4.53000020980835,18.700000762939453,9.0600004196167,29.5
2025-06-23,74.34,29.149999618530277,6.699999809265137,54.900001525878906,6.400000095367432,4.510000228881836,19.059999465942383,9.140000343322754,28.899999618530277
2025-06-24,69.13,30.200000762939453,6.849999904632568,54.79999923706055,6.71999979019165,4.579999923706055,19.07999992370605,9.239999771118164,29.350000381469727
2025-06-25,68.4,30.600000381469727,6.849999904632568,54.5,6.920000076293945,4.610000133514404,18.8799991607666,9.31999969482422,29.549999237060547
2025-06-26,68.57,31.0,7.179999828338623,54.900001525878906,6.849999904632568,4.829999923706055,19.68000030517578,9.579999923706056,29.899999618530277
2025-06-30,68.15,30.979999542236328,7.21999979019165,54.650001525878906,7.099999904632568,5.170000076293945,19.81999969482422,9.600000381469728,30.200000762939453
2025-07-01,67.63,30.799999237060547,7.940000057220459,55.09999847412109,7.130000114440918,5.320000171661377,19.8799991607666,9.699999809265137,30.299999237060547
2025-07-02,70.8,30.299999237060547,8.010000228881836,56.0,7.400000095367432,5.239999771118164,19.780000686645508,9.899999618530272,30.18000030517578
2025-07-03,70.42,30.5,7.940000057220459,56.75,7.260000228881836,5.25,19.86000061035156,9.880000114440918,30.600000381469727
2025-07-07,71.95,30.86000061035156,7.730000019073486,55.75,7.239999771118164,5.070000171661377,19.59000015258789,9.75,30.21999931335449
2025-07-08,72.5,30.31999969482422,7.619999885559082,56.09999847412109,7.050000190734863,5.019999980926514,19.38999938964844,9.699999809265137,30.059999465942383
2025-07-09,71.98,30.700000762939453,7.599999904632568,56.0,7.21999979019165,4.929999828338623,19.270000457763672,9.859999656677246,30.040000915527344
2025-07-10,70.38,30.959999084472656,7.599999904632568,55.75,7.369999885559082,4.989999771118164,19.170000076293945,9.8100004196167,29.940000534057617
2025-07-14,70.96,31.479999542236328,7.460000038146973,55.34999847412109,7.610000133514404,4.800000190734863,19.239999771118164,9.720000267028809,29.63999938964844
2025-07-15,70.27,32.47999954223633,7.449999809265137,55.400001525878906,7.5,4.789999961853027,19.049999237060547,9.640000343322754,29.700000762939453
2025-07-16,69.67,32.5,7.360000133514404,55.09999847412109,7.460000038146973,4.710000038146973,18.989999771118164,9.609999656677246,29.399999618530277
2025-07-17,71.32,32.5,7.360000133514404,55.09999847412109,7.460000038146973,4.710000038146973,18.989999771118164,9.609999656677246,29.399999618530277
2025-07-21,71.92,33.5,7.210000038146973,54.59999847412109,7.340000152587891,4.599999904632568,17.899999618530273,9.40999984741211,29.059999465942383
2025-07-22,69.69,32.599998474121094,7.050000190734863,53.5,7.059999942779541,4.519999980926514,17.790000915527344,9.239999771118164,28.600000381469727
2025-07-23,69.17,33.0,7.159999847412109,54.0,7.269999980926514,4.579999923706055,17.920000076293945,9.300000190734863,28.68000030517578
2025-07-24,70.42,31.899999618530277,7.360000133514404,54.29999923706055,7.260000228881836,4.550000190734863,18.21999931335449,9.489999771118164,29.15999984741211
2025-07-28,70.87,31.6200008392334,7.269999980926514,55.84999847412109,7.28000020980835,4.590000152587891,18.0,9.609999656677246,30.440000534057617
2025-07-29,73.21,31.299999237060547,7.119999885559082,55.25,7.380000114440918,4.510000228881836,18.100000381469727,9.5,30.5
2025-07-30,73.98,31.36000061035156,7.159999847412109,55.29999923706055,7.599999904632568,4.559999942779541,18.290000915527344,9.579999923706056,30.559999465942383
2025-07-31,73.43,31.0,7.119999885559082,54.650001525878906,7.630000114440918,4.570000171661377,17.899999618530273,9.619999885559082,30.5
2025-08-04,69.56,30.540000915527344,7.010000228881836,54.75,7.239999771118164,4.599999904632568,17.93000030517578,9.34000015258789,30.040000915527344
2025-08-05,69.14,31.479999542236328,7.239999771118164,56.45000076293945,7.289999961853027,4.769999980926514,18.450000762939453,9.520000457763672,31.34000015258789
2025-08-06,67.97,32.08000183105469,7.360000133514404,57.650001525878906,7.360000133514404,4.949999809265137,18.71999931335449,9.84000015258789,32.08000183105469
2025-08-07,66.99,31.700000762939453,7.309999942779541,57.95000076293945,7.25,4.889999866485596,18.40999984741211,9.800000190734863,32.15999984741211
2025-08-11,67.36,31.239999771118164,7.25,57.0,7.190000057220459,4.71999979019165,18.239999771118164,9.5,31.81999969482422
2025-08-12,66.8,32.060001373291016,7.110000133514404,56.75,7.170000076293945,4.699999809265137,18.049999237060547,9.65999984741211,31.63999938964844
2025-08-13,66.25,32.439998626708984,7.039999961853027,57.400001525878906,7.050000190734863,4.659999847412109,17.700000762939453,9.75,31.420000076293945
2025-08-14,68.12,32.68000030517578,7.119999885559082,57.29999923706055,7.099999904632568,4.849999904632568,17.799999237060547,10.149999618530272,31.979999542236328
2025-08-18,68.18,33.220001220703125,7.670000076293945,59.20000076293945,7.130000114440918,5.019999980926514,18.8799991607666,10.25,32.2400016784668
2025-08-19,66.62,32.84000015258789,7.519999980926514,59.04999923706055,7.110000133514404,5.0,18.770000457763672,10.149999618530272,32.099998474121094
2025-08-20,67.61,33.400001525878906,7.519999980926514,57.5,7.090000152587891,5.03000020980835,19.0,10.199999809265137,32.380001068115234
2025-08-21,68.41,34.959999084472656,7.599999904632568,61.900001525878906,7.0,5.239999771118164,20.01000022888184,10.579999923706056,33.70000076293945
2025-08-26,66.89,35.47999954223633,7.599999904632568,61.70000076293945,7.0,5.159999847412109,20.059999465942383,11.029999732971191,33.220001220703125
2025-08-27,67.75,35.2599983215332,7.53000020980835,61.45000076293945,6.889999866485596,5.289999961853027,20.26000022888184,10.960000038146973,33.29999923706055
2025-08-28,68.61,35.0,7.389999866485596,61.0,6.849999904632568,5.119999885559082,20.149999618530277,10.899999618530272,32.86000061035156
2025-09-01,67.09,35.20000076293945,6.610000133514404,60.25,6.590000152587891,4.949999809265137,19.34000015258789,10.6899995803833,32.29999923706055
2025-09-02,68.09,34.2599983215332,6.480000019073486,59.75,6.570000171661377,4.860000133514404,19.09000015258789,10.609999656677246,32.119998931884766
2025-09-03,67.76,34.58000183105469,6.650000095367432,60.45000076293945,6.559999942779541,4.920000076293945,18.920000076293945,10.670000076293944,32.52000045776367
2025-09-04,66.41,34.13999938964844,6.610000133514404,59.75,6.550000190734863,4.900000095367432,18.780000686645508,10.670000076293944,32.08000183105469
2025-09-08,65.44,33.380001068115234,6.53000020980835,59.150001525878906,6.409999847412109,4.849999904632568,18.11000061035156,10.449999809265137,31.979999542236328
2025-09-09,67.97,33.2400016784668,6.599999904632568,59.20000076293945,6.440000057220459,4.849999904632568,18.200000762939453,10.479999542236328,31.86000061035156
2025-09-10,67.62,33.279998779296875,6.659999847412109,59.5,6.389999866485596,4.809999942779541,17.969999313354492,10.229999542236328,32.400001525878906
2025-09-11,67.25,32.65999984741211,6.739999771118164,59.0,6.309999942779541,4.880000114440918,17.829999923706055,10.140000343322754,32.540000915527344
2025-09-15,67.88,31.71999931335449,6.699999809265137,58.84999847412109,6.139999866485596,4.869999885559082,17.700000762939453,10.550000190734863,32.47999954223633
2025-09-16,69.69,32.31999969482422,6.820000171661377,59.20000076293945,6.269999980926514,5.039999961853027,17.93000030517578,10.68000030517578,32.70000076293945
2025-09-17,69.19,32.70000076293945,6.929999828338623,59.5,6.449999809265137,5.019999980926514,17.950000762939453,10.699999809265137,32.91999816894531
2025-09-18,67.83,32.86000061035156,6.900000095367432,60.70000076293945,6.599999904632568,5.21999979019165,18.26000022888184,10.970000267028809,33.68000030517578
2025-09-22,66.87,33.619998931884766,7.039999961853027,61.29999923706055,6.760000228881836,5.210000038146973,18.38999938964844,11.220000267028809,33.900001525878906
2025-09-24,69.64,35.0,7.03000020980835,62.79999923706055,7.099999904632568,5.420000076293945,20.21999931335449,11.369999885559082,35.619998931884766
2025-09-25,70.48,35.0,7.03000020980835,62.79999923706055,7.099999904632568,5.420000076293945,20.21999931335449,11.369999885559082,35.619998931884766
2025-09-29,69.0,34.15999984741211,6.920000076293945,61.75,7.289999961853027,5.329999923706055,20.0,11.130000114440918,33.86000061035156
2025-09-30,68.52,35.459999084472656,7.380000114440918,61.54999923706055,7.25,5.650000095367432,20.399999618530277,11.210000038146973,34.939998626708984
2025-10-01,66.67,35.459999084472656,7.380000114440918,61.54999923706055,7.25,5.650000095367432,20.399999618530277,11.210000038146973,34.939998626708984
2025-10-02,65.44,35.18000030517578,7.809999942779541,61.54999923706055,7.429999828338623,6.079999923706055,20.700000762939453,11.600000381469728,34.7599983215332
2025-10-06,67.09,36.41999816894531,7.800000190734863,62.29999923706055,7.409999847412109,6.179999828338623,20.59000015258789,11.81999969482422,35.08000183105469
2025-10-07,67.1,35.91999816894531,7.71999979019165,61.5,7.300000190734863,6.03000020980835,20.100000381469727,11.84000015258789,34.619998931884766
2025-10-08,67.42,35.97999954223633,7.699999809265137,60.79999923706055,7.179999828338623,5.920000076293945,19.93000030517578,11.619999885559082,34.2400016784668
2025-10-09,67.23,35.5,7.889999866485596,60.900001525878906,7.199999809265137,6.03000020980835,20.01000022888184,11.68000030517578,34.31999969482422
2025-10-13,64.15,34.84000015258789,8.229999542236328,60.650001525878906,7.260000228881836,5.989999771118164,20.049999237060547,11.59000015258789,34.13999938964844
2025-10-14,63.0,35.13999938964844,8.59000015258789,60.84999847412109,7.199999809265137,6.019999980926514,19.86000061035156,11.399999618530272,34.47999954223633
2025-10-15,62.33,35.619998931884766,9.3100004196167,61.0,7.170000076293945,6.28000020980835,20.200000762939453,11.539999961853027,35.0
2025-10-16,61.08,36.58000183105469,9.050000190734863,61.75,7.389999866485596,6.170000076293945,19.899999618530277,11.539999961853027,34.84000015258789
2025-10-20,60.71,36.560001373291016,9.229999542236328,61.04999923706055,7.239999771118164,6.059999942779541,19.68000030517578,11.579999923706056,34.79999923706055
2025-10-21,61.0,36.619998931884766,9.079999923706056,60.84999847412109,7.179999828338623,6.0,19.059999465942383,11.5,34.65999984741211
2025-10-22,62.28,36.08000183105469,8.850000381469727,60.0,7.28000020980835,5.829999923706055,18.420000076293945,11.25,34.040000915527344
2025-10-23,66.32,35.86000061035156,9.09000015258789,60.34999847412109,7.590000152587891,5.789999961853027,18.739999771118164,11.300000190734863,34.220001220703125
2025-10-27,65.52,37.27999877929688,9.140000343322754,60.5,7.579999923706055,6.130000114440918,18.799999237060547,11.4399995803833,33.5
2025-10-28,64.03,37.27999877929688,9.100000381469728,60.5,7.360000133514404,5.960000038146973,18.8700008392334,11.5,34.20000076293945
2025-10-29,65.01,38.36000061035156,8.949999809265137,61.0,7.380000114440918,5.940000057220459,19.07999992370605,11.520000457763672,34.58000183105469
2025-10-30,65.11,37.79999923706055,8.989999771118164,61.04999923706055,7.380000114440918,5.900000095367432,18.899999618530277,11.5600004196167,34.5
2025-11-03,65.79,37.7599983215332,8.600000381469727,58.70000076293945,7.730000019073486,5.610000133514404,18.6299991607666,11.4399995803833,33.060001373291016
2025-11-04,65.04,37.70000076293945,8.609999656677246,58.75,7.909999847412109,5.710000038146973,18.65999984741211,11.420000076293944,32.36000061035156
2025-11-05,63.54,37.09999847412109,8.630000114440918,58.29999923706055,7.659999847412109,5.590000152587891,18.200000762939453,11.25,32.0
2025-11-06,63.41,37.18000030517578,8.600000381469727,58.0,7.769999980926514,5.610000133514404,18.149999618530277,11.289999961853027,31.81999969482422
2025-11-10,63.01,36.400001525878906,8.6899995803833,57.75,7.739999771118164,5.699999809265137,18.149999618530277,10.649999618530272,31.940000534057617
2025-11-11,63.86,36.880001068115234,8.75,57.59999847412109,7.650000095367432,5.699999809265137,18.100000381469727,10.899999618530272,31.940000534057617
2025-11-12,61.88,36.619998931884766,8.630000114440918,57.79999923706055,7.769999980926514,5.670000076293945,17.93000030517578,11.220000267028809,31.84000015258789
2025-11-13,62.14,36.41999816894531,8.949999809265137,56.900001525878906,7.590000152587891,5.670000076293945,17.860000610351562,11.15999984741211,31.65999984741211
2025-11-17,63.16,34.5,8.520000457763672,56.70000076293945,7.309999942779541,5.5,17.200000762939453,10.649999618530272,31.020000457763672
2025-11-18,64.86,34.880001068115234,8.25,57.400001525878906,7.340000152587891,5.570000171661377,17.360000610351562,10.65999984741211,31.34000015258789
2025-11-19,63.78,33.439998626708984,8.300000190734863,56.75,7.28000020980835,5.590000152587891,17.219999313354492,10.600000381469728,31.239999771118164
2025-11-20,63.64,33.20000076293945,8.239999771118164,56.54999923706055,7.340000152587891,5.53000020980835,17.209999084472656,10.520000457763672,31.0
2025-11-24,64.83,32.70000076293945,7.989999771118164,55.75,7.230000019073486,5.420000076293945,16.84000015258789,10.5,31.21999931335449
2025-11-25,63.99,32.18000030517578,7.75,55.5,7.079999923706055,5.260000228881836,16.579999923706055,10.109999656677246,30.440000534057617
2025-11-26,64.81,32.0,7.71999979019165,55.75,7.039999961853027,5.139999866485596,16.979999542236328,10.010000228881836,30.68000030517578
2025-11-27,64.18,31.68000030517578,7.610000133514404,55.150001525878906,7.03000020980835,5.179999828338623,16.799999237060547,9.989999771118164,30.459999084472656
2025-12-01,64.22,30.76000022888184,7.239999771118164,54.650001525878906,7.039999961853027,5.170000076293945,16.770000457763672,9.75,30.399999618530277
2025-12-02,63.37,31.100000381469727,7.050000190734863,54.5,7.03000020980835,5.119999885559082,16.209999084472656,9.710000038146973,30.420000076293945
2025-12-03,63.75,31.200000762939453,7.119999885559082,54.95000076293945,7.010000228881836,5.260000228881836,16.049999237060547,9.770000457763672,30.520000457763672
2025-12-04,64.15,30.86000061035156,7.25,54.95000076293945,7.139999866485596,5.25,15.90999984741211,9.649999618530272,30.420000076293945
2025-12-08,63.3,30.420000076293945,7.309999942779541,55.0,6.980000019073486,5.139999866485596,15.75,9.5,30.0
2025-12-09,62.62,30.020000457763672,7.550000190734863,54.5,6.989999771118164,5.170000076293945,16.09000015258789,9.520000457763672,30.020000457763672
2025-12-10,63.12,29.68000030517578,7.53000020980835,54.400001525878906,6.889999866485596,5.119999885559082,16.049999237060547,9.68000030517578,29.68000030517578
2025-12-11,61.87,29.959999084472656,7.449999809265137,54.650001525878906,6.730000019073486,5.110000133514404,16.0,9.880000114440918,29.76000022888184
2025-12-15,61.55,29.459999084472656,7.349999904632568,53.29999923706055,6.480000019073486,4.980000019073486,15.920000076293944,9.920000076293944,29.18000030517578
2025-12-16,59.93,29.1200008392334,7.0,52.59999847412109,6.400000095367432,4.840000152587891,15.729999542236328,9.6899995803833,28.86000061035156
2025-12-17,60.61,28.739999771118164,6.889999866485596,52.400001525878906,6.449999809265137,4.949999809265137,15.770000457763672,9.600000381469728,28.3799991607666
2025-12-18,60.69,28.86000061035156,6.940000057220459,52.75,6.5,4.829999923706055,15.630000114440918,9.420000076293944,28.15999984741211
2025-12-22,62.22,29.479999542236328,7.070000171661377,52.400001525878906,6.340000152587891,4.900000095367432,15.279999732971191,9.5,27.899999618530277
2025-12-23,63.7,29.799999237060547,7.050000190734863,52.79999923706055,6.409999847412109,4.909999847412109,15.239999771118164,9.529999732971191,27.799999237060547
2025-12-24,63.7,29.600000381469727,6.949999809265137,52.45000076293945,6.289999961853027,4.730000019073486,15.220000267028809,9.470000267028809,27.540000915527344
2025-12-29,63.1,29.420000076293945,6.78000020980835,51.95000076293945,6.340000152587891,4.739999771118164,15.210000038146973,9.18000030517578,27.21999931335449
2025-12-30,62.3,28.299999237060547,6.710000038146973,51.20000076293945,6.21999979019165,4.650000095367432,14.760000228881836,8.930000305175781,26.979999542236328
2025-12-31,61.35,29.13999938964844,6.840000152587891,51.29999923706055,6.409999847412109,4.730000019073486,15.0,9.220000267028809,27.479999542236328
2026-01-05,63.0,28.6200008392334,6.619999885559082,49.959999084472656,6.440000057220459,4.53000020980835,14.8100004196167,8.949999809265137,27.0
2026-01-06,62.1,27.86000061035156,6.650000095367432,49.7400016784668,6.460000038146973,4.5,14.770000457763672,8.869999885559082,26.65999984741211
2026-01-07,61.08,28.020000457763672,6.610000133514404,50.650001525878906,6.570000171661377,4.630000114440918,14.989999771118164,9.100000381469728,26.739999771118164
2026-01-08,63.34,27.399999618530277,6.460000038146973,50.900001525878906,6.460000038146973,4.570000171661377,14.699999809265137,8.9399995803833,26.459999084472656
2026-01-12,65.4,27.799999237060547,6.829999923706055,54.95000076293945,6.75,4.860000133514404,15.100000381469728,9.119999885559082,27.959999084472656
2026-01-13,67.58,27.65999984741211,6.789999961853027,55.0,7.010000228881836,4.829999923706055,15.369999885559082,9.18000030517578,27.920000076293945
2026-01-14,68.87,27.739999771118164,6.760000228881836,55.54999923706055,7.190000057220459,4.78000020980835,15.199999809265137,9.149999618530272,27.559999465942383
2026-01-15,66.16,27.0,6.670000076293945,55.34999847412109,7.079999923706055,4.670000076293945,14.989999771118164,9.020000457763672,27.280000686645508
2026-01-19,66.91,26.8799991607666,6.570000171661377,54.54999923706055,7.159999847412109,4.75,14.9399995803833,9.039999961853027,26.959999084472656
2026-01-20,67.68,26.34000015258789,6.460000038146973,53.45000076293945,7.110000133514404,4.630000114440918,15.050000190734863,9.0,26.239999771118164
2026-01-21,66.72,26.200000762939453,6.550000190734863,54.79999923706055,7.139999866485596,4.630000114440918,14.9399995803833,8.949999809265137,26.3799991607666
2026-01-22,65.46,26.559999465942383,6.570000171661377,56.04999923706055,7.130000114440918,4.690000057220459,15.119999885559082,9.050000190734863,26.57999992370605
2026-01-26,67.7,26.57999992370605,6.619999885559082,56.0,7.449999809265137,4.739999771118164,15.039999961853027,9.399999618530272,27.0
2026-01-27,70.28,26.799999237060547,6.760000228881836,57.54999923706055,7.670000076293945,4.909999847412109,15.399999618530272,9.460000038146973,27.100000381469727
2026-01-28,70.9,26.520000457763672,6.889999866485596,57.400001525878906,7.650000095367432,4.909999847412109,15.4399995803833,9.529999732971191,27.07999992370605
2026-01-29,71.0,25.979999542236328,7.130000114440918,56.84999847412109,7.659999847412109,4.900000095367432,15.31999969482422,9.31999969482422,27.0
2026-02-02,67.72,25.399999618530277,6.929999828338623,54.84999847412109,7.710000038146973,4.769999980926514,14.960000038146973,9.170000076293944,26.739999771118164
2026-02-03,70.01,25.5,7.079999923706055,55.34999847412109,8.329999923706055,4.730000019073486,14.829999923706056,9.109999656677246,26.76000022888184
2026-02-04,71.15,25.399999618530277,6.940000057220459,55.84999847412109,8.359999656677246,4.710000038146973,14.869999885559082,9.0600004196167,27.059999465942383
2026-02-05,69.87,24.5,6.96999979019165,55.5,8.279999732971191,4.619999885559082,14.510000228881836,8.84000015258789,26.520000457763672
2026-02-09,71.19,25.81999969482422,6.869999885559082,55.59999847412109,8.449999809265137,4.610000133514404,14.56999969482422,8.90999984741211,26.920000076293945
2026-02-10,71.01,25.600000381469727,7.059999942779541,57.04999923706055,8.329999923706055,4.789999961853027,15.020000457763672,9.0,27.57999992370605
2026-02-11,71.52,24.989999771118164,7.139999866485596,56.5,8.15999984741211,4.820000171661377,14.729999542236328,8.9399995803833,27.479999542236328
2026-02-12,69.8,25.399999618530277,7.550000190734863,58.0,8.140000343322754,5.300000190734863,15.25,9.25,28.07999992370605
2026-02-16,70.81,26.5,7.380000114440918,57.29999923706055,8.140000343322754,5.75,15.390000343322754,9.1899995803833,28.799999237060547
2026-02-17,69.77,25.65999984741211,7.25,57.04999923706055,8.029999732971191,5.579999923706055,15.239999771118164,9.06999969482422,28.600000381469727
2026-02-18,71.78,25.440000534057617,7.130000114440918,56.75,8.229999542236328,5.599999904632568,15.170000076293944,9.039999961853027,27.200000762939453
2026-02-19,73.17,24.649999618530277,6.889999866485596,55.400001525878906,7.980000019073486,5.369999885559082,14.56999969482422,8.84000015258789,26.399999618530277
2026-02-23,71.9,24.479999542236328,6.809999942779541,56.04999923706055,7.800000190734863,5.179999828338623,14.109999656677246,8.619999885559082,26.200000762939453
2026-02-24,71.21,23.489999771118164,6.909999847412109,55.400001525878906,7.559999942779541,5.130000114440918,14.109999656677246,8.550000190734863,26.280000686645508
2026-02-25,70.69,23.31999969482422,6.880000114440918,54.79999923706055,7.5,4.880000114440918,14.039999961853027,8.319999694824219,25.71999931335449
2026-02-26,71.66,23.65999984741211,7.28000020980835,54.20000076293945,7.369999885559082,4.809999942779541,13.869999885559082,8.390000343322754,25.200000762939453
2026-03-02,77.24,22.21999931335449,7.03000020980835,52.20000076293945,7.079999923706055,4.550000190734863,13.420000076293944,8.210000038146973,24.450000762939453
2026-03-03,83.28,22.399999618530277,7.150000095367432,54.400001525878906,7.139999866485596,4.699999809265137,13.9399995803833,8.449999809265137,26.8799991607666
2026-03-04,81.56,23.280000686645508,7.320000171661377,53.95000076293945,7.789999961853027,4.829999923706055,14.829999923706056,8.5600004196167,28.600000381469727
2026-03-05,88.59,22.6200008392334,7.789999961853027,55.29999923706055,7.550000190734863,4.900000095367432,14.510000228881836,8.649999618530273,28.3799991607666
2026-03-09,94.35,23.65999984741211,9.40999984741211,58.900001525878906,7.179999828338623,5.210000038146973,15.270000457763672,9.029999732971191,33.02000045776367
2026-03-10,89.84,22.600000381469727,8.710000038146973,56.70000076293945,7.139999866485596,4.960000038146973,14.56999969482422,8.880000114440918,31.600000381469727
2026-03-11,90.98,22.280000686645508,8.84000015258789,57.5,6.900000095367432,4.949999809265137,14.529999732971191,8.8100004196167,31.920000076293945
2026-03-12,102.38,22.739999771118164,8.460000038146973,57.84999847412109,6.949999809265137,4.920000076293945,15.0,8.84000015258789,32.0
2026-03-16,101.04,22.420000076293945,8.619999885559082,57.09999847412109,7.340000152587891,4.940000057220459,15.510000228881836,8.789999961853027,32.119998931884766
2026-03-24,108.42,22.0,9.0600004196167,57.0,7.409999847412109,4.920000076293945,15.0600004196167,8.59000015258789,32.959999084472656
2026-03-25,109.14,22.270000457763672,9.239999771118164,58.0,7.429999828338623,5.079999923706055,15.239999771118164,8.6899995803833,32.040000915527344
2026-03-26,113.39,23.290000915527344,9.739999771118164,58.95000076293945,7.449999809265137,5.130000114440918,15.270000457763672,8.829999923706055,34.36000061035156
2026-03-30,121.88,24.13999938964844,9.84000015258789,58.400001525878906,7.519999980926514,5.21999979019165,15.65999984741211,8.899999618530273,34.63999938964844
2026-03-31,126.69,25.26000022888184,10.529999732971191,60.29999923706055,8.100000381469727,5.590000152587891,16.18000030517578,9.220000267028809,35.68000030517578
2026-04-01,119.56,25.26000022888184,10.350000381469728,59.54999923706055,7.909999847412109,5.369999885559082,16.0,9.010000228881836,34.439998626708984
2026-04-02,127.61,24.950000762939453,10.800000190734863,59.54999923706055,7.710000038146973,5.369999885559082,15.960000038146973,9.09000015258789,35.900001525878906
2026-04-07,138.21,25.700000762939453,10.789999961853027,59.34999847412109,7.480000019073486,5.079999923706055,15.84000015258789,9.40999984741211,35.70000076293945
2026-04-08,122.11,27.239999771118164,10.119999885559082,59.25,8.199999809265137,5.179999828338623,16.600000381469727,9.800000190734863,33.79999923706055
2026-04-09,119.03,27.299999237060547,10.550000190734863,60.04999923706055,8.039999961853027,5.25,16.649999618530273,9.93000030517578,34.0
2026-04-13,123.28,28.13999938964844,10.890000343322754,59.79999923706055,8.0,5.25,16.469999313354492,10.18000030517578,34.79999923706055
2026-04-14,118.69,28.26000022888184,10.640000343322754,61.0,8.09000015258789,5.269999980926514,16.549999237060547,10.420000076293944,34.86000061035156
2026-04-15,114.93,28.07999992370605,10.899999618530272,60.95000076293945,8.140000343322754,5.380000114440918,16.420000076293945,10.43000030517578,35.20000076293945
2026-04-16,116.63,28.0,10.949999809265137,60.20000076293945,8.420000076293945,5.420000076293945,16.540000915527344,10.369999885559082,35.380001068115234
2026-04-20,103.4,28.13999938964844,10.729999542236328,58.75,8.149999618530273,5.21999979019165,16.15999984741211,10.699999809265137,34.900001525878906
2026-04-21,106.14,28.13999938964844,10.600000381469728,58.34999847412109,8.229999542236328,5.179999828338623,15.84000015258789,10.729999542236328,34.040000915527344
2026-04-22,113.44,26.979999542236328,10.760000228881836,58.0,8.130000114440918,5.119999885559082,15.470000267028809,10.399999618530272,33.619998931884766
2026-04-23,113.25,25.13999938964844,11.5,57.29999923706055,8.069999694824219,5.119999885559082,15.09000015258789,9.90999984741211,33.0
2026-04-27,113.89,26.280000686645508,13.90999984741211,61.20000076293945,8.140000343322754,5.849999904632568,16.0,10.350000381469728,38.0
2026-04-28,117.62,26.479999542236328,14.56999969482422,60.84999847412109,8.640000343322754,5.800000190734863,15.8100004196167,10.199999809265137,37.0
2026-04-29,124.16,26.68000030517578,14.850000381469728,61.150001525878906,8.539999961853027,5.920000076293945,15.949999809265137,10.279999732971191,36.560001373291016
2026-04-30,124.24,27.68000030517578,14.829999923706056,61.25,8.380000114440918,5.989999771118164,16.049999237060547,10.460000038146973,36.7400016784668
2026-05-05,114.51,27.479999542236328,14.600000381469728,60.79999923706055,8.130000114440918,6.050000190734863,16.010000228881836,10.15999984741211,36.43999862670898
2026-05-06,103.7,26.899999618530277,13.539999961853027,59.29999923706055,8.15999984741211,5.769999980926514,15.640000343322754,9.75,34.81999969482422
2026-05-07,101.82,27.21999931335449,14.0,59.59999847412109,8.109999656677246,5.760000228881836,15.68000030517578,9.779999732971191,34.20000076293945
2026-05-11,106.11,27.57999992370605,14.760000228881836,60.20000076293945,8.539999961853027,5.940000057220459,15.899999618530272,10.100000381469728,34.41999816894531
2026-05-12,111.37,27.280000686645508,15.300000190734863,61.25,8.300000190734863,5.929999828338623,15.640000343322754,10.039999961853027,35.02000045776367
2026-05-13,110.28,27.13999938964844,16.0,61.54999923706055,8.319999694824219,6.0,15.479999542236328,10.0600004196167,35.31999969482422
2026-05-14,110.91,27.059999465942383,15.989999771118164,60.900001525878906,8.300000190734863,5.960000038146973,15.260000228881836,9.93000030517578,34.939998626708984
2026-05-18,116.73,26.63999938964844,16.149999618530273,59.0,8.529999732971191,5.869999885559082,14.899999618530272,9.899999618530272,34.5
2026-05-19,114.64,26.780000686645508,16.170000076293945,58.70000076293945,8.609999656677246,5.920000076293945,14.81999969482422,9.93000030517578,34.279998779296875
2026-05-20,108.93,26.5,16.18000030517578,58.09999847412109,8.460000038146973,5.809999942779541,14.8100004196167,9.829999923706056,34.0
2026-05-21,105.84,26.5,15.970000267028809,57.20000076293945,8.449999809265137,5.800000190734863,14.800000190734863,9.899999618530272,34.040000915527344
2026-05-26,102.75,26.5,15.970000267028809,57.20000076293945,8.449999809265137,5.800000190734863,14.800000190734863,9.899999618530272,34.040000915527344
2026-05-27,97.11,26.5,15.970000267028809,57.20000076293945,8.449999809265137,5.800000190734863,14.800000190734863,9.899999618530272,34.040000915527344
2026-05-28,95.47,26.5,15.970000267028809,57.20000076293945,8.449999809265137,5.800000190734863,14.800000190734863,9.899999618530272,34.040000915527344
2026-06-01,98.29,25.700000762939453,15.279999732971191,55.70000076293945,8.75,5.769999980926514,14.460000038146973,9.9399995803833,32.560001373291016
2026-06-02,98.49,26.100000381469727,15.399999618530272,56.95000076293945,8.779999732971191,5.96999979019165,14.5600004196167,10.0,32.97999954223633
2026-06-03,101.69,26.100000381469727,15.789999961853027,56.25,8.680000305175781,5.840000152587891,14.579999923706056,9.90999984741211,32.52000045776367
2026-06-04,98.98,25.86000061035156,15.029999732971191,55.95000076293945,8.65999984741211,5.820000171661377,14.329999923706056,9.850000381469728,31.799999237060547
2026-06-08,97.46,25.420000076293945,15.199999809265137,55.900001525878906,8.579999923706055,5.679999828338623,14.3100004196167,9.760000228881836,31.959999084472656
2026-06-09,94.15,25.100000381469727,14.300000190734863,56.29999923706055,8.470000267028809,5.610000133514404,14.1899995803833,9.720000267028809,31.68000030517578
2026-06-10,95.73,24.71999931335449,14.350000381469728,55.20000076293945,8.489999771118164,5.590000152587891,14.1899995803833,9.850000381469728,30.540000915527344
2026-06-11,92.84,25.399999618530277,13.9399995803833,55.29999923706055,8.5,5.570000171661377,14.050000190734863,9.75,31.100000381469727
2026-06-15,84.36,26.84000015258789,13.220000267028809,55.5,8.5600004196167,5.610000133514404,14.270000457763672,9.90999984741211,30.479999542236328
2026-06-16,80.5,26.18000030517578,13.25,55.59999847412109,8.470000267028809,5.510000228881836,14.220000267028809,9.869999885559082,30.15999984741211
2026-06-17,80.33,26.26000022888184,12.699999809265137,54.95000076293945,8.430000305175781,5.480000019073486,13.970000267028809,9.729999542236328,29.65999984741211
2026-06-18,79.35,26.0,12.399999618530272,54.20000076293945,8.350000381469727,5.440000057220459,14.0,9.479999542236328,29.5
2026-06-22,76.49,25.700000762939453,12.199999809265137,54.09999847412109,8.239999771118164,5.289999961853027,13.880000114440918,9.40999984741211,29.8799991607666
